Order_ID,Order_Date,Year,Month,Quarter,Country,City,Product,Fuel_Type,Customer_Segment,Sales_Channel,Dealer,Salesperson,Quantity,Unit_Price,Gross_Sales,Discount_Pct,Discount_Amount,Sales,Cost,Profit,Profit_Margin_Pct,Tax_Rate_Pct,Tax,Shipping_Cost,Returns,Customer_Rating,Delivery_Days,Payment_Method
ORD202600001,2026-01-01 00:00:00.000000000,2026,1,Q1,UK,Toronto,Motorcycles,Petrol,Corporate,Direct Sales,Prime Motors,Rahul,9,24480.75,220326.76,5.1,11236.66,209090.1,182641.63,26448.46,12.65,18.0,37636.22,6067.81,0,4.4,2,UPI
ORD202600002,2026-01-01 07:17:09.858215179,2026,1,Q1,Spain,Copenhagen,Planes,Diesel,Corporate,Dealer,Global Auto,Sneha,2,142447.13,284894.25,0.4,1139.58,283754.68,208947.19,74807.49,26.36,18.0,51075.84,14243.94,1,4.1,4,Credit Card
ORD202600003,2026-01-01 14:34:19.716430358,2026,1,Q1,India,Berlin,Trains,Petrol,Corporate,Dealer,Speed Wheels,Sofia,11,73701.03,810711.35,6.2,50264.1,760447.25,653577.31,106869.94,14.05,10.0,76044.72,13888.95,0,3.5,5,Bank Transfer
ORD202600004,2026-01-01 21:51:29.574645537,2026,1,Q1,Switzerland,London,Motorcycles,Petrol,Retail,Online,City Motors,Rahul,13,22766.81,295968.49,2.6,7695.18,288273.31,198171.07,90102.25,31.26,12.0,34592.8,13973.16,0,4.5,2,Bank Transfer
ORD202600005,2026-01-02 05:08:39.432860717,2026,1,Q1,Germany,Berlin,Classic Cars,Hybrid,Fleet,Online,Elite Cars,Meera,13,80878.09,1051415.12,9.1,95678.78,955736.34,728880.87,226855.47,23.74,5.0,47786.82,31250.76,0,4.2,3,UPI
ORD202600006,2026-01-02 12:25:49.291075896,2026,1,Q1,Philippines,Brussels,Trucks and Buses,Petrol,Retail,Direct Sales,City Motors,Karthik,1,53314.01,53314.01,5.8,3092.21,50221.79,34702.15,15519.64,30.9,18.0,9039.92,2260.54,0,3.8,15,Cash
ORD202600007,2026-01-02 19:42:59.149291075,2026,1,Q1,Japan,Helsinki,Vintage Cars,Petrol,Retail,Online,Prime Motors,Meera,3,58348.55,175045.64,10.7,18729.88,156315.76,119090.24,37225.52,23.81,8.0,12505.26,6813.03,0,3.6,9,Bank Transfer
ORD202600008,2026-01-03 03:00:09.007506255,2026,1,Q1,USA,Mumbai,Vintage Cars,Petrol,Corporate,Online,Elite Cars,Priya,14,75966.24,1063527.32,4.0,42541.09,1020986.23,724182.22,296804.01,29.07,18.0,183777.52,17816.96,0,2.5,2,Finance
ORD202600009,2026-01-03 10:17:18.865721434,2026,1,Q1,Finland,Mumbai,Trains,Diesel,Corporate,Dealer,Speed Wheels,Daniel,3,39694.7,119084.11,8.8,10479.4,108604.71,78786.02,29818.68,27.46,18.0,19548.85,3631.13,0,4.2,10,Finance
ORD202600010,2026-01-03 17:34:28.723936613,2026,1,Q1,Singapore,Berlin,Classic Cars,Hybrid,Retail,Online,Elite Cars,Rahul,4,50115.03,200460.12,1.6,3207.36,197252.75,167860.65,29392.11,14.9,12.0,23670.33,9092.86,1,4.5,12,Cash
ORD202600011,2026-01-04 00:51:38.582151793,2026,1,Q1,Austria,London,Vintage Cars,Electric,Retail,Online,Global Auto,Daniel,6,39924.68,239548.07,1.4,3353.67,236194.4,207288.25,28906.15,12.24,10.0,23619.44,8391.66,0,4.0,8,Cash
ORD202600012,2026-01-04 08:08:48.440366972,2026,1,Q1,Italy,Paris,Motorcycles,Electric,Government,Direct Sales,AutoMax,Rahul,6,18841.35,113048.13,10.5,11870.05,101178.07,85247.41,15930.67,15.75,12.0,12141.37,2842.51,1,4.4,6,Cash
ORD202600013,2026-01-04 15:25:58.298582151,2026,1,Q1,Canada,Rome,Classic Cars,Hybrid,Retail,Dealer,City Motors,Vikram,14,62793.58,879110.06,16.6,145932.27,733177.79,540175.17,193002.62,26.32,12.0,87981.33,35530.35,1,4.3,9,UPI
ORD202600014,2026-01-04 22:43:08.156797331,2026,1,Q1,India,Paris,Classic Cars,Petrol,Retail,Direct Sales,City Motors,Karthik,14,71281.91,997946.73,17.5,174640.68,823306.05,680561.27,142744.79,17.34,18.0,148195.09,24503.02,0,3.8,12,Finance
ORD202600015,2026-01-05 06:00:18.015012510,2026,1,Q1,UK,Mumbai,Motorcycles,Hybrid,Retail,Direct Sales,Speed Wheels,Sneha,4,32640.91,130563.66,6.3,8225.51,122338.15,95681.39,26656.76,21.79,8.0,9787.05,6681.76,0,3.6,4,Credit Card
ORD202600016,2026-01-05 13:17:27.873227689,2026,1,Q1,Austria,Tokyo,Motorcycles,Petrol,Retail,Dealer,City Motors,Vikram,7,11898.73,83291.08,6.6,5497.21,77793.87,60968.85,16825.02,21.63,5.0,3889.69,3275.58,0,3.9,9,Credit Card
ORD202600017,2026-01-05 20:34:37.731442869,2026,1,Q1,Finland,Vienna,Classic Cars,Hybrid,Corporate,Distributor,AutoMax,Daniel,4,38138.23,152552.93,8.7,13272.1,139280.82,98658.05,40622.78,29.17,18.0,25070.55,5416.83,0,4.9,8,Cash
ORD202600018,2026-01-06 03:51:47.589658048,2026,1,Q1,USA,New York,Trucks and Buses,Hybrid,Retail,Direct Sales,City Motors,Meera,4,120385.93,481543.74,9.9,47672.83,433870.91,356706.4,77164.51,17.79,12.0,52064.51,23000.78,0,4.5,3,Cash
ORD202600019,2026-01-06 11:08:57.447873227,2026,1,Q1,Finland,Helsinki,Classic Cars,Electric,Fleet,Dealer,Prime Motors,Arun,11,43846.03,482306.29,11.9,57394.45,424911.84,305298.36,119613.47,28.15,12.0,50989.42,12647.04,0,3.8,7,UPI
ORD202600020,2026-01-06 18:26:07.306088407,2026,1,Q1,UK,Brussels,Ships,Electric,Retail,Online,City Motors,Vikram,11,133986.4,1473850.45,7.7,113486.48,1360363.97,1116316.19,244047.78,17.94,12.0,163243.68,54675.31,0,4.0,11,Finance
ORD202600021,2026-01-07 01:43:17.164303586,2026,1,Q1,Belgium,Helsinki,Classic Cars,Diesel,Government,Direct Sales,Prime Motors,Ananya,12,47171.21,566054.48,6.9,39057.76,526996.72,362713.29,164283.43,31.17,5.0,26349.84,24797.98,0,3.4,15,Cash
ORD202600022,2026-01-07 09:00:27.022518765,2026,1,Q1,Australia,Rome,Trucks and Buses,Diesel,Retail,Online,City Motors,Sneha,2,49221.24,98442.49,1.5,1476.64,96965.85,70659.98,26305.86,27.13,5.0,4848.29,4456.72,0,3.4,3,Cash
ORD202600023,2026-01-07 16:17:36.880733945,2026,1,Q1,Singapore,Sydney,Vintage Cars,Hybrid,Retail,Dealer,Global Auto,Sofia,14,39733.47,556268.59,12.3,68421.04,487847.55,341679.5,146168.05,29.96,10.0,48784.76,24900.87,0,4.7,9,Finance
ORD202600024,2026-01-07 23:34:46.738949124,2026,1,Q1,Spain,Vienna,Classic Cars,Diesel,Retail,Dealer,City Motors,Priya,7,71032.84,497229.91,16.2,80551.25,416678.66,304206.14,112472.53,26.99,10.0,41667.87,19903.92,1,3.6,5,UPI
ORD202600025,2026-01-08 06:51:56.597164303,2026,1,Q1,Spain,Manila,Ships,Electric,Retail,Distributor,AutoMax,Vikram,12,71286.95,855443.37,5.8,49615.72,805827.66,707873.42,97954.23,12.16,10.0,80582.77,40836.71,0,3.9,13,UPI
ORD202600026,2026-01-08 14:09:06.455379482,2026,1,Q1,India,Copenhagen,Vintage Cars,Petrol,Retail,Online,Elite Cars,Meera,14,53466.15,748526.11,14.7,110033.34,638492.77,515277.57,123215.2,19.3,10.0,63849.28,28531.83,0,3.9,7,UPI
ORD202600027,2026-01-08 21:26:16.313594662,2026,1,Q1,Belgium,Manila,Vintage Cars,Petrol,Retail,Dealer,Global Auto,Ananya,15,29912.54,448688.17,11.4,51150.45,397537.72,305427.36,92110.36,23.17,8.0,31803.02,13414.07,0,5.0,3,Credit Card
ORD202600028,2026-01-09 04:43:26.171809841,2026,1,Q1,Switzerland,Rome,Vintage Cars,Hybrid,Corporate,Distributor,Prime Motors,Arun,5,27690.61,138453.03,14.1,19521.88,118931.15,87540.88,31390.27,26.39,10.0,11893.11,6044.3,0,4.3,10,Cash
ORD202600029,2026-01-09 12:00:36.030025020,2026,1,Q1,Japan,Manila,Classic Cars,Hybrid,Government,Online,City Motors,Vikram,8,79192.93,633543.48,1.4,8869.61,624673.87,504425.43,120248.44,19.25,18.0,112441.3,14294.18,1,3.8,9,Cash
ORD202600030,2026-01-09 19:17:45.888240200,2026,1,Q1,Singapore,Vienna,Vintage Cars,Petrol,Retail,Distributor,Elite Cars,Arun,7,27923.53,195464.71,17.8,34792.72,160671.99,113585.71,47086.28,29.31,18.0,28920.96,5520.81,0,4.9,14,Bank Transfer
ORD202600031,2026-01-10 02:34:55.746455379,2026,1,Q1,Canada,Oslo,Classic Cars,Hybrid,Retail,Distributor,Speed Wheels,Ananya,6,58603.0,351618.0,14.3,50281.37,301336.63,244961.05,56375.58,18.71,18.0,54240.59,14695.4,0,5.0,13,Finance
ORD202600032,2026-01-10 09:52:05.604670558,2026,1,Q1,Germany,Sydney,Vintage Cars,Petrol,Retail,Direct Sales,Speed Wheels,Daniel,15,47503.78,712556.73,6.0,42753.4,669803.33,513015.69,156787.64,23.41,5.0,33490.17,27964.07,0,3.6,12,Bank Transfer
ORD202600033,2026-01-10 17:09:15.462885738,2026,1,Q1,Spain,Toronto,Trains,Petrol,Retail,Dealer,Elite Cars,Sneha,10,45105.63,451056.35,2.1,9472.18,441584.16,309853.96,131730.2,29.83,8.0,35326.73,7418.67,0,4.1,3,UPI
ORD202600034,2026-01-11 00:26:25.321100917,2026,1,Q1,Sweden,Copenhagen,Vintage Cars,Diesel,Retail,Online,Global Auto,Arun,9,38509.38,346584.44,13.2,45749.15,300835.29,206512.56,94322.73,31.35,18.0,54150.35,10576.64,0,3.9,7,Bank Transfer
ORD202600035,2026-01-11 07:43:35.179316096,2026,1,Q1,Canada,New York,Trains,Petrol,Fleet,Online,Speed Wheels,Sneha,12,59451.59,713419.04,16.8,119854.4,593564.64,435385.84,158178.8,26.65,12.0,71227.76,24675.52,0,4.0,6,Credit Card
ORD202600036,2026-01-11 15:00:45.037531276,2026,1,Q1,UK,Brussels,Ships,Electric,Fleet,Distributor,Elite Cars,Daniel,8,143305.51,1146444.04,15.1,173113.05,973330.99,727068.59,246262.4,25.3,8.0,77866.48,24354.87,0,4.9,14,Finance
ORD202600037,2026-01-11 22:17:54.895746455,2026,1,Q1,Canada,Madrid,Vintage Cars,Petrol,Fleet,Distributor,Prime Motors,Rahul,6,41818.73,250912.39,3.0,7527.37,243385.02,218106.14,25278.88,10.39,8.0,19470.8,11473.88,1,3.2,4,Bank Transfer
ORD202600038,2026-01-12 05:35:04.753961634,2026,1,Q1,Canada,Manila,Classic Cars,Hybrid,Retail,Direct Sales,Speed Wheels,Sneha,11,68088.51,748973.61,0.7,5242.82,743730.79,638917.94,104812.85,14.09,18.0,133871.54,28252.56,0,3.9,15,Cash
ORD202600039,2026-01-12 12:52:14.612176814,2026,1,Q1,USA,Madrid,Motorcycles,Petrol,Fleet,Distributor,Prime Motors,Priya,1,37751.23,37751.23,17.2,6493.21,31258.02,23526.2,7731.82,24.74,18.0,5626.44,1055.16,0,4.0,8,Bank Transfer
ORD202600040,2026-01-12 20:09:24.470391993,2026,1,Q1,Japan,Tokyo,Ships,Hybrid,Retail,Dealer,Speed Wheels,Sofia,3,114932.8,344798.41,15.6,53788.55,291009.86,211701.63,79308.23,27.25,18.0,52381.77,13546.0,1,3.8,10,Credit Card
ORD202600041,2026-01-13 03:26:34.328607172,2026,1,Q1,Italy,Copenhagen,Classic Cars,Petrol,Fleet,Direct Sales,Speed Wheels,Sofia,6,57496.79,344980.72,8.2,28288.42,316692.3,281271.05,35421.25,11.18,12.0,38003.08,8107.86,1,3.7,12,Finance
ORD202600042,2026-01-13 10:43:44.186822352,2026,1,Q1,Japan,Brussels,Vintage Cars,Petrol,Retail,Online,Speed Wheels,Daniel,7,64292.61,450048.3,16.8,75608.11,374440.19,322928.36,51511.83,13.76,8.0,29955.22,12520.92,0,5.0,10,Bank Transfer
ORD202600043,2026-01-13 18:00:54.045037531,2026,1,Q1,Belgium,Madrid,Classic Cars,Hybrid,Retail,Dealer,City Motors,Meera,13,47587.06,618631.8,14.0,86608.45,532023.34,422357.89,109665.45,20.61,10.0,53202.33,24707.12,0,4.0,4,Cash
ORD202600044,2026-01-14 01:18:03.903252710,2026,1,Q1,Norway,Toronto,Trucks and Buses,Petrol,Retail,Dealer,Global Auto,Karthik,1,38530.62,38530.62,12.9,4970.45,33560.17,23678.53,9881.64,29.44,18.0,6040.83,1152.45,1,4.0,3,Credit Card
ORD202600045,2026-01-14 08:35:13.761467890,2026,1,Q1,Japan,Berlin,Trucks and Buses,Petrol,Retail,Distributor,Elite Cars,Sofia,4,89165.19,356660.76,13.9,49575.85,307084.92,243509.6,63575.31,20.7,8.0,24566.79,16092.67,0,4.8,13,Cash
ORD202600046,2026-01-14 15:52:23.619683069,2026,1,Q1,Italy,Manila,Planes,Petrol,Corporate,Online,Global Auto,Rahul,13,141877.37,1844405.77,7.4,136486.03,1707919.75,1178052.11,529867.63,31.02,10.0,170791.97,69435.49,1,4.1,4,UPI
ORD202600047,2026-01-14 23:09:33.477898248,2026,1,Q1,Japan,Sydney,Trucks and Buses,Hybrid,Retail,Direct Sales,Speed Wheels,Priya,7,103693.1,725851.69,12.9,93634.87,632216.82,523319.44,108897.38,17.22,8.0,50577.35,18077.01,0,3.8,10,Credit Card
ORD202600048,2026-01-15 06:26:43.336113427,2026,1,Q1,Japan,Oslo,Vintage Cars,Petrol,Retail,Dealer,Prime Motors,Karthik,10,69847.89,698478.94,9.9,69149.42,629329.53,497708.03,131621.5,20.91,10.0,62932.95,10527.65,0,3.1,15,UPI
ORD202600049,2026-01-15 13:43:53.194328607,2026,1,Q1,Austria,Helsinki,Vintage Cars,Electric,Fleet,Online,Elite Cars,Sneha,1,30137.1,30137.1,8.0,2410.97,27726.13,22523.9,5202.24,18.76,10.0,2772.61,1355.6,0,4.6,13,UPI
ORD202600050,2026-01-15 21:01:03.052543786,2026,1,Q1,Singapore,Copenhagen,Vintage Cars,Diesel,Retail,Dealer,Prime Motors,Priya,15,28242.77,423641.54,15.0,63546.23,360095.31,259598.69,100496.62,27.91,10.0,36009.53,13296.89,1,4.7,2,Cash
ORD202600051,2026-01-16 04:18:12.910758965,2026,1,Q1,Singapore,Madrid,Vintage Cars,Petrol,Fleet,Dealer,Speed Wheels,Vikram,1,37956.83,37956.83,9.5,3605.9,34350.94,28761.09,5589.85,16.27,12.0,4122.11,531.05,0,4.7,14,Credit Card
ORD202600052,2026-01-16 11:35:22.768974145,2026,1,Q1,Sweden,Singapore,Motorcycles,Electric,Corporate,Online,Elite Cars,Meera,8,20888.29,167106.33,10.7,17880.38,149225.95,118515.33,30710.63,20.58,18.0,26860.67,3023.95,1,4.5,10,Bank Transfer
ORD202600053,2026-01-16 18:52:32.627189324,2026,1,Q1,UK,Manila,Classic Cars,Petrol,Retail,Online,AutoMax,Ananya,8,59415.19,475321.53,12.1,57513.9,417807.62,361070.43,56737.19,13.58,10.0,41780.76,12933.17,0,4.0,5,Bank Transfer
ORD202600054,2026-01-17 02:09:42.485404503,2026,1,Q1,Norway,Toronto,Motorcycles,Hybrid,Retail,Online,Speed Wheels,Karthik,6,16516.45,99098.72,13.5,13378.33,85720.39,63015.51,22704.88,26.49,12.0,10286.45,4610.1,0,4.8,5,Bank Transfer
ORD202600055,2026-01-17 09:26:52.343619683,2026,1,Q1,Japan,Helsinki,Trucks and Buses,Electric,Government,Distributor,Speed Wheels,Karthik,11,64650.06,711150.65,8.1,57603.2,653547.44,529778.79,123768.65,18.94,18.0,117638.54,23713.25,0,4.5,15,Cash
ORD202600056,2026-01-17 16:44:02.201834862,2026,1,Q1,Italy,Copenhagen,Classic Cars,Petrol,Retail,Dealer,Speed Wheels,Sneha,1,67272.85,67272.85,14.8,9956.38,57316.47,39037.87,18278.6,31.89,18.0,10316.96,3020.86,0,4.4,7,Credit Card
ORD202600057,2026-01-18 00:01:12.060050041,2026,1,Q1,Sweden,London,Trains,Petrol,Fleet,Distributor,Prime Motors,Sneha,7,36875.49,258128.4,17.9,46204.98,211923.42,188332.07,23591.35,11.13,12.0,25430.81,8157.96,0,5.0,5,Finance
ORD202600058,2026-01-18 07:18:21.918265221,2026,1,Q1,Belgium,Berlin,Ships,Petrol,Retail,Online,Speed Wheels,Vikram,15,67867.27,1018009.04,9.2,93656.83,924352.21,790561.66,133790.55,14.47,18.0,166383.4,36104.94,0,3.6,10,Bank Transfer
ORD202600059,2026-01-18 14:35:31.776480400,2026,1,Q1,UK,London,Vintage Cars,Petrol,Retail,Direct Sales,City Motors,Sneha,4,43222.43,172889.74,7.5,12966.73,159923.01,109838.61,50084.39,31.32,10.0,15992.3,5292.41,1,3.9,4,Finance
ORD202600060,2026-01-18 21:52:41.634695579,2026,1,Q1,Finland,Mumbai,Trucks and Buses,Petrol,Retail,Direct Sales,City Motors,Ananya,11,45614.54,501759.97,2.1,10536.96,491223.01,361971.52,129251.49,26.31,12.0,58946.76,18296.07,0,4.1,13,Finance
ORD202600061,2026-01-19 05:09:51.492910759,2026,1,Q1,USA,Sydney,Planes,Petrol,Corporate,Distributor,Global Auto,Arun,7,181087.66,1267613.62,5.4,68451.14,1199162.48,952659.34,246503.14,20.56,12.0,143899.5,51647.22,0,4.8,12,Finance
ORD202600062,2026-01-19 12:27:01.351125938,2026,1,Q1,Philippines,Paris,Trucks and Buses,Electric,Retail,Dealer,Prime Motors,Vikram,10,43924.35,439243.54,13.1,57540.9,381702.63,311689.01,70013.62,18.34,8.0,30536.21,13310.62,0,3.5,7,Bank Transfer
ORD202600063,2026-01-19 19:44:11.209341117,2026,1,Q1,Canada,Sydney,Classic Cars,Hybrid,Retail,Distributor,Speed Wheels,Vikram,1,70640.9,70640.9,3.3,2331.15,68309.75,54597.43,13712.32,20.07,10.0,6830.98,2799.97,0,4.5,14,Credit Card
ORD202600064,2026-01-20 03:01:21.067556297,2026,1,Q1,USA,Singapore,Vintage Cars,Petrol,Fleet,Dealer,Prime Motors,Vikram,13,56184.22,730394.84,8.2,59892.38,670502.47,578505.0,91997.47,13.72,10.0,67050.25,34020.15,0,4.2,7,Finance
ORD202600065,2026-01-20 10:18:30.925771476,2026,1,Q1,Italy,London,Trains,Petrol,Government,Dealer,Speed Wheels,Sneha,9,39867.16,358804.45,16.2,58126.32,300678.13,228346.04,72332.1,24.06,12.0,36081.38,9517.68,0,3.9,2,Credit Card
ORD202600066,2026-01-20 17:35:40.783986655,2026,1,Q1,Singapore,Stockholm,Classic Cars,Petrol,Retail,Online,Speed Wheels,Ananya,5,57660.05,288300.27,13.8,39785.44,248514.83,201709.54,46805.29,18.83,10.0,24851.48,7263.64,1,3.4,5,UPI
ORD202600067,2026-01-21 00:52:50.642201835,2026,1,Q1,Spain,Brussels,Vintage Cars,Petrol,Fleet,Direct Sales,Elite Cars,Rahul,1,32048.15,32048.15,16.1,5159.75,26888.4,23423.2,3465.19,12.89,12.0,3226.61,819.17,0,4.3,2,Bank Transfer
ORD202600068,2026-01-21 08:10:00.500417014,2026,1,Q1,Austria,Manila,Classic Cars,Hybrid,Government,Distributor,AutoMax,Sneha,14,52691.99,737687.8,4.4,32458.26,705229.54,529735.38,175494.16,24.88,5.0,35261.48,29874.79,0,4.2,6,UPI
ORD202600069,2026-01-21 15:27:10.358632193,2026,1,Q1,Finland,Paris,Trucks and Buses,Petrol,Government,Online,AutoMax,Rahul,15,50300.83,754512.51,13.7,103368.21,651144.29,582586.46,68557.84,10.53,12.0,78137.32,34626.44,1,3.7,11,Bank Transfer
ORD202600070,2026-01-21 22:44:20.216847372,2026,1,Q1,Belgium,Rome,Vintage Cars,Petrol,Corporate,Online,City Motors,Karthik,10,42834.95,428349.48,11.0,47118.44,381231.04,290913.24,90317.8,23.69,12.0,45747.72,12611.86,0,4.0,4,Finance
ORD202600071,2026-01-22 06:01:30.075062552,2026,1,Q1,USA,London,Classic Cars,Petrol,Retail,Dealer,AutoMax,Sofia,2,90801.33,181602.66,9.7,17615.46,163987.2,129274.64,34712.56,21.17,10.0,16398.72,8767.84,1,4.2,3,UPI
ORD202600072,2026-01-22 13:18:39.933277731,2026,1,Q1,Australia,Manila,Motorcycles,Hybrid,Retail,Direct Sales,Global Auto,Meera,12,22310.82,267729.8,14.5,38820.82,228908.98,180356.03,48552.95,21.21,18.0,41203.62,10214.98,0,4.1,11,UPI
ORD202600073,2026-01-22 20:35:49.791492910,2026,1,Q1,Singapore,Rome,Planes,Hybrid,Corporate,Direct Sales,City Motors,Meera,1,69904.26,69904.26,9.7,6780.71,63123.54,48131.11,14992.43,23.75,5.0,3156.18,1422.78,0,4.1,13,Finance
ORD202600074,2026-01-23 03:52:59.649708090,2026,1,Q1,Japan,Tokyo,Trucks and Buses,Petrol,Fleet,Online,Elite Cars,Meera,4,89251.41,357005.66,11.5,41055.65,315950.01,234218.75,81731.26,25.87,18.0,56871.0,14635.89,0,3.8,2,UPI
ORD202600075,2026-01-23 11:10:09.507923269,2026,1,Q1,Switzerland,Zurich,Vintage Cars,Diesel,Corporate,Dealer,Prime Motors,Meera,8,42832.8,342662.43,17.7,60651.25,282011.18,214446.03,67565.15,23.96,12.0,33841.34,9282.53,0,3.8,2,Credit Card
ORD202600076,2026-01-23 18:27:19.366138448,2026,1,Q1,Denmark,Mumbai,Vintage Cars,Electric,Corporate,Direct Sales,Speed Wheels,Arun,11,26655.35,293208.83,9.5,27854.84,265353.99,230526.75,34827.24,13.12,12.0,31842.48,12659.24,0,5.0,7,Credit Card
ORD202600077,2026-01-24 01:44:29.224353628,2026,1,Q1,Australia,New York,Trucks and Buses,Petrol,Corporate,Direct Sales,Speed Wheels,Arun,12,48684.74,584216.87,8.3,48490.0,535726.87,404994.01,130732.85,24.4,10.0,53572.69,24720.43,0,4.4,3,UPI
ORD202600078,2026-01-24 09:01:39.082568807,2026,1,Q1,Germany,Rome,Planes,Diesel,Retail,Online,AutoMax,Sneha,10,182995.28,1829952.85,11.7,214104.48,1615848.36,1128143.79,487704.57,30.18,10.0,161584.84,33542.41,1,4.8,10,Bank Transfer
ORD202600079,2026-01-24 16:18:48.940783986,2026,1,Q1,Norway,Vienna,Classic Cars,Electric,Retail,Dealer,Prime Motors,Arun,5,44976.95,224884.76,2.9,6521.66,218363.1,160603.49,57759.61,26.45,18.0,39305.36,9494.42,0,4.7,9,Bank Transfer
ORD202600080,2026-01-24 23:35:58.798999166,2026,1,Q1,UK,Brussels,Trucks and Buses,Petrol,Corporate,Distributor,Global Auto,Vikram,11,91279.82,1004078.04,6.8,68277.31,935800.73,798038.58,137762.15,14.72,12.0,112296.09,24439.2,0,4.3,3,Bank Transfer
ORD202600081,2026-01-25 06:53:08.657214345,2026,1,Q1,Switzerland,Vienna,Planes,Diesel,Fleet,Dealer,Global Auto,Sneha,11,72051.2,792563.2,4.4,34872.78,757690.42,639913.87,117776.55,15.54,5.0,37884.52,24543.55,0,4.5,9,Credit Card
ORD202600082,2026-01-25 14:10:18.515429524,2026,1,Q1,Italy,Brussels,Ships,Hybrid,Retail,Online,Speed Wheels,Rahul,13,89132.49,1158722.31,13.9,161062.4,997659.91,696806.74,300853.17,30.16,8.0,79812.79,16809.03,1,5.0,2,Bank Transfer
ORD202600083,2026-01-25 21:27:28.373644704,2026,1,Q1,Denmark,Copenhagen,Trucks and Buses,Petrol,Retail,Direct Sales,Global Auto,Daniel,15,43915.99,658739.83,4.7,30960.77,627779.06,492735.34,135043.73,21.51,12.0,75333.49,31550.37,0,4.7,15,Credit Card
ORD202600084,2026-01-26 04:44:38.231859883,2026,1,Q1,Denmark,Madrid,Trucks and Buses,Hybrid,Retail,Online,Prime Motors,Sneha,1,56178.83,56178.83,13.6,7640.32,48538.51,33306.77,15231.73,31.38,18.0,8736.93,2482.39,0,5.0,9,Bank Transfer
ORD202600085,2026-01-26 12:01:48.090075062,2026,1,Q1,Italy,Berlin,Vintage Cars,Diesel,Government,Distributor,AutoMax,Priya,9,44672.82,402055.34,0.3,1206.17,400849.17,328991.93,71857.24,17.93,18.0,72152.85,13251.71,0,4.6,3,Finance
ORD202600086,2026-01-26 19:18:57.948290242,2026,1,Q1,Norway,Rome,Trucks and Buses,Electric,Retail,Dealer,Speed Wheels,Arun,9,39607.44,356466.97,10.0,35646.7,320820.27,238893.66,81926.61,25.54,18.0,57747.65,11804.58,0,4.2,2,Bank Transfer
ORD202600087,2026-01-27 02:36:07.806505421,2026,1,Q1,Denmark,Brussels,Classic Cars,Petrol,Retail,Distributor,Prime Motors,Sneha,11,37084.74,407932.18,0.9,3671.39,404260.79,295886.4,108374.39,26.81,8.0,32340.86,18885.65,0,4.6,9,Finance
ORD202600088,2026-01-27 09:53:17.664720600,2026,1,Q1,Canada,Rome,Vintage Cars,Hybrid,Corporate,Online,Global Auto,Daniel,3,37728.83,113186.5,3.6,4074.71,109111.78,90902.81,18208.97,16.69,5.0,5455.59,1866.58,0,4.7,5,Bank Transfer
ORD202600089,2026-01-27 17:10:27.522935780,2026,1,Q1,Denmark,Madrid,Motorcycles,Electric,Retail,Online,Speed Wheels,Daniel,15,16160.83,242412.47,7.2,17453.7,224958.78,167436.74,57522.04,25.57,10.0,22495.88,10098.74,1,4.0,10,Bank Transfer
ORD202600090,2026-01-28 00:27:37.381150959,2026,1,Q1,France,Manila,Classic Cars,Diesel,Corporate,Distributor,Speed Wheels,Karthik,7,81520.51,570643.54,4.4,25108.32,545535.22,438543.06,106992.17,19.61,12.0,65464.23,14487.66,0,3.1,7,Credit Card
ORD202600091,2026-01-28 07:44:47.239366138,2026,1,Q1,Norway,Singapore,Trucks and Buses,Hybrid,Corporate,Direct Sales,Speed Wheels,Arun,11,43463.29,478096.14,12.5,59762.02,418334.12,368201.55,50132.57,11.98,8.0,33466.73,18247.09,0,4.6,8,Finance
ORD202600092,2026-01-28 15:01:57.097581318,2026,1,Q1,Spain,Toronto,Trains,Hybrid,Fleet,Direct Sales,Elite Cars,Arun,8,48995.07,391960.59,8.5,33316.65,358643.94,268696.36,89947.58,25.08,10.0,35864.39,11035.69,0,3.8,10,Bank Transfer
ORD202600093,2026-01-28 22:19:06.955796497,2026,1,Q1,Finland,Copenhagen,Trains,Electric,Retail,Distributor,Speed Wheels,Sneha,15,32673.52,490102.82,3.7,18133.8,471969.02,416623.47,55345.54,11.73,12.0,56636.28,13092.58,0,4.6,13,Credit Card
ORD202600094,2026-01-29 05:36:16.814011676,2026,1,Q1,Japan,New York,Ships,Diesel,Government,Online,Elite Cars,Meera,13,126363.51,1642725.69,2.9,47639.04,1595086.64,1276199.64,318887.01,19.99,12.0,191410.4,57048.84,1,3.6,2,Bank Transfer
ORD202600095,2026-01-29 12:53:26.672226855,2026,1,Q1,Switzerland,Paris,Planes,Diesel,Retail,Direct Sales,Speed Wheels,Rahul,4,71421.12,285684.47,3.5,9998.96,275685.51,190679.01,85006.5,30.83,18.0,49623.39,7236.19,1,4.2,2,Bank Transfer
ORD202600096,2026-01-29 20:10:36.530442035,2026,1,Q1,Australia,Brussels,Vintage Cars,Electric,Retail,Dealer,Elite Cars,Rahul,2,29030.25,58060.49,15.6,9057.44,49003.05,33653.79,15349.27,31.32,10.0,4900.31,1027.36,1,3.7,4,Cash
ORD202600097,2026-01-30 03:27:46.388657214,2026,1,Q1,Australia,Tokyo,Trains,Petrol,Fleet,Dealer,City Motors,Priya,12,43391.05,520692.62,2.5,13017.32,507675.3,447417.77,60257.53,11.87,8.0,40614.02,9819.25,0,4.5,3,Credit Card
ORD202600098,2026-01-30 10:44:56.246872393,2026,1,Q1,Canada,Madrid,Vintage Cars,Diesel,Retail,Online,Global Auto,Sofia,5,45928.29,229641.46,17.7,40646.54,188994.92,164739.35,24255.57,12.83,10.0,18899.49,7767.39,0,4.1,12,UPI
ORD202600099,2026-01-30 18:02:06.105087573,2026,1,Q1,USA,Toronto,Classic Cars,Petrol,Government,Direct Sales,City Motors,Rahul,4,112151.69,448606.76,14.2,63702.16,384904.6,303343.85,81560.76,21.19,18.0,69282.83,6398.32,0,4.1,9,Credit Card
ORD202600100,2026-01-31 01:19:15.963302752,2026,1,Q1,Italy,New York,Motorcycles,Diesel,Government,Dealer,Elite Cars,Karthik,5,19121.73,95608.66,4.5,4302.39,91306.27,80184.12,11122.15,12.18,12.0,10956.75,4810.35,0,4.7,8,Finance
ORD202600101,2026-01-31 08:36:25.821517931,2026,1,Q1,Australia,Rome,Planes,Diesel,Corporate,Online,Speed Wheels,Meera,1,76464.64,76464.64,2.1,1605.76,74858.88,64007.88,10851.0,14.5,5.0,3742.94,3718.88,1,4.2,8,Finance
ORD202600102,2026-01-31 15:53:35.679733111,2026,1,Q1,Germany,Toronto,Vintage Cars,Electric,Fleet,Dealer,Global Auto,Sofia,8,59432.66,475461.28,6.3,29954.06,445507.22,361540.07,83967.15,18.85,8.0,35640.58,8702.08,0,3.7,5,Credit Card
ORD202600103,2026-01-31 23:10:45.537948290,2026,1,Q1,Germany,Singapore,Vintage Cars,Diesel,Retail,Dealer,City Motors,Vikram,4,47139.26,188557.05,3.6,6788.05,181768.99,158390.03,23378.96,12.86,12.0,21812.28,7630.74,0,4.6,15,Finance
ORD202600104,2026-02-01 06:27:55.396163469,2026,2,Q1,Denmark,Sydney,Classic Cars,Hybrid,Fleet,Dealer,AutoMax,Sofia,1,36948.25,36948.25,1.9,702.02,36246.24,31291.11,4955.13,13.67,12.0,4349.55,1458.58,0,5.0,9,Finance
ORD202600105,2026-02-01 13:45:05.254378649,2026,2,Q1,UK,Oslo,Motorcycles,Hybrid,Retail,Direct Sales,Prime Motors,Karthik,3,29542.68,88628.04,0.6,531.77,88096.27,76569.92,11526.35,13.08,18.0,15857.33,2839.55,1,4.9,11,UPI
ORD202600106,2026-02-01 21:02:15.112593828,2026,2,Q1,Finland,Zurich,Trains,Petrol,Retail,Online,Elite Cars,Arun,5,31492.31,157461.55,16.9,26611.0,130850.55,97465.12,33385.43,25.51,18.0,23553.1,2930.71,0,3.9,13,Bank Transfer
ORD202600107,2026-02-02 04:19:24.970809007,2026,2,Q1,USA,Stockholm,Classic Cars,Petrol,Retail,Online,Elite Cars,Karthik,12,114129.99,1369559.9,7.7,105456.11,1264103.79,1009776.93,254326.86,20.12,10.0,126410.38,41880.18,0,3.7,8,Cash
ORD202600108,2026-02-02 11:36:34.829024187,2026,2,Q1,Sweden,Vienna,Trucks and Buses,Electric,Retail,Direct Sales,Speed Wheels,Daniel,5,64051.45,320257.25,13.8,44195.5,276061.75,196180.47,79881.28,28.94,18.0,49691.12,4470.25,0,4.2,7,Finance
ORD202600109,2026-02-02 18:53:44.687239366,2026,2,Q1,Australia,Brussels,Trains,Petrol,Retail,Direct Sales,Global Auto,Daniel,4,34589.65,138358.59,0.9,1245.23,137113.36,98606.91,38506.45,28.08,18.0,24680.41,5222.61,0,2.8,7,Finance
ORD202600110,2026-02-03 02:10:54.545454545,2026,2,Q1,Australia,Madrid,Ships,Electric,Government,Online,City Motors,Ananya,4,84615.24,338460.98,15.9,53815.3,284645.68,231647.4,52998.29,18.62,8.0,22771.65,8820.93,0,4.3,10,UPI
ORD202600111,2026-02-03 09:28:04.403669725,2026,2,Q1,Switzerland,Vienna,Trucks and Buses,Electric,Retail,Dealer,Speed Wheels,Meera,7,57279.69,400957.82,7.0,28067.05,372890.78,332879.24,40011.53,10.73,5.0,18644.54,17327.04,1,3.7,3,Bank Transfer
ORD202600112,2026-02-03 16:45:14.261884904,2026,2,Q1,India,Zurich,Ships,Hybrid,Corporate,Dealer,AutoMax,Sneha,1,115659.97,115659.97,12.8,14804.48,100855.49,74574.1,26281.39,26.06,10.0,10085.55,3000.74,1,4.5,3,Cash
ORD202600113,2026-02-04 00:02:24.120100083,2026,2,Q1,Finland,Copenhagen,Motorcycles,Electric,Fleet,Direct Sales,Prime Motors,Arun,6,16929.43,101576.59,1.8,1828.38,99748.21,77844.31,21903.9,21.96,5.0,4987.41,1992.4,0,4.5,6,Bank Transfer
ORD202600114,2026-02-04 07:19:33.978315263,2026,2,Q1,Sweden,Mumbai,Motorcycles,Petrol,Retail,Online,Speed Wheels,Priya,1,18044.03,18044.03,12.5,2255.5,15788.52,13338.55,2449.98,15.52,8.0,1263.08,781.11,0,3.5,14,Finance
ORD202600115,2026-02-04 14:36:43.836530442,2026,2,Q1,France,Stockholm,Vintage Cars,Diesel,Government,Dealer,City Motors,Arun,9,40579.92,365219.25,16.0,58435.08,306784.17,240237.27,66546.9,21.69,18.0,55221.15,12824.92,1,4.1,3,UPI
ORD202600116,2026-02-04 21:53:53.694745621,2026,2,Q1,Sweden,Mumbai,Motorcycles,Electric,Retail,Dealer,Global Auto,Karthik,5,12581.83,62909.15,2.3,1446.91,61462.24,43889.23,17573.01,28.59,8.0,4916.98,3305.64,1,4.4,13,Finance
ORD202600117,2026-02-05 05:11:03.552960800,2026,2,Q1,Switzerland,Helsinki,Trains,Petrol,Fleet,Dealer,Elite Cars,Ananya,13,29369.98,381809.68,1.0,3818.1,377991.59,282838.98,95152.61,25.17,18.0,68038.49,11491.49,1,3.7,6,Bank Transfer
ORD202600118,2026-02-05 12:28:13.411175980,2026,2,Q1,Italy,Vienna,Classic Cars,Diesel,Fleet,Direct Sales,City Motors,Ananya,14,60389.48,845452.75,5.4,45654.45,799798.3,634983.95,164814.35,20.61,18.0,143963.69,21538.18,0,4.5,8,Credit Card
ORD202600119,2026-02-05 19:45:23.269391159,2026,2,Q1,France,Manila,Vintage Cars,Petrol,Retail,Distributor,Prime Motors,Priya,15,59871.68,898075.13,0.3,2694.23,895380.9,669061.15,226319.75,25.28,18.0,161168.56,33925.78,0,3.6,6,Bank Transfer
ORD202600120,2026-02-06 03:02:33.127606338,2026,2,Q1,Germany,Mumbai,Trucks and Buses,Petrol,Retail,Distributor,Elite Cars,Sofia,3,111691.59,335074.76,11.5,38533.6,296541.16,224849.4,71691.76,24.18,12.0,35584.94,7717.18,0,4.8,13,Finance
ORD202600121,2026-02-06 10:19:42.985821518,2026,2,Q1,Finland,Manila,Trucks and Buses,Petrol,Fleet,Direct Sales,City Motors,Priya,4,35645.52,142582.08,15.9,22670.55,119911.53,85381.51,34530.02,28.8,18.0,21584.08,5635.01,0,4.2,2,UPI
ORD202600122,2026-02-06 17:36:52.844036697,2026,2,Q1,France,Stockholm,Classic Cars,Diesel,Retail,Online,AutoMax,Rahul,13,60930.14,792091.88,16.1,127526.79,664565.08,455069.27,209495.81,31.52,8.0,53165.21,28392.88,0,3.7,15,Credit Card
ORD202600123,2026-02-07 00:54:02.702251876,2026,2,Q1,Sweden,Singapore,Trucks and Buses,Petrol,Fleet,Direct Sales,AutoMax,Sneha,4,64783.54,259134.18,12.6,32650.91,226483.27,186117.15,40366.12,17.82,5.0,11324.16,5855.53,0,3.9,15,Credit Card
ORD202600124,2026-02-07 08:11:12.560467056,2026,2,Q1,Switzerland,Helsinki,Planes,Diesel,Retail,Direct Sales,Global Auto,Arun,3,79588.58,238765.73,13.3,31755.84,207009.89,179722.37,27287.52,13.18,12.0,24841.19,8057.26,1,4.8,10,Credit Card
ORD202600125,2026-02-07 15:28:22.418682235,2026,2,Q1,Germany,New York,Classic Cars,Petrol,Retail,Dealer,Speed Wheels,Arun,7,90092.57,630647.99,11.3,71263.22,559384.77,419889.12,139495.65,24.94,12.0,67126.17,8688.12,1,3.7,9,Finance
ORD202600126,2026-02-07 22:45:32.276897414,2026,2,Q1,Belgium,Vienna,Trucks and Buses,Petrol,Retail,Direct Sales,Global Auto,Sofia,1,69258.72,69258.72,17.9,12397.31,56861.41,49991.55,6869.86,12.08,18.0,10235.05,1110.79,0,4.4,2,Credit Card
ORD202600127,2026-02-08 06:02:42.135112594,2026,2,Q1,Switzerland,Brussels,Trains,Diesel,Retail,Dealer,Speed Wheels,Karthik,3,37132.93,111398.8,1.1,1225.39,110173.42,86004.74,24168.68,21.94,12.0,13220.81,1865.79,0,4.0,9,UPI
ORD202600128,2026-02-08 13:19:51.993327773,2026,2,Q1,Finland,Oslo,Vintage Cars,Diesel,Government,Distributor,Elite Cars,Priya,9,36698.01,330282.13,6.6,21798.62,308483.51,259656.17,48827.34,15.83,12.0,37018.02,5040.31,1,2.8,6,Credit Card
ORD202600129,2026-02-08 20:37:01.851542952,2026,2,Q1,Finland,Sydney,Ships,Diesel,Fleet,Direct Sales,Speed Wheels,Priya,12,75044.51,900534.15,3.3,29717.63,870816.52,676771.16,194045.37,22.28,12.0,104497.98,29897.5,0,3.8,14,Bank Transfer
ORD202600130,2026-02-09 03:54:11.709758132,2026,2,Q1,Austria,Brussels,Trucks and Buses,Diesel,Retail,Online,Elite Cars,Sneha,6,44982.04,269892.21,0.4,1079.57,268812.64,230405.16,38407.48,14.29,12.0,32257.52,12262.96,0,4.5,8,Bank Transfer
ORD202600131,2026-02-09 11:11:21.567973311,2026,2,Q1,UK,Mumbai,Vintage Cars,Hybrid,Corporate,Online,Elite Cars,Daniel,4,49987.36,199949.45,15.8,31592.01,168357.44,125419.92,42937.52,25.5,10.0,16835.74,5254.39,0,4.5,3,Bank Transfer
ORD202600132,2026-02-09 18:28:31.426188490,2026,2,Q1,UK,Madrid,Vintage Cars,Electric,Corporate,Direct Sales,Speed Wheels,Rahul,14,43601.29,610418.09,12.6,76912.68,533505.41,412336.06,121169.35,22.71,5.0,26675.27,26378.19,0,2.5,14,UPI
ORD202600133,2026-02-10 01:45:41.284403670,2026,2,Q1,Switzerland,Toronto,Classic Cars,Electric,Fleet,Dealer,Elite Cars,Ananya,3,60849.3,182547.89,17.4,31763.33,150784.56,119232.5,31552.06,20.93,10.0,15078.46,7941.29,1,4.6,4,Cash
ORD202600134,2026-02-10 09:02:51.142618849,2026,2,Q1,Japan,Paris,Classic Cars,Petrol,Retail,Dealer,Speed Wheels,Priya,10,96820.18,968201.82,5.2,50346.49,917855.33,776251.27,141604.06,15.43,18.0,165213.96,15040.93,1,4.1,9,Bank Transfer
ORD202600135,2026-02-10 16:20:01.000834028,2026,2,Q1,Spain,Toronto,Trains,Hybrid,Retail,Distributor,Speed Wheels,Meera,2,34953.08,69906.17,6.3,4404.09,65502.08,58781.15,6720.92,10.26,8.0,5240.17,1962.95,1,4.3,7,Bank Transfer
ORD202600136,2026-02-10 23:37:10.859049207,2026,2,Q1,India,Tokyo,Classic Cars,Petrol,Retail,Distributor,Speed Wheels,Daniel,4,56980.21,227920.84,17.0,38746.54,189174.3,130318.3,58856.0,31.11,5.0,9458.72,8525.77,0,3.9,13,Credit Card
ORD202600137,2026-02-11 06:54:20.717264387,2026,2,Q1,Denmark,Mumbai,Motorcycles,Hybrid,Retail,Distributor,Speed Wheels,Priya,10,15536.31,155363.06,14.4,22372.28,132990.78,104366.35,28624.43,21.52,18.0,23938.34,2355.26,0,4.3,8,Credit Card
ORD202600138,2026-02-11 14:11:30.575479566,2026,2,Q1,Sweden,London,Trains,Diesel,Retail,Online,City Motors,Daniel,4,31764.09,127056.36,4.6,5844.59,121211.76,85440.49,35771.28,29.51,8.0,9696.94,4204.88,1,4.2,11,Finance
ORD202600139,2026-02-11 21:28:40.433694745,2026,2,Q1,Switzerland,Rome,Vintage Cars,Hybrid,Government,Online,AutoMax,Sofia,5,38614.19,193070.93,4.2,8108.98,184961.95,155328.64,29633.31,16.02,18.0,33293.15,4737.57,1,3.6,6,Bank Transfer
ORD202600140,2026-02-12 04:45:50.291909925,2026,2,Q1,Germany,Manila,Motorcycles,Hybrid,Retail,Online,AutoMax,Karthik,4,29578.33,118313.31,13.5,15972.3,102341.01,81419.85,20921.16,20.44,12.0,12280.92,5053.56,0,3.4,4,Cash
ORD202600141,2026-02-12 12:03:00.150125104,2026,2,Q1,Austria,Rome,Classic Cars,Petrol,Retail,Distributor,Global Auto,Sneha,13,36444.86,473783.22,8.0,37902.66,435880.56,333569.28,102311.29,23.47,12.0,52305.67,21523.04,1,4.0,13,Credit Card
ORD202600142,2026-02-12 19:20:10.008340283,2026,2,Q1,France,Madrid,Classic Cars,Diesel,Retail,Dealer,Speed Wheels,Karthik,3,72406.86,217220.58,11.7,25414.81,191805.78,148448.29,43357.49,22.6,10.0,19180.58,4969.89,0,4.2,5,Credit Card
ORD202600143,2026-02-13 02:37:19.866555463,2026,2,Q1,Canada,Sydney,Trucks and Buses,Diesel,Fleet,Dealer,Speed Wheels,Daniel,9,47501.81,427516.25,9.9,42324.11,385192.14,317383.18,67808.97,17.6,12.0,46223.06,16159.5,0,4.2,6,Bank Transfer
ORD202600144,2026-02-13 09:54:29.724770642,2026,2,Q1,Spain,Stockholm,Trains,Petrol,Retail,Online,Prime Motors,Daniel,5,39529.58,197647.92,11.0,21741.27,175906.65,132818.12,43088.53,24.5,10.0,17590.66,9274.59,0,4.1,2,Credit Card
ORD202600145,2026-02-13 17:11:39.582985821,2026,2,Q1,Norway,Sydney,Motorcycles,Diesel,Retail,Online,Prime Motors,Karthik,3,18137.1,54411.31,2.7,1469.11,52942.2,46262.06,6680.14,12.62,12.0,6353.06,2479.62,0,4.0,6,Credit Card
ORD202600146,2026-02-14 00:28:49.441201001,2026,2,Q1,Belgium,Stockholm,Classic Cars,Hybrid,Retail,Dealer,City Motors,Arun,4,48144.73,192578.92,9.4,18102.42,174476.5,152155.54,22320.97,12.79,5.0,8723.83,8580.57,0,4.6,10,UPI
ORD202600147,2026-02-14 07:45:59.299416180,2026,2,Q1,India,Berlin,Trucks and Buses,Diesel,Corporate,Dealer,City Motors,Karthik,11,58351.43,641865.68,14.4,92428.66,549437.02,466848.38,82588.63,15.03,10.0,54943.7,24034.0,1,3.3,2,Bank Transfer
ORD202600148,2026-02-14 15:03:09.157631359,2026,2,Q1,Italy,London,Trucks and Buses,Petrol,Retail,Dealer,AutoMax,Rahul,2,65454.16,130908.32,5.5,7199.96,123708.37,96425.56,27282.81,22.05,18.0,22267.51,6200.56,1,4.9,8,Cash
ORD202600149,2026-02-14 22:20:19.015846539,2026,2,Q1,Sweden,Brussels,Trains,Diesel,Retail,Dealer,Global Auto,Sofia,13,30784.65,400200.45,11.7,46823.45,353377.0,290486.9,62890.1,17.8,18.0,63607.86,14873.65,0,3.9,5,Finance
ORD202600150,2026-02-15 05:37:28.874061718,2026,2,Q1,Singapore,Manila,Classic Cars,Electric,Corporate,Online,Speed Wheels,Ananya,2,34160.9,68321.81,7.5,5124.14,63197.67,53052.36,10145.32,16.05,10.0,6319.77,1094.97,0,5.0,7,Bank Transfer
ORD202600151,2026-02-15 12:54:38.732276897,2026,2,Q1,Switzerland,Madrid,Vintage Cars,Hybrid,Retail,Direct Sales,Speed Wheels,Meera,3,30131.43,90394.28,7.8,7050.75,83343.53,70791.3,12552.22,15.06,12.0,10001.22,3620.94,1,4.2,3,Cash
ORD202600152,2026-02-15 20:11:48.590492077,2026,2,Q1,Italy,Manila,Ships,Electric,Retail,Online,Speed Wheels,Karthik,6,114186.74,685120.46,16.9,115785.36,569335.1,458280.12,111054.98,19.51,12.0,68320.21,11030.91,0,4.4,15,UPI
ORD202600153,2026-02-16 03:28:58.448707256,2026,2,Q1,France,Toronto,Classic Cars,Petrol,Retail,Online,Elite Cars,Rahul,15,87213.32,1308199.83,5.1,66718.19,1241481.64,1025474.99,216006.65,17.4,10.0,124148.16,61377.57,0,4.4,4,Finance
ORD202600154,2026-02-16 10:46:08.306922435,2026,2,Q1,Australia,Vienna,Trains,Electric,Retail,Dealer,Speed Wheels,Rahul,10,46938.56,469385.62,14.0,65713.99,403671.63,348191.97,55479.66,13.74,12.0,48440.6,18097.97,1,4.4,14,Credit Card
ORD202600155,2026-02-16 18:03:18.165137614,2026,2,Q1,Switzerland,Manila,Motorcycles,Diesel,Retail,Online,Prime Motors,Sneha,11,17543.35,192976.84,9.7,18718.75,174258.09,143554.09,30704.0,17.62,5.0,8712.9,4735.24,1,4.4,5,Cash
ORD202600156,2026-02-17 01:20:28.023352794,2026,2,Q1,India,Vienna,Motorcycles,Petrol,Fleet,Dealer,Prime Motors,Daniel,2,25155.55,50311.11,11.3,5685.16,44625.95,32195.73,12430.23,27.85,18.0,8032.67,1767.1,0,4.0,15,UPI
ORD202600157,2026-02-17 08:37:37.881567973,2026,2,Q1,Switzerland,Sydney,Trucks and Buses,Petrol,Fleet,Dealer,City Motors,Rahul,6,65816.42,394898.53,9.6,37910.26,356988.27,247916.44,109071.83,30.55,12.0,42838.59,14445.95,0,4.7,10,Finance
ORD202600158,2026-02-17 15:54:47.739783152,2026,2,Q1,Norway,Manila,Vintage Cars,Diesel,Corporate,Distributor,Elite Cars,Sofia,1,29152.41,29152.41,11.9,3469.14,25683.27,21488.75,4194.52,16.33,12.0,3081.99,548.93,0,4.6,11,Cash
ORD202600159,2026-02-17 23:11:57.597998332,2026,2,Q1,Germany,Vienna,Trains,Hybrid,Retail,Direct Sales,Speed Wheels,Rahul,6,56765.87,340595.23,8.5,28950.59,311644.64,216802.8,94841.83,30.43,18.0,56096.03,7416.7,1,4.1,7,Bank Transfer
ORD202600160,2026-02-18 06:29:07.456213511,2026,2,Q1,Canada,Berlin,Ships,Diesel,Corporate,Online,City Motors,Sneha,4,103613.38,414453.54,13.7,56780.13,357673.4,319431.48,38241.92,10.69,10.0,35767.34,8159.95,0,3.4,10,Bank Transfer
ORD202600161,2026-02-18 13:46:17.314428690,2026,2,Q1,Germany,London,Classic Cars,Hybrid,Retail,Dealer,Global Auto,Sofia,2,59795.34,119590.69,13.1,15666.38,103924.31,90971.92,12952.38,12.46,12.0,12470.92,3397.18,0,4.2,9,Credit Card
ORD202600162,2026-02-18 21:03:27.172643870,2026,2,Q1,USA,Sydney,Classic Cars,Diesel,Retail,Dealer,Global Auto,Rahul,6,69045.08,414270.45,17.7,73325.87,340944.58,297704.47,43240.12,12.68,8.0,27275.57,11957.73,0,3.6,8,Credit Card
ORD202600163,2026-02-19 04:20:37.030859049,2026,2,Q1,Japan,Madrid,Ships,Petrol,Retail,Dealer,City Motors,Karthik,12,97512.66,1170151.87,17.5,204776.58,965375.29,776873.13,188502.16,19.53,12.0,115845.04,30592.91,1,4.6,9,Credit Card
ORD202600164,2026-02-19 11:37:46.889074228,2026,2,Q1,Italy,Manila,Ships,Diesel,Corporate,Dealer,Global Auto,Arun,4,91504.53,366018.11,10.2,37333.85,328684.26,246156.53,82527.73,25.11,5.0,16434.21,7637.21,0,4.2,10,Finance
ORD202600165,2026-02-19 18:54:56.747289408,2026,2,Q1,Italy,Manila,Trains,Hybrid,Fleet,Dealer,Elite Cars,Karthik,15,56571.43,848571.41,5.4,45822.86,802748.56,605825.19,196923.36,24.53,8.0,64219.88,37120.42,0,4.5,10,Bank Transfer
ORD202600166,2026-02-20 02:12:06.605504587,2026,2,Q1,Norway,Helsinki,Classic Cars,Hybrid,Retail,Dealer,AutoMax,Meera,9,36609.63,329486.66,13.6,44810.19,284676.48,247935.6,36740.87,12.91,5.0,14233.82,4358.1,0,4.3,11,Cash
ORD202600167,2026-02-20 09:29:16.463719766,2026,2,Q1,Italy,Singapore,Classic Cars,Petrol,Government,Distributor,Global Auto,Daniel,12,67727.41,812728.89,17.5,142227.56,670501.33,517980.64,152520.7,22.75,12.0,80460.16,35135.29,0,4.4,8,Bank Transfer
ORD202600168,2026-02-20 16:46:26.321934946,2026,2,Q1,Belgium,New York,Planes,Petrol,Corporate,Dealer,Global Auto,Arun,12,118833.65,1426003.82,0.2,2852.01,1423151.81,1073521.64,349630.17,24.57,12.0,170778.22,68953.35,0,3.4,6,UPI
ORD202600169,2026-02-21 00:03:36.180150125,2026,2,Q1,Switzerland,Vienna,Classic Cars,Petrol,Corporate,Dealer,Global Auto,Rahul,14,52530.55,735427.7,4.2,30887.96,704539.74,565978.34,138561.4,19.67,5.0,35226.99,11622.16,1,3.9,15,Cash
ORD202600170,2026-02-21 07:20:46.038365304,2026,2,Q1,USA,Zurich,Planes,Petrol,Corporate,Direct Sales,City Motors,Meera,4,130133.8,520535.21,11.0,57258.87,463276.34,413336.52,49939.82,10.78,18.0,83389.74,8182.09,0,3.8,4,UPI
ORD202600171,2026-02-21 14:37:55.896580484,2026,2,Q1,Finland,Vienna,Classic Cars,Petrol,Corporate,Direct Sales,Elite Cars,Vikram,5,41094.06,205470.28,0.3,616.41,204853.87,166641.42,38212.45,18.65,12.0,24582.46,4798.7,1,4.4,14,UPI
ORD202600172,2026-02-21 21:55:05.754795663,2026,2,Q1,France,Mumbai,Vintage Cars,Petrol,Corporate,Dealer,Prime Motors,Rahul,10,44161.15,441611.45,13.9,61383.99,380227.46,279378.49,100848.97,26.52,12.0,45627.3,11674.34,1,4.5,6,Cash
ORD202600173,2026-02-22 05:12:15.613010842,2026,2,Q1,Philippines,Stockholm,Vintage Cars,Petrol,Retail,Dealer,AutoMax,Priya,7,31224.04,218568.3,17.2,37593.75,180974.55,147515.94,33458.61,18.49,12.0,21716.95,7002.57,1,3.3,9,Finance
ORD202600174,2026-02-22 12:29:25.471226022,2026,2,Q1,Spain,Zurich,Motorcycles,Diesel,Corporate,Dealer,Speed Wheels,Rahul,2,22934.81,45869.61,15.1,6926.31,38943.3,33982.37,4960.93,12.74,18.0,7009.79,2047.66,0,4.1,11,UPI
ORD202600175,2026-02-22 19:46:35.329441201,2026,2,Q1,Philippines,Madrid,Ships,Diesel,Corporate,Direct Sales,Prime Motors,Ananya,8,69583.93,556671.47,15.7,87397.42,469274.05,370492.06,98781.99,21.05,5.0,23463.7,19726.13,1,4.7,2,Cash
ORD202600176,2026-02-23 03:03:45.187656380,2026,2,Q1,UK,Helsinki,Trains,Petrol,Retail,Dealer,Elite Cars,Ananya,12,64441.01,773292.14,8.4,64956.54,708335.6,535900.58,172435.02,24.34,12.0,85000.27,22597.21,0,3.6,3,Finance
ORD202600177,2026-02-23 10:20:55.045871560,2026,2,Q1,Denmark,New York,Planes,Hybrid,Corporate,Direct Sales,Elite Cars,Rahul,5,95164.83,475824.15,15.2,72325.27,403498.88,308657.61,94841.28,23.5,8.0,32279.91,8138.89,0,4.0,4,Cash
ORD202600178,2026-02-23 17:38:04.904086739,2026,2,Q1,Finland,Sydney,Motorcycles,Hybrid,Corporate,Online,City Motors,Priya,10,13213.88,132138.85,13.8,18235.16,113903.69,79896.96,34006.73,29.86,10.0,11390.37,5978.17,1,3.9,14,UPI
ORD202600179,2026-02-24 00:55:14.762301918,2026,2,Q1,France,London,Trucks and Buses,Electric,Retail,Dealer,AutoMax,Rahul,12,99033.76,1188405.13,10.9,129536.16,1058868.97,792081.14,266787.83,25.2,10.0,105886.9,26073.27,0,3.0,2,Cash
ORD202600180,2026-02-24 08:12:24.620517098,2026,2,Q1,UK,Mumbai,Trucks and Buses,Petrol,Retail,Dealer,Elite Cars,Rahul,14,93967.14,1315539.89,1.9,24995.26,1290544.64,993385.97,297158.67,23.03,5.0,64527.23,23285.88,0,4.9,6,Bank Transfer
ORD202600181,2026-02-24 15:29:34.478732277,2026,2,Q1,USA,Brussels,Vintage Cars,Petrol,Corporate,Distributor,AutoMax,Sofia,1,58574.54,58574.54,4.6,2694.43,55880.11,39534.81,16345.3,29.25,12.0,6705.61,860.44,1,3.4,13,Credit Card
ORD202600182,2026-02-24 22:46:44.336947456,2026,2,Q1,Denmark,Stockholm,Vintage Cars,Diesel,Retail,Online,City Motors,Meera,15,35125.86,526887.87,17.2,90624.71,436263.16,373901.85,62361.31,14.29,10.0,43626.32,8760.4,0,4.9,4,Credit Card
ORD202600183,2026-02-25 06:03:54.195162636,2026,2,Q1,France,Zurich,Trains,Petrol,Retail,Online,Elite Cars,Karthik,5,56913.61,284568.06,4.4,12520.99,272047.06,187290.88,84756.18,31.15,12.0,32645.65,11995.08,0,3.5,12,Cash
ORD202600184,2026-02-25 13:21:04.053377815,2026,2,Q1,France,Rome,Vintage Cars,Diesel,Fleet,Direct Sales,Global Auto,Karthik,8,38850.48,310803.82,4.3,13364.56,297439.26,225688.35,71750.91,24.12,8.0,23795.14,6529.08,0,4.6,6,Cash
ORD202600185,2026-02-25 20:38:13.911592994,2026,2,Q1,Japan,Brussels,Vintage Cars,Diesel,Corporate,Distributor,Elite Cars,Priya,4,50375.4,201501.61,14.4,29016.23,172485.38,138595.19,33890.19,19.65,12.0,20698.25,4528.61,0,3.8,5,UPI
ORD202600186,2026-02-26 03:55:23.769808174,2026,2,Q1,Switzerland,Stockholm,Planes,Petrol,Retail,Online,Speed Wheels,Sneha,10,69718.19,697181.9,16.0,111549.1,585632.8,508573.71,77059.09,13.16,12.0,70275.94,30036.34,0,4.9,5,Bank Transfer
ORD202600187,2026-02-26 11:12:33.628023353,2026,2,Q1,Finland,Mumbai,Motorcycles,Petrol,Retail,Online,AutoMax,Meera,4,11966.63,47866.5,16.0,7658.64,40207.86,32470.15,7737.71,19.24,10.0,4020.79,1047.83,0,3.4,5,Bank Transfer
ORD202600188,2026-02-26 18:29:43.486238532,2026,2,Q1,Japan,Singapore,Trucks and Buses,Diesel,Retail,Online,Global Auto,Sofia,1,99827.28,99827.28,9.1,9084.28,90742.99,74176.84,16566.15,18.26,10.0,9074.3,1474.25,1,3.8,10,Bank Transfer
ORD202600189,2026-02-27 01:46:53.344453711,2026,2,Q1,France,Helsinki,Classic Cars,Petrol,Fleet,Dealer,Speed Wheels,Ananya,11,89408.46,983493.02,12.2,119986.15,863506.87,692789.87,170717.0,19.77,18.0,155431.24,28032.82,1,4.6,8,UPI
ORD202600190,2026-02-27 09:04:03.202668891,2026,2,Q1,Singapore,London,Trucks and Buses,Hybrid,Corporate,Dealer,Elite Cars,Daniel,12,51330.51,615966.1,8.3,51125.19,564840.92,482141.42,82699.5,14.64,5.0,28242.05,21508.14,0,3.6,12,Credit Card
ORD202600191,2026-02-27 16:21:13.060884070,2026,2,Q1,Germany,Singapore,Motorcycles,Petrol,Corporate,Online,Speed Wheels,Meera,2,23657.29,47314.59,5.1,2413.04,44901.54,30620.26,14281.29,31.81,10.0,4490.15,1680.12,0,3.6,11,Credit Card
ORD202600192,2026-02-27 23:38:22.919099249,2026,2,Q1,UK,Brussels,Vintage Cars,Petrol,Corporate,Direct Sales,City Motors,Sofia,12,58073.03,696876.33,8.2,57143.86,639732.47,538978.3,100754.17,15.75,8.0,51178.6,20471.76,0,4.4,15,Cash
ORD202600193,2026-02-28 06:55:32.777314429,2026,2,Q1,Belgium,London,Trucks and Buses,Diesel,Government,Dealer,Prime Motors,Daniel,11,41913.69,461050.58,4.4,20286.23,440764.35,361375.89,79388.46,18.01,8.0,35261.15,11744.51,1,4.3,8,Bank Transfer
ORD202600194,2026-02-28 14:12:42.635529608,2026,2,Q1,France,Berlin,Vintage Cars,Diesel,Fleet,Distributor,Speed Wheels,Ananya,11,38233.96,420573.6,1.2,5046.88,415526.72,336062.69,79464.03,19.12,5.0,20776.34,8344.04,0,3.1,8,Credit Card
ORD202600195,2026-02-28 21:29:52.493744787,2026,2,Q1,France,Copenhagen,Motorcycles,Diesel,Government,Dealer,AutoMax,Ananya,7,26772.23,187405.64,4.7,8808.06,178597.57,126665.58,51931.99,29.08,10.0,17859.76,5091.81,0,3.7,6,UPI
ORD202600196,2026-03-01 04:47:02.351959967,2026,3,Q1,Denmark,Brussels,Vintage Cars,Petrol,Retail,Distributor,Speed Wheels,Meera,8,33328.68,266629.47,10.2,27196.21,239433.26,187034.66,52398.6,21.88,8.0,19154.66,11348.47,1,3.5,15,UPI
ORD202600197,2026-03-01 12:04:12.210175146,2026,3,Q1,Italy,Sydney,Trucks and Buses,Petrol,Retail,Online,Speed Wheels,Meera,7,81541.03,570787.19,12.8,73060.76,497726.43,446691.22,51035.21,10.25,18.0,89590.76,26690.01,0,4.2,2,UPI
ORD202600198,2026-03-01 19:21:22.068390325,2026,3,Q1,Singapore,New York,Trucks and Buses,Hybrid,Retail,Distributor,City Motors,Meera,14,46183.14,646563.92,0.6,3879.38,642684.53,460415.36,182269.17,28.36,18.0,115683.22,33711.99,0,3.1,5,Credit Card
ORD202600199,2026-03-02 02:38:31.926605505,2026,3,Q1,UK,Berlin,Motorcycles,Petrol,Retail,Direct Sales,AutoMax,Sofia,10,28924.44,289244.45,17.4,50328.53,238915.92,182753.64,56162.28,23.51,10.0,23891.59,8394.11,0,4.1,4,Credit Card
ORD202600200,2026-03-02 09:55:41.784820684,2026,3,Q1,Belgium,New York,Planes,Hybrid,Retail,Online,AutoMax,Meera,5,95371.99,476859.95,10.4,49593.43,427266.52,359616.92,67649.6,15.83,18.0,76907.97,10891.3,0,5.0,5,Cash
ORD202600201,2026-03-02 17:12:51.643035863,2026,3,Q1,France,Copenhagen,Ships,Petrol,Fleet,Direct Sales,Prime Motors,Sneha,1,139072.36,139072.36,16.5,22946.94,116125.42,88645.37,27480.04,23.66,10.0,11612.54,5227.36,1,4.2,9,Credit Card
ORD202600202,2026-03-03 00:30:01.501251043,2026,3,Q1,Denmark,New York,Motorcycles,Diesel,Government,Online,Speed Wheels,Vikram,6,16070.83,96424.97,15.8,15235.14,81189.82,57358.41,23831.41,29.35,12.0,9742.78,3678.57,0,5.0,2,Bank Transfer
ORD202600203,2026-03-03 07:47:11.359466222,2026,3,Q1,Philippines,Copenhagen,Classic Cars,Diesel,Retail,Dealer,Speed Wheels,Daniel,6,30077.89,180467.34,6.1,11008.51,169458.84,145219.5,24239.34,14.3,18.0,30502.59,3685.67,0,3.3,5,UPI
ORD202600204,2026-03-03 15:04:21.217681401,2026,3,Q1,France,Oslo,Vintage Cars,Diesel,Retail,Direct Sales,Prime Motors,Priya,11,64889.25,713781.8,7.3,52106.07,661675.73,545830.36,115845.37,17.51,10.0,66167.57,25736.92,1,4.9,13,Bank Transfer
ORD202600205,2026-03-03 22:21:31.075896581,2026,3,Q1,Italy,Mumbai,Classic Cars,Petrol,Retail,Direct Sales,Elite Cars,Vikram,2,78805.98,157611.96,3.4,5358.81,152253.15,129844.27,22408.88,14.72,18.0,27405.57,7210.06,0,4.9,8,Bank Transfer
ORD202600206,2026-03-04 05:38:40.934111760,2026,3,Q1,Canada,Mumbai,Trucks and Buses,Petrol,Corporate,Online,Prime Motors,Rahul,1,66960.03,66960.03,16.9,11316.24,55643.78,38576.21,17067.57,30.67,18.0,10015.88,2914.94,0,4.4,13,Bank Transfer
ORD202600207,2026-03-04 12:55:50.792326939,2026,3,Q1,Spain,Manila,Planes,Petrol,Corporate,Dealer,AutoMax,Arun,10,99180.5,991804.95,7.9,78352.59,913452.36,744543.65,168908.71,18.49,10.0,91345.24,45832.29,0,3.8,11,Credit Card
ORD202600208,2026-03-04 20:13:00.650542118,2026,3,Q1,Italy,Helsinki,Vintage Cars,Diesel,Corporate,Online,Elite Cars,Sofia,9,34971.86,314746.72,11.8,37140.11,277606.61,239192.45,38414.16,13.84,12.0,33312.79,9545.65,1,4.5,14,Credit Card
ORD202600209,2026-03-05 03:30:10.508757298,2026,3,Q1,USA,Berlin,Motorcycles,Hybrid,Retail,Dealer,Prime Motors,Karthik,11,36014.77,396162.51,0.4,1584.65,394577.86,334005.7,60572.16,15.35,10.0,39457.79,9735.55,0,4.4,6,Bank Transfer
ORD202600210,2026-03-05 10:47:20.366972477,2026,3,Q1,Australia,Rome,Motorcycles,Hybrid,Retail,Direct Sales,Speed Wheels,Ananya,9,23441.46,210973.13,9.2,19409.53,191563.6,135723.42,55840.18,29.15,12.0,22987.63,4232.9,0,3.4,2,Finance
ORD202600211,2026-03-05 18:04:30.225187656,2026,3,Q1,Spain,Stockholm,Trucks and Buses,Petrol,Government,Dealer,Global Auto,Sofia,6,49721.63,298329.78,3.4,10143.21,288186.56,258085.54,30101.02,10.44,10.0,28818.66,13924.06,0,4.1,11,Cash
ORD202600212,2026-03-06 01:21:40.083402836,2026,3,Q1,Germany,Vienna,Vintage Cars,Diesel,Fleet,Direct Sales,Prime Motors,Rahul,9,66543.04,598887.35,16.3,97618.64,501268.72,383413.85,117854.86,23.51,18.0,90228.37,11857.47,0,5.0,7,UPI
ORD202600213,2026-03-06 08:38:49.941618015,2026,3,Q1,Finland,Zurich,Motorcycles,Diesel,Retail,Direct Sales,Prime Motors,Ananya,9,10795.19,97156.7,6.8,6606.66,90550.04,79384.01,11166.03,12.33,12.0,10866.0,4184.15,1,3.6,3,UPI
ORD202600214,2026-03-06 15:55:59.799833194,2026,3,Q1,Norway,Oslo,Vintage Cars,Diesel,Fleet,Dealer,City Motors,Priya,7,32895.01,230265.09,11.9,27401.55,202863.55,169098.61,33764.94,16.64,10.0,20286.35,5220.41,0,4.8,7,Credit Card
ORD202600215,2026-03-06 23:13:09.658048374,2026,3,Q1,UK,Sydney,Motorcycles,Petrol,Fleet,Dealer,Prime Motors,Meera,3,28707.45,86122.34,16.0,13779.57,72342.77,52374.85,19967.91,27.6,8.0,5787.42,3817.45,0,4.7,3,Credit Card
ORD202600216,2026-03-07 06:30:19.516263553,2026,3,Q1,Finland,Stockholm,Trains,Diesel,Retail,Dealer,City Motors,Ananya,5,38547.15,192735.77,10.0,19273.58,173462.19,155046.11,18416.08,10.62,18.0,31223.19,4578.17,0,3.9,10,Finance
ORD202600217,2026-03-07 13:47:29.374478732,2026,3,Q1,India,Paris,Classic Cars,Petrol,Fleet,Direct Sales,Prime Motors,Priya,12,52738.84,632866.02,0.8,5062.93,627803.1,523708.39,104094.71,16.58,10.0,62780.31,19193.19,0,4.5,5,UPI
ORD202600218,2026-03-07 21:04:39.232693912,2026,3,Q1,India,Mumbai,Motorcycles,Petrol,Fleet,Dealer,Speed Wheels,Priya,4,30027.11,120108.44,2.0,2402.17,117706.27,102623.31,15082.96,12.81,18.0,21187.13,2458.45,1,3.7,11,Credit Card
ORD202600219,2026-03-08 04:21:49.090909091,2026,3,Q1,France,Stockholm,Vintage Cars,Electric,Fleet,Dealer,Elite Cars,Arun,4,49907.47,199629.89,17.6,35134.86,164495.03,130334.37,34160.65,20.77,18.0,29609.11,3922.13,0,4.2,8,Finance
ORD202600220,2026-03-08 11:38:58.949124270,2026,3,Q1,Australia,Tokyo,Classic Cars,Hybrid,Retail,Direct Sales,Elite Cars,Sofia,1,65801.41,65801.41,11.1,7303.96,58497.46,50474.7,8022.76,13.71,8.0,4679.8,2120.17,0,4.3,10,Credit Card
ORD202600221,2026-03-08 18:56:08.807339450,2026,3,Q1,France,Sydney,Trains,Electric,Retail,Direct Sales,Elite Cars,Sneha,13,51769.09,672998.18,9.0,60569.84,612428.34,517490.57,94937.78,15.5,12.0,73491.4,26849.08,0,4.4,6,Credit Card
ORD202600222,2026-03-09 02:13:18.665554629,2026,3,Q1,Finland,New York,Vintage Cars,Petrol,Fleet,Dealer,Elite Cars,Sofia,5,36707.51,183537.54,2.1,3854.29,179683.25,131563.05,48120.19,26.78,8.0,14374.66,5481.61,0,4.0,10,Finance
ORD202600223,2026-03-09 09:30:28.523769808,2026,3,Q1,Finland,Tokyo,Vintage Cars,Electric,Retail,Direct Sales,Global Auto,Sofia,1,29067.42,29067.42,5.3,1540.57,27526.84,23307.34,4219.5,15.33,18.0,4954.83,1135.56,0,3.6,10,Bank Transfer
ORD202600224,2026-03-09 16:47:38.381984988,2026,3,Q1,Sweden,Stockholm,Classic Cars,Electric,Retail,Online,Speed Wheels,Sofia,10,51000.91,510009.05,1.8,9180.16,500828.89,413978.09,86850.8,17.34,10.0,50082.89,17030.89,1,4.7,7,Cash
ORD202600225,2026-03-10 00:04:48.240200167,2026,3,Q1,Austria,Rome,Ships,Electric,Retail,Distributor,Prime Motors,Vikram,9,57995.84,521962.57,14.2,74118.68,447843.88,342853.52,104990.36,23.44,18.0,80611.9,7712.74,0,4.1,10,UPI
ORD202600226,2026-03-10 07:21:58.098415346,2026,3,Q1,USA,Helsinki,Trucks and Buses,Petrol,Retail,Online,AutoMax,Priya,12,84980.68,1019768.16,10.2,104016.35,915751.81,786898.43,128853.38,14.07,10.0,91575.18,49077.93,0,3.9,2,Bank Transfer
ORD202600227,2026-03-10 14:39:07.956630526,2026,3,Q1,Canada,Paris,Trucks and Buses,Diesel,Retail,Online,AutoMax,Karthik,8,62326.48,498611.82,1.5,7479.18,491132.65,440246.79,50885.86,10.36,18.0,88403.88,23829.8,0,4.9,6,Cash
ORD202600228,2026-03-10 21:56:17.814845705,2026,3,Q1,India,Berlin,Trucks and Buses,Diesel,Government,Direct Sales,Speed Wheels,Ananya,6,89821.56,538929.36,10.2,54970.79,483958.56,343343.2,140615.36,29.06,12.0,58075.03,14252.11,0,4.5,11,Finance
ORD202600229,2026-03-11 05:13:27.673060884,2026,3,Q1,Belgium,Tokyo,Vintage Cars,Petrol,Government,Dealer,Global Auto,Arun,6,29188.05,175128.27,3.9,6830.0,168298.27,120299.74,47998.53,28.52,8.0,13463.86,2763.49,1,4.2,11,UPI
ORD202600230,2026-03-11 12:30:37.531276063,2026,3,Q1,Belgium,Paris,Vintage Cars,Petrol,Retail,Online,Speed Wheels,Karthik,11,43432.28,477755.07,10.2,48731.02,429024.05,318926.16,110097.89,25.66,12.0,51482.89,19869.11,0,5.0,7,Finance
ORD202600231,2026-03-11 19:47:47.389491243,2026,3,Q1,Philippines,Stockholm,Planes,Hybrid,Retail,Online,AutoMax,Meera,15,91488.79,1372331.86,3.0,41169.96,1331161.91,1183593.24,147568.67,11.09,10.0,133116.19,68775.32,0,4.0,15,Credit Card
ORD202600232,2026-03-12 03:04:57.247706422,2026,3,Q1,Austria,Copenhagen,Trucks and Buses,Diesel,Fleet,Distributor,City Motors,Karthik,6,49127.84,294767.05,17.4,51289.47,243477.58,214629.0,28848.58,11.85,18.0,43825.96,8650.02,0,4.1,5,Cash
ORD202600233,2026-03-12 10:22:07.105921601,2026,3,Q1,Italy,Sydney,Ships,Electric,Fleet,Dealer,Prime Motors,Ananya,14,91197.78,1276768.96,3.0,38303.07,1238465.9,1001287.25,237178.64,19.15,8.0,99077.27,55044.02,1,3.8,2,Credit Card
ORD202600234,2026-03-12 17:39:16.964136781,2026,3,Q1,Belgium,Copenhagen,Vintage Cars,Diesel,Government,Dealer,Speed Wheels,Vikram,6,39949.15,239694.93,2.6,6232.07,233462.86,167330.77,66132.09,28.33,12.0,28015.54,7697.37,0,4.7,11,Finance
ORD202600235,2026-03-13 00:56:26.822351960,2026,3,Q1,India,Toronto,Vintage Cars,Petrol,Fleet,Direct Sales,AutoMax,Sneha,3,39674.52,119023.55,14.7,17496.46,101527.09,78362.84,23164.25,22.82,12.0,12183.25,4391.73,0,3.9,2,Bank Transfer
ORD202600236,2026-03-13 08:13:36.680567139,2026,3,Q1,Finland,Brussels,Vintage Cars,Petrol,Retail,Dealer,City Motors,Vikram,4,28058.55,112234.18,3.3,3703.73,108530.45,81704.52,26825.93,24.72,12.0,13023.65,1837.44,1,4.8,5,Finance
ORD202600237,2026-03-13 15:30:46.538782319,2026,3,Q1,Italy,Singapore,Vintage Cars,Diesel,Retail,Direct Sales,Global Auto,Priya,6,54366.63,326199.8,9.9,32293.78,293906.02,256362.9,37543.12,12.77,10.0,29390.6,12922.83,1,4.0,10,UPI
ORD202600238,2026-03-13 22:47:56.396997498,2026,3,Q1,Belgium,Brussels,Classic Cars,Petrol,Retail,Online,Speed Wheels,Sofia,8,50911.68,407293.45,16.0,65166.95,342126.5,270831.05,71295.45,20.84,12.0,41055.18,17296.51,0,4.1,3,UPI
ORD202600239,2026-03-14 06:05:06.255212677,2026,3,Q1,Japan,Rome,Classic Cars,Petrol,Retail,Distributor,Prime Motors,Vikram,9,85901.41,773112.73,5.7,44067.43,729045.31,536266.87,192778.44,26.44,8.0,58323.62,24228.59,0,4.3,12,Finance
ORD202600240,2026-03-14 13:22:16.113427857,2026,3,Q1,France,Mumbai,Vintage Cars,Petrol,Retail,Direct Sales,AutoMax,Arun,12,66074.25,792891.04,9.8,77703.32,715187.72,618295.63,96892.09,13.55,10.0,71518.77,15070.56,0,4.9,13,Bank Transfer
ORD202600241,2026-03-14 20:39:25.971643036,2026,3,Q1,Denmark,Rome,Motorcycles,Petrol,Retail,Direct Sales,AutoMax,Karthik,2,11013.08,22026.16,14.8,3259.87,18766.29,16048.51,2717.78,14.48,12.0,2251.95,481.36,0,4.1,4,UPI
ORD202600242,2026-03-15 03:56:35.829858215,2026,3,Q1,Finland,Sydney,Classic Cars,Petrol,Retail,Direct Sales,Global Auto,Rahul,5,36404.62,182023.08,14.8,26939.42,155083.67,118588.92,36494.75,23.53,8.0,12406.69,5098.08,0,5.0,5,Credit Card
ORD202600243,2026-03-15 11:13:45.688073395,2026,3,Q1,Finland,Manila,Classic Cars,Hybrid,Corporate,Online,Elite Cars,Priya,3,46501.69,139505.07,16.4,22878.83,116626.24,102987.53,13638.71,11.69,18.0,20992.72,5345.17,1,4.5,15,Credit Card
ORD202600244,2026-03-15 18:30:55.546288574,2026,3,Q1,UK,Rome,Planes,Petrol,Retail,Dealer,Speed Wheels,Sneha,15,166641.78,2499626.64,7.9,197470.5,2302156.14,2045796.71,256359.43,11.14,8.0,184172.49,81342.03,0,4.2,5,Finance
ORD202600245,2026-03-16 01:48:05.404503753,2026,3,Q1,France,Zurich,Vintage Cars,Petrol,Retail,Dealer,AutoMax,Meera,4,47740.07,190960.29,2.8,5346.89,185613.4,126980.58,58632.82,31.59,12.0,22273.61,6421.29,0,3.9,7,Finance
ORD202600246,2026-03-16 09:05:15.262718933,2026,3,Q1,Singapore,Copenhagen,Trucks and Buses,Hybrid,Fleet,Dealer,Prime Motors,Priya,2,46200.97,92401.94,1.1,1016.42,91385.52,68678.06,22707.46,24.85,18.0,16449.39,4522.32,0,4.8,5,UPI
ORD202600247,2026-03-16 16:22:25.120934112,2026,3,Q1,Germany,Mumbai,Vintage Cars,Electric,Retail,Dealer,Speed Wheels,Sofia,5,57176.56,285882.82,6.9,19725.91,266156.91,214910.19,51246.72,19.25,8.0,21292.55,10678.2,0,4.1,13,Credit Card
ORD202600248,2026-03-16 23:39:34.979149291,2026,3,Q1,Canada,Mumbai,Classic Cars,Petrol,Corporate,Dealer,City Motors,Priya,9,66344.16,597097.44,1.2,7165.17,589932.27,511709.35,78222.92,13.26,10.0,58993.23,26004.81,1,4.4,8,Bank Transfer
ORD202600249,2026-03-17 06:56:44.837364470,2026,3,Q1,Denmark,Toronto,Vintage Cars,Diesel,Retail,Distributor,City Motors,Sneha,14,24994.06,349916.82,0.3,1049.75,348867.07,306860.5,42006.57,12.04,5.0,17443.35,7629.91,1,4.3,8,Credit Card
ORD202600250,2026-03-17 14:13:54.695579650,2026,3,Q1,Norway,Sydney,Motorcycles,Diesel,Retail,Online,Elite Cars,Meera,3,12105.7,36317.1,17.3,6282.86,30034.24,22572.72,7461.52,24.84,10.0,3003.42,1251.33,1,3.4,14,Cash
ORD202600251,2026-03-17 21:31:04.553794829,2026,3,Q1,Denmark,New York,Vintage Cars,Electric,Government,Dealer,AutoMax,Karthik,3,31947.83,95843.49,0.5,479.22,95364.27,78231.28,17132.99,17.97,8.0,7629.14,2263.37,0,4.1,5,Bank Transfer
ORD202600252,2026-03-18 04:48:14.412010008,2026,3,Q1,Austria,Berlin,Trucks and Buses,Diesel,Fleet,Distributor,Prime Motors,Priya,1,51167.2,51167.2,4.3,2200.19,48967.01,36721.02,12245.99,25.01,10.0,4896.7,2147.18,0,4.6,9,UPI
ORD202600253,2026-03-18 12:05:24.270225188,2026,3,Q1,Denmark,Sydney,Vintage Cars,Petrol,Fleet,Dealer,City Motors,Sofia,8,24658.24,197265.88,11.8,23277.37,173988.51,155591.12,18397.39,10.57,18.0,31317.93,4851.81,0,3.8,5,UPI
ORD202600254,2026-03-18 19:22:34.128440367,2026,3,Q1,UK,Rome,Motorcycles,Diesel,Fleet,Online,Prime Motors,Rahul,10,24635.04,246350.37,14.6,35967.15,210383.22,184991.61,25391.61,12.07,12.0,25245.99,11464.37,0,3.4,9,UPI
ORD202600255,2026-03-19 02:39:43.986655546,2026,3,Q1,Denmark,Singapore,Motorcycles,Diesel,Retail,Dealer,Speed Wheels,Arun,6,11978.35,71870.08,0.7,503.09,71366.99,51911.71,19455.28,27.26,10.0,7136.7,2198.57,0,4.4,13,Credit Card
ORD202600256,2026-03-19 09:56:53.844870726,2026,3,Q1,UK,New York,Motorcycles,Hybrid,Government,Distributor,Global Auto,Rahul,7,29172.17,204205.18,17.1,34919.09,169286.09,149520.64,19765.45,11.68,18.0,30471.5,4304.28,0,4.0,6,UPI
ORD202600257,2026-03-19 17:14:03.703085905,2026,3,Q1,Denmark,Singapore,Vintage Cars,Hybrid,Retail,Direct Sales,Speed Wheels,Priya,14,35396.1,495545.42,8.7,43112.45,452432.96,319578.17,132854.8,29.36,5.0,22621.65,21074.85,1,3.7,3,Cash
ORD202600258,2026-03-20 00:31:13.561301084,2026,3,Q1,Italy,Sydney,Trucks and Buses,Petrol,Fleet,Dealer,Elite Cars,Priya,2,53084.16,106168.32,5.5,5839.26,100329.07,78842.47,21486.6,21.42,10.0,10032.91,5229.98,0,3.7,7,Bank Transfer
ORD202600259,2026-03-20 07:48:23.419516264,2026,3,Q1,Belgium,Singapore,Classic Cars,Hybrid,Retail,Direct Sales,Global Auto,Sneha,11,47807.57,525883.23,9.8,51536.56,474346.67,328107.82,146238.85,30.83,5.0,23717.33,21850.22,1,3.6,5,Finance
ORD202600260,2026-03-20 15:05:33.277731443,2026,3,Q1,Australia,Zurich,Trains,Petrol,Retail,Dealer,City Motors,Karthik,1,48409.12,48409.12,13.1,6341.59,42067.52,34403.85,7663.67,18.22,8.0,3365.4,1199.77,1,4.4,10,Cash
ORD202600261,2026-03-20 22:22:43.135946622,2026,3,Q1,UK,Berlin,Vintage Cars,Diesel,Government,Online,Elite Cars,Vikram,10,55753.26,557532.63,12.2,68018.98,489513.65,396150.53,93363.12,19.07,10.0,48951.36,8658.78,1,4.1,8,Credit Card
ORD202600262,2026-03-21 05:39:52.994161802,2026,3,Q1,Australia,Tokyo,Classic Cars,Petrol,Retail,Direct Sales,Prime Motors,Sneha,14,65554.72,917766.05,4.7,43135.0,874631.05,616903.33,257727.71,29.47,12.0,104955.73,41309.97,0,4.2,4,Finance
ORD202600263,2026-03-21 12:57:02.852376981,2026,3,Q1,Switzerland,Helsinki,Classic Cars,Diesel,Corporate,Direct Sales,AutoMax,Arun,4,61961.38,247845.53,11.3,28006.54,219838.98,163121.33,56717.66,25.8,12.0,26380.68,4988.4,0,3.9,11,Finance
ORD202600264,2026-03-21 20:14:12.710592160,2026,3,Q1,Belgium,Oslo,Motorcycles,Petrol,Fleet,Dealer,Global Auto,Vikram,13,13712.49,178262.38,10.9,19430.6,158831.78,139770.82,19060.96,12.0,18.0,28589.72,6321.3,1,4.0,7,Finance
ORD202600265,2026-03-22 03:31:22.568807340,2026,3,Q1,Italy,Helsinki,Trucks and Buses,Petrol,Retail,Dealer,Elite Cars,Ananya,9,61487.55,553387.91,17.6,97396.27,455991.64,315954.57,140037.07,30.71,10.0,45599.16,11596.26,0,3.9,7,UPI
ORD202600266,2026-03-22 10:48:32.427022519,2026,3,Q1,Spain,Copenhagen,Classic Cars,Hybrid,Fleet,Distributor,City Motors,Vikram,9,58241.48,524173.33,10.6,55562.37,468610.95,406777.71,61833.24,13.2,18.0,84349.97,14604.65,0,4.4,15,Finance
ORD202600267,2026-03-22 18:05:42.285237698,2026,3,Q1,France,Vienna,Vintage Cars,Diesel,Government,Dealer,Prime Motors,Karthik,10,57056.42,570564.23,15.9,90719.71,479844.52,361530.58,118313.94,24.66,10.0,47984.45,13986.86,0,3.8,2,Cash
ORD202600268,2026-03-23 01:22:52.143452877,2026,3,Q1,Spain,Brussels,Motorcycles,Diesel,Retail,Online,Elite Cars,Priya,15,24675.86,370137.92,13.8,51079.03,319058.89,268121.86,50937.02,15.96,10.0,31905.89,7327.11,0,4.4,12,Bank Transfer
ORD202600269,2026-03-23 08:40:02.001668057,2026,3,Q1,Norway,Paris,Trains,Hybrid,Retail,Online,Speed Wheels,Sneha,5,42331.14,211655.7,16.9,35769.81,175885.89,121959.38,53926.51,30.66,12.0,21106.31,9234.28,0,3.4,11,UPI
ORD202600270,2026-03-23 15:57:11.859883236,2026,3,Q1,Japan,Paris,Trucks and Buses,Hybrid,Retail,Direct Sales,Elite Cars,Priya,15,71908.28,1078624.21,14.7,158557.76,920066.45,692329.79,227736.66,24.75,12.0,110407.97,22448.27,1,4.0,9,Bank Transfer
ORD202600271,2026-03-23 23:14:21.718098415,2026,3,Q1,Italy,Sydney,Trucks and Buses,Hybrid,Retail,Dealer,AutoMax,Arun,11,84776.82,932544.98,4.9,45694.7,886850.27,671815.84,215034.43,24.25,12.0,106422.03,18843.36,0,3.6,3,UPI
ORD202600272,2026-03-24 06:31:31.576313595,2026,3,Q1,Sweden,Paris,Ships,Hybrid,Fleet,Direct Sales,Speed Wheels,Sneha,13,67106.84,872388.88,7.5,65429.17,806959.71,623978.94,182980.78,22.68,18.0,145252.75,42130.01,1,4.5,8,UPI
ORD202600273,2026-03-24 13:48:41.434528774,2026,3,Q1,Philippines,Rome,Motorcycles,Petrol,Retail,Online,Prime Motors,Ananya,2,16294.95,32589.89,17.9,5833.59,26756.3,19665.75,7090.56,26.5,8.0,2140.5,1470.92,0,4.3,9,UPI
ORD202600274,2026-03-24 21:05:51.292743953,2026,3,Q1,Canada,Madrid,Classic Cars,Petrol,Retail,Dealer,Prime Motors,Daniel,7,42837.49,299862.42,1.2,3598.35,296264.07,256855.66,39408.41,13.3,5.0,14813.2,6482.29,1,4.1,8,Finance
ORD202600275,2026-03-25 04:23:01.150959133,2026,3,Q1,Finland,Helsinki,Planes,Electric,Retail,Direct Sales,Prime Motors,Sofia,1,71100.17,71100.17,0.9,639.9,70460.27,52192.6,18267.68,25.93,10.0,7046.03,3543.87,1,2.9,8,UPI
ORD202600276,2026-03-25 11:40:11.009174312,2026,3,Q1,France,Helsinki,Motorcycles,Hybrid,Retail,Online,City Motors,Vikram,1,29420.5,29420.5,5.0,1471.03,27949.48,24290.66,3658.81,13.09,18.0,5030.91,845.29,0,4.3,7,Bank Transfer
ORD202600277,2026-03-25 18:57:20.867389491,2026,3,Q1,Spain,Madrid,Classic Cars,Petrol,Retail,Online,Global Auto,Daniel,15,49740.77,746111.54,11.2,83564.49,662547.05,475587.81,186959.24,28.22,8.0,53003.76,26517.07,0,3.5,6,UPI
ORD202600278,2026-03-26 02:14:30.725604671,2026,3,Q1,Sweden,Copenhagen,Classic Cars,Electric,Retail,Online,City Motors,Rahul,4,56370.9,225483.6,12.0,27058.03,198425.56,146174.64,52250.93,26.33,5.0,9921.28,7918.4,0,3.8,6,Cash
ORD202600279,2026-03-26 09:31:40.583819850,2026,3,Q1,Belgium,Tokyo,Trucks and Buses,Hybrid,Retail,Distributor,Prime Motors,Priya,11,43341.51,476756.59,11.8,56257.28,420499.31,291715.27,128784.04,30.63,10.0,42049.93,7628.41,0,4.6,8,Bank Transfer
ORD202600280,2026-03-26 16:48:50.442035029,2026,3,Q1,Sweden,Manila,Trucks and Buses,Hybrid,Retail,Direct Sales,AutoMax,Sofia,2,44151.04,88302.08,11.2,9889.83,78412.25,56889.51,21522.74,27.45,10.0,7841.23,1738.77,1,4.9,15,Credit Card
ORD202600281,2026-03-27 00:06:00.300250209,2026,3,Q1,Switzerland,Rome,Planes,Petrol,Corporate,Direct Sales,Global Auto,Rahul,1,101061.56,101061.56,5.2,5255.2,95806.36,70697.48,25108.88,26.21,12.0,11496.76,3112.78,0,3.4,2,Bank Transfer
ORD202600282,2026-03-27 07:23:10.158465388,2026,3,Q1,India,Sydney,Vintage Cars,Hybrid,Fleet,Online,AutoMax,Arun,1,49958.5,49958.5,9.8,4895.93,45062.57,32944.01,12118.56,26.89,18.0,8111.26,1046.2,0,4.3,9,Credit Card
ORD202600283,2026-03-27 14:40:20.016680567,2026,3,Q1,Germany,Singapore,Classic Cars,Hybrid,Retail,Direct Sales,City Motors,Vikram,4,84391.91,337567.63,4.5,15190.54,322377.08,287585.01,34792.08,10.79,18.0,58027.87,16203.05,0,4.0,6,Cash
ORD202600284,2026-03-27 21:57:29.874895747,2026,3,Q1,Switzerland,Manila,Motorcycles,Diesel,Retail,Dealer,AutoMax,Vikram,4,14854.41,59417.65,7.1,4218.65,55198.99,44890.66,10308.33,18.67,10.0,5519.9,1563.82,0,4.1,12,Bank Transfer
ORD202600285,2026-03-28 05:14:39.733110926,2026,3,Q1,Philippines,Manila,Ships,Petrol,Fleet,Online,Elite Cars,Vikram,6,48618.56,291711.33,8.6,25087.17,266624.16,182106.58,84517.58,31.7,18.0,47992.35,11052.7,1,4.1,5,Credit Card
ORD202600286,2026-03-28 12:31:49.591326105,2026,3,Q1,Belgium,Brussels,Trucks and Buses,Petrol,Retail,Direct Sales,Speed Wheels,Sofia,2,44433.04,88866.09,17.2,15284.97,73581.12,58378.35,15202.77,20.66,18.0,13244.6,1620.51,0,4.7,14,Finance
ORD202600287,2026-03-28 19:48:59.449541284,2026,3,Q1,Denmark,Berlin,Motorcycles,Petrol,Retail,Dealer,Global Auto,Meera,10,12444.27,124442.73,2.8,3484.4,120958.33,83636.27,37322.06,30.86,10.0,12095.83,3348.09,0,4.6,10,UPI
ORD202600288,2026-03-29 03:06:09.307756464,2026,3,Q1,Norway,Toronto,Classic Cars,Hybrid,Retail,Dealer,City Motors,Priya,12,34853.33,418239.96,5.5,23003.2,395236.77,324365.5,70871.27,17.93,12.0,47428.41,10110.59,0,3.1,2,Cash
ORD202600289,2026-03-29 10:23:19.165971643,2026,3,Q1,Philippines,Berlin,Trucks and Buses,Petrol,Retail,Direct Sales,Elite Cars,Sneha,4,33985.98,135943.91,12.9,17536.76,118407.15,105901.53,12505.62,10.56,8.0,9472.57,4380.44,1,4.0,6,Cash
ORD202600290,2026-03-29 17:40:29.024186822,2026,3,Q1,USA,Berlin,Trucks and Buses,Diesel,Fleet,Dealer,AutoMax,Rahul,8,127439.52,1019516.17,17.9,182493.39,837022.77,610923.18,226099.59,27.01,12.0,100442.73,32560.41,0,4.1,11,Finance
ORD202600291,2026-03-30 00:57:38.882402002,2026,3,Q1,Austria,Singapore,Motorcycles,Petrol,Fleet,Dealer,City Motors,Sneha,13,12646.21,164400.71,2.1,3452.41,160948.3,116394.01,44554.28,27.68,10.0,16094.83,4440.18,1,5.0,8,UPI
ORD202600292,2026-03-30 08:14:48.740617181,2026,3,Q1,Belgium,Paris,Vintage Cars,Hybrid,Corporate,Direct Sales,City Motors,Vikram,3,42779.31,128337.92,4.0,5133.52,123204.4,98167.82,25036.59,20.32,18.0,22176.79,1989.03,0,4.9,13,Cash
ORD202600293,2026-03-30 15:31:58.598832360,2026,3,Q1,Switzerland,Oslo,Ships,Hybrid,Retail,Dealer,AutoMax,Meera,14,86560.13,1211841.83,17.9,216919.69,994922.14,792613.38,202308.77,20.33,18.0,179085.99,39190.32,0,4.3,15,Cash
ORD202600294,2026-03-30 22:49:08.457047540,2026,3,Q1,Denmark,Berlin,Classic Cars,Diesel,Retail,Dealer,City Motors,Priya,6,33073.16,198438.97,16.1,31948.67,166490.3,147246.1,19244.2,11.56,10.0,16649.03,8927.87,0,3.6,2,Credit Card
ORD202600295,2026-03-31 06:06:18.315262719,2026,3,Q1,India,Paris,Classic Cars,Hybrid,Retail,Dealer,City Motors,Sofia,1,78857.41,78857.41,11.1,8753.17,70104.24,60833.0,9271.23,13.22,12.0,8412.51,1965.33,0,4.7,12,Credit Card
ORD202600296,2026-03-31 13:23:28.173477898,2026,3,Q1,Denmark,Stockholm,Classic Cars,Hybrid,Fleet,Direct Sales,AutoMax,Sneha,9,52505.14,472546.28,11.2,52925.18,419621.09,288711.12,130909.97,31.2,18.0,75531.8,6918.12,0,4.9,15,Finance
ORD202600297,2026-03-31 20:40:38.031693078,2026,3,Q1,Denmark,Vienna,Trucks and Buses,Electric,Retail,Distributor,City Motors,Priya,4,34987.16,139948.63,17.6,24630.96,115317.67,81598.09,33719.58,29.24,10.0,11531.77,2241.99,1,3.8,12,Bank Transfer
ORD202600298,2026-04-01 03:57:47.889908257,2026,4,Q2,Philippines,Toronto,Trucks and Buses,Electric,Corporate,Online,Elite Cars,Meera,8,34113.48,272907.87,8.8,24015.89,248891.98,214984.96,33907.02,13.62,12.0,29867.04,4762.2,1,4.8,8,Credit Card
ORD202600299,2026-04-01 11:14:57.748123436,2026,4,Q2,Canada,Zurich,Vintage Cars,Petrol,Corporate,Dealer,Elite Cars,Ananya,14,40425.55,565957.66,2.6,14714.9,551242.76,410169.75,141073.01,25.59,18.0,99223.7,12618.47,1,4.1,14,Finance
ORD202600300,2026-04-01 18:32:07.606338616,2026,4,Q2,Germany,Toronto,Motorcycles,Hybrid,Retail,Online,Prime Motors,Arun,4,25889.02,103556.1,6.9,7145.37,96410.73,71358.05,25052.68,25.99,12.0,11569.29,2440.31,0,4.3,12,UPI
ORD202600301,2026-04-02 01:49:17.464553795,2026,4,Q2,Norway,Copenhagen,Classic Cars,Hybrid,Fleet,Direct Sales,Global Auto,Daniel,11,41132.13,452453.38,8.7,39363.44,413089.94,300568.83,112521.11,27.24,5.0,20654.5,9949.17,0,3.5,7,Credit Card
ORD202600302,2026-04-02 09:06:27.322768974,2026,4,Q2,Philippines,Singapore,Vintage Cars,Hybrid,Corporate,Direct Sales,AutoMax,Daniel,5,25577.08,127885.39,1.0,1278.85,126606.53,109095.28,17511.25,13.83,18.0,22789.18,5789.24,1,4.0,9,Credit Card
ORD202600303,2026-04-02 16:23:37.180984154,2026,4,Q2,Australia,Sydney,Classic Cars,Diesel,Corporate,Direct Sales,Prime Motors,Arun,9,65895.62,593060.54,10.5,62271.36,530789.18,423068.6,107720.59,20.29,8.0,42463.13,26110.26,0,3.8,15,Bank Transfer
ORD202600304,2026-04-02 23:40:47.039199333,2026,4,Q2,Denmark,New York,Trucks and Buses,Hybrid,Retail,Online,Global Auto,Daniel,11,51519.38,566713.22,13.3,75372.86,491340.36,356771.24,134569.13,27.39,12.0,58960.84,16982.51,1,3.9,4,Credit Card
ORD202600305,2026-04-03 06:57:56.897414512,2026,4,Q2,Austria,Mumbai,Trucks and Buses,Diesel,Corporate,Online,Global Auto,Priya,9,51632.64,464693.78,1.1,5111.63,459582.15,392416.94,67165.21,14.61,5.0,22979.11,13718.73,1,3.8,10,Finance
ORD202600306,2026-04-03 14:15:06.755629692,2026,4,Q2,Finland,Madrid,Planes,Petrol,Corporate,Direct Sales,City Motors,Karthik,15,63970.92,959563.78,0.5,4797.82,954765.97,680551.17,274214.79,28.72,8.0,76381.28,39158.64,0,3.6,13,Cash
ORD202600307,2026-04-03 21:32:16.613844871,2026,4,Q2,Japan,Mumbai,Trucks and Buses,Petrol,Retail,Dealer,Speed Wheels,Sneha,3,70177.65,210532.96,17.1,36001.14,174531.82,154692.5,19839.32,11.37,10.0,17453.18,5728.52,0,3.3,13,Bank Transfer
ORD202600308,2026-04-04 04:49:26.472060050,2026,4,Q2,Norway,Toronto,Classic Cars,Electric,Retail,Distributor,Global Auto,Karthik,13,47598.24,618777.06,0.6,3712.66,615064.4,436662.08,178402.32,29.01,10.0,61506.44,22660.65,0,4.7,10,Credit Card
ORD202600309,2026-04-04 12:06:36.330275229,2026,4,Q2,France,Brussels,Vintage Cars,Electric,Retail,Online,Global Auto,Ananya,14,38078.82,533103.44,14.5,77300.0,455803.45,324118.22,131685.23,28.89,8.0,36464.28,16981.62,0,4.1,8,Cash
ORD202600310,2026-04-04 19:23:46.188490409,2026,4,Q2,Spain,Singapore,Motorcycles,Hybrid,Retail,Dealer,City Motors,Priya,13,19073.31,247953.01,12.8,31737.99,216215.03,160815.28,55399.74,25.62,8.0,17297.2,6392.37,0,4.7,3,Finance
ORD202600311,2026-04-05 02:40:56.046705588,2026,4,Q2,Germany,Mumbai,Trucks and Buses,Petrol,Fleet,Online,Global Auto,Arun,8,85273.84,682190.74,16.6,113243.66,568947.08,497668.92,71278.16,12.53,12.0,68273.65,26915.75,0,4.3,7,Cash
ORD202600312,2026-04-05 09:58:05.904920767,2026,4,Q2,Germany,Tokyo,Motorcycles,Petrol,Retail,Dealer,AutoMax,Daniel,10,24137.35,241373.52,10.9,26309.71,215063.8,181413.33,33650.47,15.65,18.0,38711.48,8584.37,0,5.0,6,Bank Transfer
ORD202600313,2026-04-05 17:15:15.763135947,2026,4,Q2,UK,London,Trucks and Buses,Petrol,Retail,Direct Sales,AutoMax,Vikram,8,64518.0,516144.02,11.3,58324.27,457819.75,364288.53,93531.22,20.43,10.0,45781.97,20822.23,0,4.3,15,Bank Transfer
ORD202600314,2026-04-06 00:32:25.621351126,2026,4,Q2,Singapore,New York,Trains,Petrol,Retail,Online,AutoMax,Sofia,2,29329.24,58658.48,1.1,645.24,58013.24,44116.55,13896.69,23.95,8.0,4641.06,1631.09,0,4.6,5,Finance
ORD202600315,2026-04-06 07:49:35.479566305,2026,4,Q2,Singapore,Helsinki,Vintage Cars,Petrol,Retail,Direct Sales,AutoMax,Priya,11,44492.35,489415.83,7.2,35237.94,454177.89,368562.23,85615.66,18.85,18.0,81752.02,13981.77,0,4.0,2,Bank Transfer
ORD202600316,2026-04-06 15:06:45.337781485,2026,4,Q2,Switzerland,Rome,Planes,Petrol,Retail,Dealer,Elite Cars,Rahul,11,102734.01,1130074.1,5.1,57633.78,1072440.32,851675.28,220765.04,20.59,12.0,128692.84,43174.27,0,4.8,3,Credit Card
ORD202600317,2026-04-06 22:23:55.195996664,2026,4,Q2,Switzerland,Toronto,Classic Cars,Electric,Retail,Distributor,Prime Motors,Meera,6,57150.48,342902.9,16.3,55893.17,287009.72,206834.27,80175.45,27.93,10.0,28700.97,8241.95,0,4.5,12,UPI
ORD202600318,2026-04-07 05:41:05.054211843,2026,4,Q2,UK,London,Vintage Cars,Petrol,Retail,Dealer,AutoMax,Meera,3,41784.38,125353.13,15.9,19931.15,105421.98,88271.86,17150.12,16.27,10.0,10542.2,5353.56,1,4.9,15,Finance
ORD202600319,2026-04-07 12:58:14.912427023,2026,4,Q2,Denmark,Stockholm,Trucks and Buses,Petrol,Retail,Online,Speed Wheels,Vikram,6,49758.87,298553.22,7.2,21495.83,277057.39,197763.98,79293.4,28.62,10.0,27705.74,7470.19,1,4.6,14,Cash
ORD202600320,2026-04-07 20:15:24.770642202,2026,4,Q2,Italy,Helsinki,Vintage Cars,Electric,Retail,Dealer,Prime Motors,Arun,14,39125.87,547762.12,6.4,35056.78,512705.34,416958.09,95747.26,18.67,12.0,61524.64,19916.99,0,4.1,5,Bank Transfer
ORD202600321,2026-04-08 03:32:34.628857381,2026,4,Q2,Germany,Mumbai,Planes,Petrol,Fleet,Online,Prime Motors,Priya,5,152085.31,760426.55,10.4,79084.36,681342.19,486042.41,195299.78,28.66,18.0,122641.59,22050.37,0,4.1,4,Bank Transfer
ORD202600322,2026-04-08 10:49:44.487072561,2026,4,Q2,UK,Berlin,Vintage Cars,Petrol,Retail,Online,Prime Motors,Arun,7,56499.78,395498.47,8.5,33617.37,361881.1,295755.34,66125.76,18.27,10.0,36188.11,9756.4,1,3.6,10,Credit Card
ORD202600323,2026-04-08 18:06:54.345287740,2026,4,Q2,Sweden,Rome,Trains,Petrol,Government,Online,Speed Wheels,Ananya,3,41598.42,124795.26,15.0,18719.29,106075.97,79618.79,26457.18,24.94,12.0,12729.12,4758.45,0,3.3,12,Credit Card
ORD202600324,2026-04-09 01:24:04.203502919,2026,4,Q2,Finland,Toronto,Vintage Cars,Petrol,Corporate,Dealer,Global Auto,Priya,10,31928.71,319287.11,6.1,19476.51,299810.6,230089.94,69720.65,23.25,12.0,35977.27,16275.7,0,3.8,5,Bank Transfer
ORD202600325,2026-04-09 08:41:14.061718099,2026,4,Q2,Norway,Zurich,Classic Cars,Hybrid,Corporate,Direct Sales,Prime Motors,Priya,15,47433.3,711499.55,14.2,101032.94,610466.62,419050.59,191416.02,31.36,12.0,73255.99,18716.71,0,3.7,11,Finance
ORD202600326,2026-04-09 15:58:23.919933278,2026,4,Q2,Italy,Brussels,Classic Cars,Hybrid,Retail,Distributor,Speed Wheels,Karthik,1,59204.23,59204.23,4.3,2545.78,56658.45,48417.4,8241.04,14.55,10.0,5665.84,1437.0,1,4.4,13,Cash
ORD202600327,2026-04-09 23:15:33.778148457,2026,4,Q2,USA,Berlin,Motorcycles,Petrol,Retail,Dealer,Speed Wheels,Sneha,5,39428.57,197142.87,0.1,197.14,196945.73,151590.37,45355.36,23.03,18.0,35450.23,8368.24,0,3.9,2,Finance
ORD202600328,2026-04-10 06:32:43.636363636,2026,4,Q2,Finland,Vienna,Trucks and Buses,Hybrid,Fleet,Direct Sales,Speed Wheels,Karthik,13,41019.85,533258.06,0.1,533.26,532724.8,368522.67,164202.13,30.82,10.0,53272.48,13101.37,0,4.1,6,Cash
ORD202600329,2026-04-10 13:49:53.494578816,2026,4,Q2,Germany,Stockholm,Motorcycles,Petrol,Government,Direct Sales,Global Auto,Meera,3,24524.54,73573.63,14.5,10668.18,62905.45,46170.27,16735.18,26.6,8.0,5032.44,3147.07,0,4.3,9,Credit Card
ORD202600330,2026-04-10 21:07:03.352793995,2026,4,Q2,Denmark,Berlin,Trucks and Buses,Petrol,Corporate,Distributor,Global Auto,Ananya,1,46091.22,46091.22,15.4,7098.05,38993.17,32144.32,6848.85,17.56,18.0,7018.77,2142.93,1,4.6,8,UPI
ORD202600331,2026-04-11 04:24:13.211009174,2026,4,Q2,India,Sydney,Motorcycles,Petrol,Corporate,Distributor,Prime Motors,Karthik,9,18146.78,163321.0,1.4,2286.49,161034.5,122615.61,38418.9,23.86,12.0,19324.14,4316.46,0,4.2,4,Credit Card
ORD202600332,2026-04-11 11:41:23.069224354,2026,4,Q2,Germany,Manila,Classic Cars,Diesel,Corporate,Online,AutoMax,Arun,8,65024.73,520197.83,3.2,16646.33,503551.5,408276.19,95275.32,18.92,18.0,90639.27,17138.36,1,5.0,14,Credit Card
ORD202600333,2026-04-11 18:58:32.927439533,2026,4,Q2,Austria,Brussels,Trains,Diesel,Fleet,Dealer,Global Auto,Sneha,15,41051.04,615765.58,7.3,44950.89,570814.69,478514.57,92300.13,16.17,18.0,102746.64,24376.87,1,3.7,14,Credit Card
ORD202600334,2026-04-12 02:15:42.785654712,2026,4,Q2,Belgium,Oslo,Vintage Cars,Diesel,Corporate,Online,Elite Cars,Arun,15,34319.77,514796.55,2.7,13899.51,500897.04,393234.14,107662.9,21.49,12.0,60107.65,17170.83,1,4.8,5,Bank Transfer
ORD202600335,2026-04-12 09:32:52.643869892,2026,4,Q2,Australia,New York,Classic Cars,Petrol,Government,Online,City Motors,Meera,10,44964.62,449646.24,12.1,54407.2,395239.05,291066.87,104172.17,26.36,12.0,47428.69,8089.13,0,2.6,14,Bank Transfer
ORD202600336,2026-04-12 16:50:02.502085071,2026,4,Q2,France,Berlin,Classic Cars,Petrol,Fleet,Online,Elite Cars,Priya,7,60303.23,422122.63,13.7,57830.8,364291.83,279960.48,84331.35,23.15,12.0,43715.02,18763.17,1,4.4,14,UPI
ORD202600337,2026-04-13 00:07:12.360300250,2026,4,Q2,Italy,Manila,Trucks and Buses,Diesel,Fleet,Dealer,Elite Cars,Sofia,9,64005.52,576049.66,8.2,47236.07,528813.59,386753.86,142059.73,26.86,8.0,42305.09,23256.55,0,4.3,11,UPI
ORD202600338,2026-04-13 07:24:22.218515430,2026,4,Q2,Italy,Paris,Classic Cars,Electric,Government,Online,AutoMax,Rahul,1,57090.92,57090.92,6.8,3882.18,53208.73,47299.18,5909.55,11.11,12.0,6385.05,2254.68,0,4.0,7,Credit Card
ORD202600339,2026-04-13 14:41:32.076730609,2026,4,Q2,Italy,Madrid,Trucks and Buses,Electric,Fleet,Dealer,Speed Wheels,Priya,10,63502.92,635029.2,3.6,22861.05,612168.15,429725.4,182442.75,29.8,10.0,61216.81,13981.31,1,4.7,14,UPI
ORD202600340,2026-04-13 21:58:41.934945788,2026,4,Q2,Norway,Singapore,Vintage Cars,Petrol,Retail,Distributor,Speed Wheels,Priya,15,33322.09,499831.39,3.9,19493.42,480337.97,417126.94,63211.03,13.16,10.0,48033.8,13829.1,0,3.9,6,Finance
ORD202600341,2026-04-14 05:15:51.793160968,2026,4,Q2,UK,Madrid,Classic Cars,Diesel,Fleet,Online,Prime Motors,Vikram,3,76511.28,229533.84,5.8,13312.96,216220.88,168557.74,47663.14,22.04,18.0,38919.76,8814.59,0,4.6,5,Bank Transfer
ORD202600342,2026-04-14 12:33:01.651376147,2026,4,Q2,Australia,Stockholm,Classic Cars,Electric,Corporate,Distributor,Prime Motors,Meera,4,59950.76,239803.06,10.5,25179.32,214623.74,189579.61,25044.12,11.67,10.0,21462.37,10037.6,0,3.7,2,Finance
ORD202600343,2026-04-14 19:50:11.509591326,2026,4,Q2,Philippines,Helsinki,Motorcycles,Hybrid,Corporate,Distributor,Global Auto,Sofia,6,15442.92,92657.52,5.8,5374.14,87283.39,73972.88,13310.51,15.25,5.0,4364.17,4410.92,0,4.2,11,Credit Card
ORD202600344,2026-04-15 03:07:21.367806506,2026,4,Q2,Australia,Stockholm,Trucks and Buses,Petrol,Retail,Direct Sales,Elite Cars,Vikram,8,70918.78,567350.25,9.9,56167.67,511182.57,411439.37,99743.2,19.51,18.0,92012.86,20886.46,0,3.7,4,Cash
ORD202600345,2026-04-15 10:24:31.226021684,2026,4,Q2,Norway,Madrid,Trucks and Buses,Petrol,Corporate,Direct Sales,City Motors,Meera,10,33144.77,331447.71,16.1,53363.08,278084.63,213187.34,64897.29,23.34,18.0,50055.23,12643.33,0,3.5,7,UPI
ORD202600346,2026-04-15 17:41:41.084236864,2026,4,Q2,Finland,Berlin,Motorcycles,Hybrid,Corporate,Dealer,City Motors,Daniel,5,10097.94,50489.69,8.9,4493.58,45996.11,40975.06,5021.05,10.92,10.0,4599.61,2379.66,0,4.2,14,Cash
ORD202600347,2026-04-16 00:58:50.942452044,2026,4,Q2,Sweden,New York,Vintage Cars,Diesel,Retail,Distributor,Speed Wheels,Priya,10,32013.2,320131.98,1.1,3521.45,316610.53,229990.91,86619.61,27.36,10.0,31661.05,7437.85,0,3.9,10,Bank Transfer
ORD202600348,2026-04-16 08:16:00.800667222,2026,4,Q2,Australia,Berlin,Motorcycles,Electric,Fleet,Dealer,Elite Cars,Arun,5,14657.42,73287.08,9.8,7182.13,66104.95,46855.54,19249.41,29.12,8.0,5288.4,1565.18,0,5.0,9,Bank Transfer
ORD202600349,2026-04-16 15:33:10.658882402,2026,4,Q2,Norway,Manila,Trucks and Buses,Petrol,Corporate,Dealer,Global Auto,Sofia,8,45695.8,365566.38,9.2,33632.11,331934.27,237284.67,94649.6,28.51,12.0,39832.11,5773.63,0,4.4,6,Cash
ORD202600350,2026-04-16 22:50:20.517097582,2026,4,Q2,Germany,Rome,Trucks and Buses,Petrol,Retail,Distributor,AutoMax,Daniel,6,106396.06,638376.37,1.3,8298.89,630077.47,472533.61,157543.86,25.0,18.0,113413.95,33640.71,1,4.1,7,Credit Card
ORD202600351,2026-04-17 06:07:30.375312760,2026,4,Q2,Norway,Brussels,Classic Cars,Petrol,Fleet,Dealer,Prime Motors,Ananya,3,38462.26,115386.79,17.4,20077.3,95309.49,68456.73,26852.76,28.17,5.0,4765.47,4023.28,1,4.4,15,UPI
ORD202600352,2026-04-17 13:24:40.233527940,2026,4,Q2,Norway,Helsinki,Classic Cars,Diesel,Fleet,Dealer,Speed Wheels,Meera,11,33407.83,367486.16,11.7,42995.88,324490.28,239635.57,84854.71,26.15,8.0,25959.22,5823.91,1,4.3,2,Finance
ORD202600353,2026-04-17 20:41:50.091743120,2026,4,Q2,Germany,Zurich,Motorcycles,Petrol,Retail,Online,AutoMax,Sneha,13,29756.92,386839.92,5.3,20502.52,366337.4,306170.31,60167.09,16.42,10.0,36633.74,15835.35,0,4.2,8,UPI
ORD202600354,2026-04-18 03:58:59.949958298,2026,4,Q2,Philippines,London,Trucks and Buses,Diesel,Fleet,Distributor,Speed Wheels,Rahul,6,39074.99,234449.93,5.3,12425.85,222024.08,151043.41,70980.67,31.97,10.0,22202.41,9624.82,1,3.5,4,Bank Transfer
ORD202600355,2026-04-18 11:16:09.808173478,2026,4,Q2,Finland,Oslo,Vintage Cars,Electric,Retail,Distributor,Global Auto,Daniel,6,34906.97,209441.8,9.7,20315.85,189125.94,132216.11,56909.84,30.09,18.0,34042.67,7543.73,0,4.0,12,Finance
ORD202600356,2026-04-18 18:33:19.666388658,2026,4,Q2,Finland,Manila,Classic Cars,Electric,Corporate,Online,City Motors,Arun,12,42170.93,506051.21,4.1,20748.1,485303.11,428938.02,56365.09,11.61,5.0,24265.16,15560.39,0,5.0,7,Credit Card
ORD202600357,2026-04-19 01:50:29.524603836,2026,4,Q2,Belgium,Copenhagen,Vintage Cars,Petrol,Fleet,Online,Prime Motors,Meera,2,29582.2,59164.41,1.2,709.97,58454.43,41763.3,16691.13,28.55,5.0,2922.72,1604.16,1,4.6,8,Bank Transfer
ORD202600358,2026-04-19 09:07:39.382819016,2026,4,Q2,France,Mumbai,Vintage Cars,Petrol,Corporate,Online,City Motors,Sneha,6,39673.94,238043.66,10.9,25946.76,212096.9,185903.19,26193.71,12.35,8.0,16967.75,11008.45,0,4.2,3,Cash
ORD202600359,2026-04-19 16:24:49.241034196,2026,4,Q2,Australia,New York,Trains,Petrol,Corporate,Dealer,Elite Cars,Vikram,15,47857.88,717868.19,7.4,53122.25,664745.95,527887.23,136858.72,20.59,8.0,53179.68,27077.39,0,4.9,10,Finance
ORD202600360,2026-04-19 23:41:59.099249374,2026,4,Q2,Germany,Brussels,Classic Cars,Hybrid,Fleet,Dealer,City Motors,Sofia,5,102691.09,513455.43,4.1,21051.67,492403.76,378274.77,114128.99,23.18,18.0,88632.68,12587.12,0,3.6,9,Finance
ORD202600361,2026-04-20 06:59:08.957464554,2026,4,Q2,Singapore,Paris,Trains,Petrol,Retail,Dealer,Prime Motors,Meera,1,28899.48,28899.48,16.7,4826.21,24073.27,18788.54,5284.73,21.95,10.0,2407.33,827.43,0,4.2,13,UPI
ORD202600362,2026-04-20 14:16:18.815679734,2026,4,Q2,Belgium,Oslo,Motorcycles,Petrol,Corporate,Dealer,Elite Cars,Sofia,2,14548.53,29097.07,13.0,3782.62,25314.45,19196.47,6117.97,24.17,10.0,2531.44,631.97,0,3.7,15,Credit Card
ORD202600363,2026-04-20 21:33:28.673894912,2026,4,Q2,UK,Rome,Trucks and Buses,Diesel,Corporate,Direct Sales,Global Auto,Vikram,6,89510.8,537064.77,13.0,69818.42,467246.35,395651.49,71594.86,15.32,18.0,84104.34,10715.04,0,3.7,15,UPI
ORD202600364,2026-04-21 04:50:38.532110092,2026,4,Q2,Italy,Madrid,Vintage Cars,Petrol,Retail,Direct Sales,Prime Motors,Priya,1,47665.38,47665.38,12.1,5767.51,41897.87,30456.11,11441.76,27.31,8.0,3351.83,728.75,0,4.0,4,Credit Card
ORD202600365,2026-04-21 12:07:48.390325272,2026,4,Q2,Denmark,Paris,Vintage Cars,Diesel,Retail,Online,Speed Wheels,Rahul,15,24353.31,365299.7,8.7,31781.07,333518.63,231493.64,102024.99,30.59,18.0,60033.35,12034.09,0,3.8,4,Cash
ORD202600366,2026-04-21 19:24:58.248540450,2026,4,Q2,Finland,Helsinki,Vintage Cars,Petrol,Retail,Direct Sales,City Motors,Karthik,2,24805.55,49611.1,13.5,6697.5,42913.61,30580.22,12333.38,28.74,12.0,5149.63,1003.5,0,4.9,2,Credit Card
ORD202600367,2026-04-22 02:42:08.106755630,2026,4,Q2,Sweden,Mumbai,Motorcycles,Hybrid,Fleet,Dealer,AutoMax,Sofia,12,19778.28,237339.4,2.2,5221.47,232117.93,182493.03,49624.91,21.38,8.0,18569.43,10697.43,1,4.4,2,Credit Card
ORD202600368,2026-04-22 09:59:17.964970810,2026,4,Q2,Singapore,Singapore,Motorcycles,Petrol,Corporate,Distributor,City Motors,Rahul,14,19743.87,276414.24,6.3,17414.1,259000.15,176246.02,82754.12,31.95,18.0,46620.03,6817.05,0,4.3,15,Cash
ORD202600369,2026-04-22 17:16:27.823185988,2026,4,Q2,Australia,Vienna,Classic Cars,Electric,Corporate,Online,Speed Wheels,Rahul,11,53487.99,588367.91,10.2,60013.53,528354.39,372096.27,156258.11,29.57,12.0,63402.53,13650.56,0,4.1,14,Bank Transfer
ORD202600370,2026-04-23 00:33:37.681401168,2026,4,Q2,Spain,Rome,Trains,Petrol,Retail,Direct Sales,City Motors,Sneha,15,41209.21,618138.18,17.6,108792.32,509345.86,400299.16,109046.7,21.41,18.0,91682.25,9383.91,0,4.4,13,Bank Transfer
ORD202600371,2026-04-23 07:50:47.539616348,2026,4,Q2,Germany,Rome,Classic Cars,Petrol,Retail,Dealer,Elite Cars,Ananya,10,93869.25,938692.46,4.0,37547.7,901144.76,687818.78,213325.98,23.67,18.0,162206.06,15742.17,0,4.6,3,Credit Card
ORD202600372,2026-04-23 15:07:57.397831526,2026,4,Q2,Spain,Mumbai,Vintage Cars,Electric,Retail,Dealer,City Motors,Vikram,14,38839.74,543756.33,15.4,83738.48,460017.86,327646.81,132371.05,28.78,12.0,55202.14,9201.94,0,5.0,13,Bank Transfer
ORD202600373,2026-04-23 22:25:07.256046706,2026,4,Q2,Norway,Stockholm,Trucks and Buses,Diesel,Retail,Dealer,City Motors,Sneha,15,48001.31,720019.65,12.4,89282.44,630737.21,513557.22,117180.0,18.58,10.0,63073.72,9466.25,0,3.8,15,Finance
ORD202600374,2026-04-24 05:42:17.114261886,2026,4,Q2,India,Berlin,Trains,Petrol,Retail,Distributor,Elite Cars,Sofia,6,60531.82,363190.92,3.1,11258.92,351932.0,299609.27,52322.73,14.87,18.0,63347.76,12892.98,1,3.9,8,Bank Transfer
ORD202600375,2026-04-24 12:59:26.972477064,2026,4,Q2,Denmark,Rome,Ships,Diesel,Government,Online,Elite Cars,Sofia,10,59979.24,599792.4,3.1,18593.56,581198.84,414533.08,166665.76,28.68,10.0,58119.88,19195.53,0,4.6,15,Credit Card
ORD202600376,2026-04-24 20:16:36.830692244,2026,4,Q2,Switzerland,Berlin,Classic Cars,Petrol,Retail,Online,AutoMax,Priya,11,36363.95,400003.41,3.5,14000.12,386003.29,273251.02,112752.27,29.21,5.0,19300.16,17922.43,0,3.8,4,Finance
ORD202600377,2026-04-25 03:33:46.688907422,2026,4,Q2,Singapore,Toronto,Classic Cars,Electric,Corporate,Online,Speed Wheels,Priya,10,39600.4,396004.01,2.1,8316.08,387687.92,329005.14,58682.78,15.14,12.0,46522.55,6285.05,1,5.0,5,Bank Transfer
ORD202600378,2026-04-25 10:50:56.547122602,2026,4,Q2,Canada,Copenhagen,Vintage Cars,Electric,Retail,Dealer,Elite Cars,Ananya,4,36073.06,144292.22,14.1,20345.2,123947.02,110134.49,13812.53,11.14,18.0,22310.46,2627.09,0,4.3,12,Finance
ORD202600379,2026-04-25 18:08:06.405337782,2026,4,Q2,UK,Manila,Trains,Diesel,Government,Dealer,Prime Motors,Vikram,1,59487.48,59487.48,12.9,7673.89,51813.6,41104.02,10709.58,20.67,8.0,4145.09,2701.76,1,4.5,3,Credit Card
ORD202600380,2026-04-26 01:25:16.263552960,2026,4,Q2,Australia,Rome,Classic Cars,Petrol,Retail,Dealer,Global Auto,Rahul,14,59586.1,834205.47,4.1,34202.42,800003.04,701157.37,98845.67,12.36,5.0,40000.15,36443.98,0,4.2,14,UPI
ORD202600381,2026-04-26 08:42:26.121768140,2026,4,Q2,Philippines,Brussels,Planes,Electric,Retail,Dealer,City Motors,Ananya,5,63984.65,319923.24,5.9,18875.47,301047.77,215456.89,85590.88,28.43,18.0,54188.6,14024.82,0,4.4,10,Bank Transfer
ORD202600382,2026-04-26 15:59:35.979983320,2026,4,Q2,Germany,Helsinki,Ships,Hybrid,Fleet,Distributor,City Motors,Sofia,13,141887.63,1844539.23,0.9,16600.85,1827938.38,1471590.78,356347.6,19.49,8.0,146235.07,76784.26,0,4.8,4,Finance
ORD202600383,2026-04-26 23:16:45.838198498,2026,4,Q2,Finland,Toronto,Trucks and Buses,Electric,Corporate,Dealer,Prime Motors,Ananya,5,45026.14,225130.69,14.9,33544.47,191586.22,135074.09,56512.13,29.5,5.0,9579.31,5117.4,0,4.5,7,Cash
ORD202600384,2026-04-27 06:33:55.696413678,2026,4,Q2,Sweden,Manila,Motorcycles,Hybrid,Retail,Direct Sales,Prime Motors,Vikram,11,15643.96,172083.52,16.7,28737.95,143345.57,126522.42,16823.15,11.74,12.0,17201.47,3334.34,0,4.5,14,Cash
ORD202600385,2026-04-27 13:51:05.554628858,2026,4,Q2,Norway,Stockholm,Motorcycles,Electric,Retail,Direct Sales,Speed Wheels,Sofia,6,10716.76,64300.56,8.0,5144.04,59156.51,43716.25,15440.26,26.1,8.0,4732.52,1597.45,0,4.7,12,Bank Transfer
ORD202600386,2026-04-27 21:08:15.412844036,2026,4,Q2,Finland,Brussels,Motorcycles,Hybrid,Fleet,Online,Elite Cars,Arun,9,10169.39,91524.47,6.7,6132.14,85392.33,61362.32,24030.02,28.14,8.0,6831.39,4495.96,0,4.0,2,Bank Transfer
ORD202600387,2026-04-28 04:25:25.271059216,2026,4,Q2,USA,Brussels,Classic Cars,Electric,Corporate,Dealer,AutoMax,Daniel,12,100359.41,1204312.94,0.9,10838.82,1193474.13,1042205.56,151268.57,12.67,5.0,59673.71,39866.61,1,4.0,7,Cash
ORD202600388,2026-04-28 11:42:35.129274396,2026,4,Q2,Norway,Oslo,Ships,Petrol,Fleet,Distributor,Elite Cars,Sofia,8,84520.59,676164.72,8.9,60178.66,615986.06,519749.25,96236.82,15.62,12.0,73918.33,10321.77,0,3.8,9,Finance
ORD202600389,2026-04-28 18:59:44.987489574,2026,4,Q2,Austria,Oslo,Ships,Petrol,Retail,Online,City Motors,Sneha,1,94540.75,94540.75,11.8,11155.81,83384.94,66368.57,17016.36,20.41,10.0,8338.49,1360.76,1,4.3,2,Cash
ORD202600390,2026-04-29 02:16:54.845704754,2026,4,Q2,UK,Mumbai,Classic Cars,Diesel,Retail,Direct Sales,Speed Wheels,Arun,6,77553.33,465319.97,14.5,67471.4,397848.57,308577.26,89271.31,22.44,8.0,31827.89,12983.57,1,5.0,8,Finance
ORD202600391,2026-04-29 09:34:04.703919934,2026,4,Q2,Belgium,Brussels,Trains,Electric,Retail,Dealer,Global Auto,Rahul,5,33533.14,167665.72,15.4,25820.52,141845.2,117272.03,24573.18,17.32,18.0,25532.14,7771.76,0,3.8,13,Credit Card
ORD202600392,2026-04-29 16:51:14.562135112,2026,4,Q2,USA,Mumbai,Trucks and Buses,Hybrid,Retail,Online,Prime Motors,Arun,2,123298.66,246597.31,14.0,34523.62,212073.69,190860.88,21212.81,10.0,10.0,21207.37,7291.53,1,2.5,4,Cash
ORD202600393,2026-04-30 00:08:24.420350292,2026,4,Q2,India,Helsinki,Trains,Petrol,Fleet,Dealer,AutoMax,Sofia,13,47978.8,623724.4,3.1,19335.46,604388.95,484917.47,119471.47,19.77,10.0,60438.89,28026.14,0,4.4,4,UPI
ORD202600394,2026-04-30 07:25:34.278565472,2026,4,Q2,Spain,Copenhagen,Classic Cars,Petrol,Fleet,Online,Prime Motors,Sofia,4,66897.07,267588.27,10.7,28631.94,238956.32,201423.44,37532.88,15.71,18.0,43012.14,6088.21,0,3.2,6,Credit Card
ORD202600395,2026-04-30 14:42:44.136780650,2026,4,Q2,Singapore,Vienna,Classic Cars,Electric,Corporate,Direct Sales,Speed Wheels,Sofia,8,56447.19,451577.49,5.9,26643.07,424934.42,304484.19,120450.22,28.35,10.0,42493.44,19275.49,0,4.7,2,Finance
ORD202600396,2026-04-30 21:59:53.994995830,2026,4,Q2,Spain,Singapore,Motorcycles,Diesel,Corporate,Dealer,Global Auto,Rahul,2,23077.2,46154.41,14.5,6692.39,39462.02,32199.66,7262.35,18.4,12.0,4735.44,1016.92,0,3.9,11,Credit Card
ORD202600397,2026-05-01 05:17:03.853211010,2026,5,Q2,Denmark,Sydney,Trains,Hybrid,Retail,Direct Sales,Speed Wheels,Sneha,14,26193.56,366709.86,2.2,8067.62,358642.24,300782.58,57859.66,16.13,10.0,35864.22,12863.1,0,3.3,15,Finance
ORD202600398,2026-05-01 12:34:13.711426188,2026,5,Q2,Spain,New York,Trucks and Buses,Electric,Fleet,Online,AutoMax,Meera,8,57054.9,456439.17,13.8,62988.61,393450.57,295115.06,98335.51,24.99,10.0,39345.06,11118.75,0,4.1,2,UPI
ORD202600399,2026-05-01 19:51:23.569641368,2026,5,Q2,USA,Vienna,Trains,Electric,Retail,Distributor,AutoMax,Karthik,8,76126.59,609012.71,2.0,12180.25,596832.45,486544.96,110287.5,18.48,12.0,71619.89,24787.05,0,5.0,11,UPI
ORD202600400,2026-05-02 03:08:33.427856548,2026,5,Q2,USA,Mumbai,Vintage Cars,Hybrid,Corporate,Online,Global Auto,Priya,2,67971.57,135943.14,11.5,15633.46,120309.68,99512.46,20797.22,17.29,12.0,14437.16,4224.84,0,3.7,14,Bank Transfer
ORD202600401,2026-05-02 10:25:43.286071726,2026,5,Q2,Germany,Oslo,Vintage Cars,Diesel,Retail,Direct Sales,City Motors,Ananya,9,65776.8,591991.21,5.0,29599.56,562391.65,418830.59,143561.06,25.53,10.0,56239.16,25543.95,0,4.3,12,UPI
ORD202600402,2026-05-02 17:42:53.144286906,2026,5,Q2,Australia,Madrid,Classic Cars,Petrol,Government,Online,Speed Wheels,Priya,15,39734.89,596023.4,12.8,76290.99,519732.4,360659.3,159073.1,30.61,5.0,25986.62,14629.1,0,4.9,8,Credit Card
ORD202600403,2026-05-03 01:00:03.002502086,2026,5,Q2,USA,London,Motorcycles,Petrol,Retail,Dealer,Prime Motors,Ananya,13,26078.28,339017.62,12.1,41021.13,297996.49,256117.22,41879.27,14.05,5.0,14899.82,11166.88,0,4.4,3,Bank Transfer
ORD202600404,2026-05-03 08:17:12.860717264,2026,5,Q2,Singapore,Brussels,Ships,Petrol,Retail,Direct Sales,City Motors,Sneha,15,70633.67,1059504.98,2.4,25428.12,1034076.86,824586.06,209490.8,20.26,12.0,124089.22,42836.8,1,3.9,4,Finance
ORD202600405,2026-05-03 15:34:22.718932444,2026,5,Q2,USA,New York,Trucks and Buses,Petrol,Corporate,Online,Elite Cars,Daniel,11,83824.59,922070.54,13.8,127245.73,794824.81,594417.9,200406.91,25.21,8.0,63585.98,42012.78,0,4.0,11,UPI
ORD202600406,2026-05-03 22:51:32.577147624,2026,5,Q2,Finland,Rome,Trains,Petrol,Fleet,Online,Global Auto,Sneha,4,26431.64,105726.58,10.6,11207.02,94519.56,77136.23,17383.33,18.39,18.0,17013.52,3622.6,1,3.9,3,Bank Transfer
ORD202600407,2026-05-04 06:08:42.435362802,2026,5,Q2,Canada,Madrid,Vintage Cars,Petrol,Retail,Dealer,Elite Cars,Sofia,9,54043.43,486390.86,7.6,36965.71,449425.15,312307.03,137118.12,30.51,10.0,44942.52,16714.31,0,3.5,9,Credit Card
ORD202600408,2026-05-04 13:25:52.293577982,2026,5,Q2,Switzerland,Stockholm,Classic Cars,Hybrid,Retail,Online,Elite Cars,Priya,14,50613.78,708592.97,1.1,7794.52,700798.44,508501.45,192296.99,27.44,8.0,56063.88,18159.6,0,4.6,11,UPI
ORD202600409,2026-05-04 20:43:02.151793162,2026,5,Q2,France,Zurich,Trains,Hybrid,Corporate,Direct Sales,City Motors,Sofia,14,69693.86,975714.0,16.8,163919.95,811794.04,654599.77,157194.27,19.36,12.0,97415.29,31105.09,1,4.2,7,Bank Transfer
ORD202600410,2026-05-05 04:00:12.010008340,2026,5,Q2,Austria,Madrid,Classic Cars,Diesel,Retail,Direct Sales,Elite Cars,Daniel,5,40844.78,204223.9,9.5,19401.27,184822.63,126593.81,58228.82,31.51,18.0,33268.07,9179.25,0,3.8,10,Bank Transfer
ORD202600411,2026-05-05 11:17:21.868223520,2026,5,Q2,India,Toronto,Trucks and Buses,Diesel,Retail,Dealer,Global Auto,Sneha,5,89069.71,445348.53,13.5,60122.05,385226.48,262422.82,122803.65,31.88,18.0,69340.77,9765.41,0,4.2,13,Finance
ORD202600412,2026-05-05 18:34:31.726438700,2026,5,Q2,Australia,Brussels,Ships,Petrol,Government,Dealer,Elite Cars,Daniel,3,82184.56,246553.68,6.0,14793.22,231760.46,164233.89,67526.57,29.14,18.0,41716.88,4992.65,1,5.0,7,Bank Transfer
ORD202600413,2026-05-06 01:51:41.584653878,2026,5,Q2,Germany,Stockholm,Classic Cars,Petrol,Government,Direct Sales,Prime Motors,Karthik,13,59559.53,774273.92,5.2,40262.24,734011.68,565798.89,168212.78,22.92,18.0,132122.1,30423.05,0,3.7,11,Credit Card
ORD202600414,2026-05-06 09:08:51.442869058,2026,5,Q2,Belgium,Oslo,Trucks and Buses,Petrol,Corporate,Direct Sales,City Motors,Vikram,7,47111.69,329781.84,8.5,28031.46,301750.38,237654.19,64096.2,21.24,5.0,15087.52,11065.0,0,3.5,5,Finance
ORD202600415,2026-05-06 16:26:01.301084236,2026,5,Q2,Italy,Sydney,Vintage Cars,Hybrid,Retail,Online,Elite Cars,Vikram,8,41325.12,330600.98,14.2,46945.34,283655.64,219720.09,63935.55,22.54,18.0,51058.01,9264.26,0,4.2,4,Credit Card
ORD202600416,2026-05-06 23:43:11.159299416,2026,5,Q2,USA,Mumbai,Motorcycles,Diesel,Retail,Dealer,Elite Cars,Priya,2,29453.94,58907.89,14.2,8364.92,50542.97,39604.5,10938.47,21.64,12.0,6065.16,1604.73,1,4.3,3,Bank Transfer
ORD202600417,2026-05-07 07:00:21.017514596,2026,5,Q2,Denmark,Paris,Classic Cars,Diesel,Retail,Direct Sales,AutoMax,Sofia,13,42163.92,548130.9,2.0,10962.62,537168.28,449340.29,87827.99,16.35,5.0,26858.41,23420.13,0,3.4,8,Cash
ORD202600418,2026-05-07 14:17:30.875729774,2026,5,Q2,Spain,Tokyo,Planes,Petrol,Corporate,Online,Prime Motors,Ananya,13,136219.73,1770856.45,0.8,14166.85,1756689.6,1353551.67,403137.93,22.95,12.0,210802.75,38295.08,1,4.4,3,Bank Transfer
ORD202600419,2026-05-07 21:34:40.733944954,2026,5,Q2,India,Brussels,Trucks and Buses,Petrol,Retail,Distributor,Speed Wheels,Priya,11,92636.28,1018999.11,17.1,174248.85,844750.26,715106.98,129643.28,15.35,12.0,101370.03,46374.44,1,4.6,12,Finance
ORD202600420,2026-05-08 04:51:50.592160134,2026,5,Q2,Denmark,Singapore,Vintage Cars,Diesel,Retail,Dealer,Speed Wheels,Priya,1,34520.79,34520.79,9.3,3210.43,31310.36,24539.66,6770.7,21.62,12.0,3757.24,893.15,0,3.9,5,Bank Transfer
ORD202600421,2026-05-08 12:09:00.450375312,2026,5,Q2,France,Vienna,Trucks and Buses,Petrol,Retail,Distributor,Speed Wheels,Ananya,3,86623.61,259870.82,5.8,15072.51,244798.32,176445.65,68352.66,27.92,12.0,29375.8,10178.12,0,4.5,15,Cash
ORD202600422,2026-05-08 19:26:10.308590492,2026,5,Q2,USA,Stockholm,Classic Cars,Petrol,Retail,Direct Sales,Speed Wheels,Rahul,7,77182.17,540275.18,8.0,43222.01,497053.16,446965.49,50087.68,10.08,10.0,49705.32,9744.35,1,4.3,5,Cash
ORD202600423,2026-05-09 02:43:20.166805672,2026,5,Q2,UK,Zurich,Trucks and Buses,Petrol,Retail,Online,Elite Cars,Sofia,2,77642.57,155285.14,16.9,26243.19,129041.95,92085.1,36956.85,28.64,8.0,10323.36,2229.69,1,4.8,14,Finance
ORD202600424,2026-05-09 10:00:30.025020850,2026,5,Q2,Singapore,Sydney,Classic Cars,Petrol,Corporate,Direct Sales,AutoMax,Arun,8,39376.94,315015.48,8.0,25201.24,289814.25,248772.16,41042.09,14.16,8.0,23185.14,6019.98,0,3.3,4,Cash
ORD202600425,2026-05-09 17:17:39.883236030,2026,5,Q2,Spain,Rome,Trucks and Buses,Petrol,Corporate,Dealer,City Motors,Daniel,6,77606.05,465636.3,9.0,41907.27,423729.04,292052.99,131676.05,31.08,5.0,21186.45,13010.92,0,4.8,12,Credit Card
ORD202600426,2026-05-10 00:34:49.741451210,2026,5,Q2,Denmark,London,Vintage Cars,Hybrid,Retail,Distributor,Speed Wheels,Karthik,11,23307.8,256385.77,8.5,21792.79,234592.98,207321.51,27271.47,11.63,12.0,28151.16,10666.9,0,4.2,11,Cash
ORD202600427,2026-05-10 07:51:59.599666388,2026,5,Q2,France,Singapore,Trucks and Buses,Diesel,Government,Direct Sales,Elite Cars,Ananya,1,67753.11,67753.11,17.1,11585.78,56167.32,49433.66,6733.67,11.99,12.0,6740.08,1007.22,1,3.6,3,UPI
ORD202600428,2026-05-10 15:09:09.457881568,2026,5,Q2,Finland,Zurich,Vintage Cars,Electric,Corporate,Online,Prime Motors,Arun,3,20988.15,62964.44,12.8,8059.45,54904.99,43248.55,11656.44,21.23,12.0,6588.6,2003.86,0,3.8,15,Finance
ORD202600429,2026-05-10 22:26:19.316096748,2026,5,Q2,Sweden,Helsinki,Classic Cars,Electric,Fleet,Online,Elite Cars,Sneha,10,51714.47,517144.74,2.3,11894.33,505250.42,408360.38,96890.04,19.18,10.0,50525.04,27284.21,0,4.0,10,Credit Card
ORD202600430,2026-05-11 05:43:29.174311926,2026,5,Q2,Denmark,Zurich,Vintage Cars,Hybrid,Retail,Direct Sales,AutoMax,Ananya,7,26565.42,185957.94,5.7,10599.6,175358.33,156198.41,19159.93,10.93,12.0,21043.0,6018.27,0,3.9,5,Finance
ORD202600431,2026-05-11 13:00:39.032527106,2026,5,Q2,Japan,Berlin,Classic Cars,Electric,Fleet,Direct Sales,Elite Cars,Ananya,10,60666.78,606667.79,12.4,75226.81,531440.99,395890.12,135550.87,25.51,5.0,26572.05,15123.32,0,4.6,10,Bank Transfer
ORD202600432,2026-05-11 20:17:48.890742286,2026,5,Q2,Singapore,Oslo,Planes,Electric,Retail,Dealer,Elite Cars,Daniel,12,74954.27,899451.26,5.9,53067.62,846383.64,728181.24,118202.4,13.97,12.0,101566.04,35465.16,1,5.0,3,Bank Transfer
ORD202600433,2026-05-12 03:34:58.748957464,2026,5,Q2,Austria,London,Classic Cars,Diesel,Retail,Distributor,Elite Cars,Rahul,3,54507.45,163522.35,17.1,27962.32,135560.03,94791.6,40768.43,30.07,10.0,13556.0,4047.05,0,3.7,10,Finance
ORD202600434,2026-05-12 10:52:08.607172644,2026,5,Q2,Sweden,Tokyo,Motorcycles,Petrol,Corporate,Direct Sales,Elite Cars,Meera,9,14864.23,133778.07,15.3,20468.05,113310.03,101971.06,11338.97,10.01,18.0,20395.81,3791.77,0,4.3,7,Credit Card
ORD202600435,2026-05-12 18:09:18.465387824,2026,5,Q2,Finland,Madrid,Motorcycles,Diesel,Retail,Online,AutoMax,Sneha,8,16617.81,132942.46,14.7,19542.54,113399.92,96816.33,16583.59,14.62,10.0,11339.99,1787.43,0,3.6,4,Credit Card
ORD202600436,2026-05-13 01:26:28.323603002,2026,5,Q2,Japan,Madrid,Motorcycles,Petrol,Retail,Dealer,Prime Motors,Daniel,15,28072.87,421093.11,14.9,62742.87,358350.24,281923.92,76426.31,21.33,18.0,64503.04,17578.84,0,4.0,12,Cash
ORD202600437,2026-05-13 08:43:38.181818182,2026,5,Q2,UK,Zurich,Trucks and Buses,Diesel,Corporate,Distributor,City Motors,Vikram,1,75464.83,75464.83,17.1,12904.49,62560.34,43472.82,19087.53,30.51,18.0,11260.86,1862.74,1,3.9,9,Credit Card
ORD202600438,2026-05-13 16:00:48.040033362,2026,5,Q2,Japan,Zurich,Trucks and Buses,Hybrid,Retail,Online,Elite Cars,Ananya,7,62425.77,436980.36,3.8,16605.25,420375.11,338330.23,82044.88,19.52,8.0,33630.01,6809.62,0,3.6,15,Bank Transfer
ORD202600439,2026-05-13 23:17:57.898248540,2026,5,Q2,Finland,Sydney,Ships,Hybrid,Retail,Dealer,City Motors,Meera,10,58241.86,582418.61,11.1,64648.47,517770.14,417395.23,100374.92,19.39,18.0,93198.63,7816.57,0,3.5,3,Cash
ORD202600440,2026-05-14 06:35:07.756463720,2026,5,Q2,UK,Helsinki,Classic Cars,Hybrid,Retail,Direct Sales,Speed Wheels,Sneha,1,65545.93,65545.93,1.1,721.01,64824.92,46882.07,17942.85,27.68,18.0,11668.49,2825.33,0,4.6,12,Credit Card
ORD202600441,2026-05-14 13:52:17.614678900,2026,5,Q2,Belgium,Helsinki,Classic Cars,Hybrid,Retail,Dealer,Global Auto,Karthik,4,53070.24,212280.96,15.9,33752.67,178528.29,121829.03,56699.26,31.76,12.0,21423.39,5550.54,1,4.5,8,Finance
ORD202600442,2026-05-14 21:09:27.472894078,2026,5,Q2,Australia,Manila,Trucks and Buses,Petrol,Retail,Dealer,Speed Wheels,Rahul,14,68064.3,952900.14,8.9,84808.11,868092.03,670268.4,197823.63,22.79,8.0,69447.36,21568.73,0,4.7,2,Finance
ORD202600443,2026-05-15 04:26:37.331109258,2026,5,Q2,UK,Sydney,Trains,Petrol,Fleet,Direct Sales,Global Auto,Sneha,13,45873.8,596359.34,10.0,59635.93,536723.41,416704.08,120019.33,22.36,8.0,42937.87,25764.04,0,4.2,4,Finance
ORD202600444,2026-05-15 11:43:47.189324438,2026,5,Q2,Belgium,Toronto,Trains,Diesel,Government,Dealer,AutoMax,Sneha,9,48926.28,440336.55,8.1,35667.26,404669.29,304424.67,100244.62,24.77,8.0,32373.54,18725.62,0,5.0,3,Finance
ORD202600445,2026-05-15 19:00:57.047539616,2026,5,Q2,Norway,Paris,Vintage Cars,Petrol,Government,Dealer,Elite Cars,Vikram,8,25440.91,203527.26,14.8,30122.03,173405.22,142548.73,30856.49,17.79,10.0,17340.52,7397.93,0,4.0,7,Credit Card
ORD202600446,2026-05-16 02:18:06.905754796,2026,5,Q2,Belgium,Zurich,Vintage Cars,Petrol,Government,Dealer,AutoMax,Sneha,11,27094.22,298036.42,16.6,49474.05,248562.37,200923.83,47638.54,19.17,5.0,12428.12,12188.07,0,4.7,2,Credit Card
ORD202600447,2026-05-16 09:35:16.763969976,2026,5,Q2,Austria,Paris,Vintage Cars,Diesel,Fleet,Dealer,Speed Wheels,Arun,13,41833.02,543829.28,1.4,7613.61,536215.67,456791.04,79424.63,14.81,8.0,42897.25,29335.75,1,3.5,13,Bank Transfer
ORD202600448,2026-05-16 16:52:26.622185154,2026,5,Q2,Canada,Manila,Ships,Diesel,Corporate,Online,City Motors,Vikram,5,79764.55,398822.73,11.5,45864.61,352958.12,297621.7,55336.42,15.68,12.0,42354.97,13130.88,0,3.7,2,Cash
ORD202600449,2026-05-17 00:09:36.480400334,2026,5,Q2,UK,Tokyo,Vintage Cars,Hybrid,Retail,Online,Elite Cars,Vikram,13,59000.35,767004.59,7.3,55991.33,711013.25,582891.08,128122.17,18.02,18.0,127982.39,37642.51,0,3.5,9,Finance
ORD202600450,2026-05-17 07:26:46.338615514,2026,5,Q2,USA,Berlin,Trucks and Buses,Diesel,Government,Direct Sales,Global Auto,Ananya,11,130907.82,1439986.04,0.6,8639.92,1431346.13,1013756.55,417589.57,29.17,18.0,257642.3,27649.55,0,4.0,8,Credit Card
ORD202600451,2026-05-17 14:43:56.196830692,2026,5,Q2,France,Manila,Classic Cars,Diesel,Fleet,Online,Prime Motors,Sofia,2,54183.67,108367.35,0.0,0.0,108367.35,85839.02,22528.33,20.79,18.0,19506.12,4758.08,0,5.0,15,UPI
ORD202600452,2026-05-17 22:01:06.055045872,2026,5,Q2,USA,Helsinki,Vintage Cars,Diesel,Fleet,Distributor,Prime Motors,Daniel,15,86164.53,1292467.96,0.7,9047.28,1283420.68,919731.36,363689.32,28.34,12.0,154010.48,25632.68,0,3.8,5,Bank Transfer
ORD202600453,2026-05-18 05:18:15.913261052,2026,5,Q2,Finland,Vienna,Planes,Electric,Retail,Online,Global Auto,Sneha,5,78875.65,394378.27,1.6,6310.05,388068.22,280373.32,107694.9,27.75,5.0,19403.41,16164.46,1,4.4,2,Finance
ORD202600454,2026-05-18 12:35:25.771476230,2026,5,Q2,Finland,Helsinki,Vintage Cars,Hybrid,Corporate,Direct Sales,Global Auto,Karthik,13,35825.71,465734.17,15.6,72654.53,393079.64,278612.69,114466.95,29.12,12.0,47169.56,20437.29,0,5.0,12,Cash
ORD202600455,2026-05-18 19:52:35.629691410,2026,5,Q2,Belgium,Madrid,Trucks and Buses,Petrol,Government,Distributor,Speed Wheels,Arun,9,67077.33,603695.96,14.7,88743.31,514952.66,412425.99,102526.66,19.91,5.0,25747.63,17335.08,0,4.8,6,UPI
ORD202600456,2026-05-19 03:09:45.487906588,2026,5,Q2,Switzerland,Brussels,Planes,Petrol,Fleet,Online,Global Auto,Daniel,9,88063.05,792567.45,0.5,3962.84,788604.61,627244.63,161359.98,20.46,10.0,78860.46,19742.86,0,3.8,14,Cash
ORD202600457,2026-05-19 10:26:55.346121768,2026,5,Q2,Japan,Tokyo,Trains,Hybrid,Retail,Direct Sales,Global Auto,Vikram,13,58081.7,755062.07,12.6,95137.82,659924.25,583667.19,76257.06,11.56,10.0,65992.43,30529.27,0,4.0,15,Credit Card
ORD202600458,2026-05-19 17:44:05.204336948,2026,5,Q2,Japan,Helsinki,Vintage Cars,Diesel,Retail,Dealer,Global Auto,Ananya,10,51001.91,510019.13,8.8,44881.68,465137.44,394496.98,70640.47,15.19,18.0,83724.74,22685.43,0,3.9,4,UPI
ORD202600459,2026-05-20 01:01:15.062552126,2026,5,Q2,Sweden,Madrid,Motorcycles,Diesel,Retail,Online,Global Auto,Meera,4,14521.51,58086.04,1.4,813.2,57272.83,42165.64,15107.19,26.38,12.0,6872.74,1357.31,0,4.4,12,Credit Card
ORD202600460,2026-05-20 08:18:24.920767306,2026,5,Q2,France,Brussels,Trains,Diesel,Retail,Dealer,City Motors,Arun,8,55292.7,442341.61,14.7,65024.22,377317.4,315089.89,62227.51,16.49,12.0,45278.09,8904.46,0,3.9,15,UPI
ORD202600461,2026-05-20 15:35:34.778982486,2026,5,Q2,Japan,Rome,Motorcycles,Hybrid,Retail,Dealer,AutoMax,Daniel,9,27790.69,250116.18,4.7,11755.46,238360.72,162688.06,75672.66,31.75,10.0,23836.07,8612.9,0,4.9,10,Bank Transfer
ORD202600462,2026-05-20 22:52:44.637197664,2026,5,Q2,Japan,London,Trains,Petrol,Retail,Distributor,Speed Wheels,Vikram,7,56446.18,395123.27,3.1,12248.82,382874.45,329353.27,53521.19,13.98,8.0,30629.96,15567.45,1,5.0,15,Cash
ORD202600463,2026-05-21 06:09:54.495412844,2026,5,Q2,USA,Sydney,Classic Cars,Petrol,Retail,Distributor,Prime Motors,Meera,8,91076.25,728610.0,8.0,58288.8,670321.2,592076.68,78244.52,11.67,10.0,67032.12,22812.04,0,3.8,2,UPI
ORD202600464,2026-05-21 13:27:04.353628024,2026,5,Q2,USA,Paris,Classic Cars,Diesel,Fleet,Direct Sales,Global Auto,Karthik,7,85766.21,600363.47,15.9,95457.79,504905.68,433481.78,71423.9,14.15,10.0,50490.57,12627.77,0,5.0,7,UPI
ORD202600465,2026-05-21 20:44:14.211843202,2026,5,Q2,Austria,Brussels,Vintage Cars,Petrol,Retail,Dealer,City Motors,Ananya,2,41249.71,82499.43,12.0,9899.93,72599.5,49882.8,22716.69,31.29,18.0,13067.91,3605.51,0,4.3,6,Cash
ORD202600466,2026-05-22 04:01:24.070058382,2026,5,Q2,Norway,Sydney,Classic Cars,Hybrid,Government,Dealer,Prime Motors,Daniel,3,52526.66,157579.98,10.9,17176.22,140403.77,114192.48,26211.28,18.67,10.0,14040.38,4633.86,0,4.0,12,Bank Transfer
ORD202600467,2026-05-22 11:18:33.928273562,2026,5,Q2,Singapore,London,Ships,Hybrid,Corporate,Online,Elite Cars,Rahul,5,62225.82,311129.1,12.5,38891.14,272237.96,239498.8,32739.16,12.03,5.0,13611.9,11927.19,0,3.7,15,Finance
ORD202600468,2026-05-22 18:35:43.786488740,2026,5,Q2,India,Vienna,Vintage Cars,Diesel,Retail,Dealer,Prime Motors,Ananya,1,46911.73,46911.73,5.1,2392.5,44519.23,37148.25,7370.98,16.56,8.0,3561.54,982.59,0,4.1,3,UPI
ORD202600469,2026-05-23 01:52:53.644703920,2026,5,Q2,Finland,Mumbai,Classic Cars,Petrol,Government,Distributor,Speed Wheels,Sofia,3,30459.14,91377.43,1.2,1096.53,90280.9,80049.84,10231.06,11.33,8.0,7222.47,4652.34,0,3.7,11,Cash
ORD202600470,2026-05-23 09:10:03.502919100,2026,5,Q2,Belgium,Paris,Vintage Cars,Diesel,Corporate,Dealer,Global Auto,Sneha,1,39099.86,39099.86,14.3,5591.28,33508.58,27582.84,5925.75,17.68,18.0,6031.54,509.82,0,4.2,4,Cash
ORD202600471,2026-05-23 16:27:13.361134278,2026,5,Q2,Denmark,Vienna,Trucks and Buses,Hybrid,Fleet,Online,Prime Motors,Ananya,12,52063.45,624761.41,11.8,73721.85,551039.56,452452.91,98586.65,17.89,10.0,55103.96,17227.13,0,5.0,15,Cash
ORD202600472,2026-05-23 23:44:23.219349458,2026,5,Q2,USA,Tokyo,Trucks and Buses,Petrol,Corporate,Online,City Motors,Rahul,15,79019.88,1185298.26,11.2,132753.41,1052544.86,837187.45,215357.41,20.46,10.0,105254.49,56181.81,0,5.0,8,UPI
ORD202600473,2026-05-24 07:01:33.077564638,2026,5,Q2,Australia,Manila,Vintage Cars,Diesel,Fleet,Distributor,AutoMax,Ananya,3,28490.7,85472.11,11.9,10171.18,75300.93,56902.46,18398.46,24.43,18.0,13554.17,1604.7,0,3.8,12,Cash
ORD202600474,2026-05-24 14:18:42.935779816,2026,5,Q2,Spain,Berlin,Motorcycles,Petrol,Retail,Direct Sales,Global Auto,Priya,4,25640.55,102562.21,10.7,10974.16,91588.06,78660.79,12927.26,14.11,10.0,9158.81,2478.93,1,4.3,2,UPI
ORD202600475,2026-05-24 21:35:52.793994996,2026,5,Q2,Belgium,Tokyo,Classic Cars,Hybrid,Retail,Online,Global Auto,Sofia,1,62175.75,62175.75,17.2,10694.23,51481.52,35578.17,15903.35,30.89,5.0,2574.08,2572.67,1,3.8,6,UPI
ORD202600476,2026-05-25 04:53:02.652210176,2026,5,Q2,Austria,Zurich,Vintage Cars,Hybrid,Corporate,Online,Elite Cars,Vikram,13,34973.95,454661.33,7.3,33190.28,421471.05,368174.62,53296.43,12.65,10.0,42147.11,12042.44,0,4.5,3,Bank Transfer
ORD202600477,2026-05-25 12:10:12.510425354,2026,5,Q2,Switzerland,Mumbai,Classic Cars,Diesel,Fleet,Direct Sales,AutoMax,Arun,12,62521.7,750260.39,0.9,6752.34,743508.05,519142.92,224365.13,30.18,5.0,37175.4,37835.06,0,3.9,6,Credit Card
ORD202600478,2026-05-25 19:27:22.368640534,2026,5,Q2,Australia,Madrid,Classic Cars,Diesel,Fleet,Distributor,City Motors,Sneha,2,49472.3,98944.6,0.1,98.94,98845.66,77687.46,21158.2,21.41,12.0,11861.48,2732.0,1,4.0,13,Credit Card
ORD202600479,2026-05-26 02:44:32.226855714,2026,5,Q2,Singapore,Sydney,Motorcycles,Petrol,Government,Online,Speed Wheels,Sneha,9,15210.55,136894.98,1.3,1779.63,135115.35,113158.3,21957.05,16.25,18.0,24320.76,5294.42,1,4.0,14,Bank Transfer
ORD202600480,2026-05-26 10:01:42.085070892,2026,5,Q2,France,Sydney,Motorcycles,Hybrid,Corporate,Online,Speed Wheels,Daniel,1,20477.98,20477.98,6.9,1412.98,19065.0,13237.08,5827.92,30.57,12.0,2287.8,386.63,0,4.5,14,UPI
ORD202600481,2026-05-26 17:18:51.943286072,2026,5,Q2,Austria,Berlin,Ships,Diesel,Corporate,Direct Sales,City Motors,Sofia,2,59571.22,119142.44,11.5,13701.38,105441.06,83177.71,22263.35,21.11,18.0,18979.39,4557.7,0,3.3,10,Finance
ORD202600482,2026-05-27 00:36:01.801501252,2026,5,Q2,Switzerland,Mumbai,Ships,Petrol,Retail,Distributor,AutoMax,Sneha,8,98648.17,789185.36,9.4,74183.42,715001.94,623650.58,91351.36,12.78,5.0,35750.1,21586.27,1,3.7,5,Bank Transfer
ORD202600483,2026-05-27 07:53:11.659716430,2026,5,Q2,Philippines,Tokyo,Trucks and Buses,Petrol,Government,Direct Sales,City Motors,Meera,14,53557.16,749800.21,15.9,119218.23,630581.98,436473.71,194108.27,30.78,18.0,113504.76,28803.51,0,4.7,3,Bank Transfer
ORD202600484,2026-05-27 15:10:21.517931610,2026,5,Q2,Australia,Brussels,Motorcycles,Petrol,Fleet,Distributor,City Motors,Karthik,14,14240.83,199371.6,6.3,12560.41,186811.19,155764.03,31047.17,16.62,10.0,18681.12,4526.1,0,3.9,15,UPI
ORD202600485,2026-05-27 22:27:31.376146790,2026,5,Q2,Japan,Mumbai,Trucks and Buses,Diesel,Retail,Dealer,Speed Wheels,Daniel,6,81241.09,487446.52,2.9,14135.95,473310.57,351659.15,121651.42,25.7,10.0,47331.06,12634.29,0,3.4,4,Cash
ORD202600486,2026-05-28 05:44:41.234361968,2026,5,Q2,USA,New York,Classic Cars,Hybrid,Corporate,Direct Sales,Speed Wheels,Sneha,11,115939.03,1275329.36,14.9,190024.07,1085305.28,967908.47,117396.82,10.82,18.0,195354.95,46974.99,0,3.1,7,Bank Transfer
ORD202600487,2026-05-28 13:01:51.092577148,2026,5,Q2,Italy,Paris,Classic Cars,Diesel,Retail,Online,Speed Wheels,Sneha,4,54586.69,218346.77,13.6,29695.16,188651.61,135377.52,53274.09,28.24,5.0,9432.58,5068.49,1,4.6,4,UPI
ORD202600488,2026-05-28 20:19:00.950792328,2026,5,Q2,Japan,Vienna,Classic Cars,Diesel,Corporate,Dealer,Speed Wheels,Daniel,4,67710.21,270840.83,13.6,36834.35,234006.48,204720.4,29286.08,12.52,10.0,23400.65,8436.41,0,4.1,7,Finance
ORD202600489,2026-05-29 03:36:10.809007506,2026,5,Q2,Denmark,Zurich,Trucks and Buses,Hybrid,Retail,Direct Sales,AutoMax,Rahul,14,57462.71,804477.88,5.4,43441.81,761036.07,571766.35,189269.72,24.87,5.0,38051.8,28988.07,0,3.8,5,Cash
ORD202600490,2026-05-29 10:53:20.667222686,2026,5,Q2,Germany,Berlin,Ships,Diesel,Corporate,Dealer,AutoMax,Vikram,11,135047.24,1485519.69,5.0,74275.98,1411243.7,1103717.36,307526.34,21.79,18.0,254023.87,26866.51,0,3.5,12,Credit Card
ORD202600491,2026-05-29 18:10:30.525437866,2026,5,Q2,Australia,Berlin,Planes,Petrol,Government,Dealer,Speed Wheels,Karthik,8,122724.85,981798.8,0.8,7854.39,973944.41,729395.47,244548.94,25.11,8.0,77915.55,25419.2,1,4.1,10,Cash
ORD202600492,2026-05-30 01:27:40.383653044,2026,5,Q2,UK,Vienna,Classic Cars,Petrol,Fleet,Dealer,Elite Cars,Arun,15,92026.49,1380397.29,2.8,38651.12,1341746.17,1015060.98,326685.19,24.35,18.0,241514.31,61559.84,0,3.5,2,Credit Card
ORD202600493,2026-05-30 08:44:50.241868224,2026,5,Q2,Switzerland,Berlin,Motorcycles,Hybrid,Retail,Distributor,AutoMax,Sofia,12,13328.99,159947.94,5.4,8637.19,151310.75,132428.67,18882.08,12.48,10.0,15131.07,7340.71,0,4.4,11,Finance
ORD202600494,2026-05-30 16:02:00.100083402,2026,5,Q2,Singapore,Berlin,Trucks and Buses,Electric,Retail,Dealer,Global Auto,Sofia,6,47235.86,283415.16,15.8,44779.6,238635.57,169723.62,68911.95,28.88,10.0,23863.56,8261.28,0,5.0,6,Cash
ORD202600495,2026-05-30 23:19:09.958298582,2026,5,Q2,Norway,Toronto,Trains,Petrol,Government,Dealer,Global Auto,Meera,7,32777.24,229440.71,5.6,12848.68,216592.03,163330.17,53261.86,24.59,18.0,38986.57,6978.45,1,4.2,2,Bank Transfer
ORD202600496,2026-05-31 06:36:19.816513762,2026,5,Q2,Canada,Mumbai,Vintage Cars,Electric,Retail,Dealer,Global Auto,Sneha,9,37465.46,337189.11,4.4,14836.32,322352.79,257039.94,65312.85,20.26,12.0,38682.33,9895.49,0,3.7,8,UPI
ORD202600497,2026-05-31 13:53:29.674728940,2026,5,Q2,Sweden,Brussels,Ships,Diesel,Retail,Dealer,Global Auto,Arun,6,84745.97,508475.85,2.4,12203.42,496272.42,366324.06,129948.37,26.18,12.0,59552.69,17671.18,0,3.4,7,Bank Transfer
ORD202600498,2026-05-31 21:10:39.532944120,2026,5,Q2,Singapore,Stockholm,Vintage Cars,Petrol,Retail,Direct Sales,Elite Cars,Priya,7,39493.58,276455.04,12.5,34556.88,241898.16,176342.38,65555.79,27.1,10.0,24189.82,5039.14,0,3.3,7,Cash
ORD202600499,2026-06-01 04:27:49.391159300,2026,6,Q2,USA,Helsinki,Trucks and Buses,Diesel,Retail,Dealer,Global Auto,Vikram,8,119477.39,955819.09,3.0,28674.57,927144.51,755483.44,171661.07,18.52,10.0,92714.45,38245.25,0,4.7,14,Credit Card
ORD202600500,2026-06-01 11:44:59.249374478,2026,6,Q2,UK,Manila,Motorcycles,Petrol,Fleet,Dealer,Elite Cars,Daniel,4,31057.27,124229.09,1.0,1242.29,122986.8,90547.52,32439.28,26.38,10.0,12298.68,2436.82,0,2.8,5,Bank Transfer
ORD202600501,2026-06-01 19:02:09.107589658,2026,6,Q2,UK,Helsinki,Trucks and Buses,Hybrid,Retail,Dealer,Elite Cars,Ananya,4,97551.7,390206.82,15.8,61652.68,328554.14,270394.95,58159.19,17.7,10.0,32855.41,11249.59,0,4.4,3,Bank Transfer
ORD202600502,2026-06-02 02:19:18.965804838,2026,6,Q2,Austria,Brussels,Planes,Diesel,Corporate,Dealer,Speed Wheels,Meera,14,73225.3,1025154.27,14.2,145571.91,879582.36,777816.08,101766.28,11.57,5.0,43979.12,21862.85,0,4.3,8,Credit Card
ORD202600503,2026-06-02 09:36:28.824020016,2026,6,Q2,Canada,Paris,Vintage Cars,Petrol,Corporate,Dealer,Elite Cars,Arun,11,31738.13,349119.4,7.8,27231.31,321888.09,238061.83,83826.26,26.04,8.0,25751.05,10422.3,0,4.4,11,UPI
ORD202600504,2026-06-02 16:53:38.682235196,2026,6,Q2,Denmark,Mumbai,Motorcycles,Diesel,Corporate,Direct Sales,Global Auto,Rahul,14,16736.58,234312.1,1.5,3514.68,230797.42,205032.67,25764.75,11.16,10.0,23079.74,10080.02,0,4.7,8,Cash
ORD202600505,2026-06-03 00:10:48.540450376,2026,6,Q2,France,Vienna,Motorcycles,Electric,Corporate,Distributor,AutoMax,Sofia,6,27199.48,163196.89,5.9,9628.62,153568.27,116974.65,36593.62,23.83,12.0,18428.19,2885.93,0,5.0,8,Cash
ORD202600506,2026-06-03 07:27:58.398665554,2026,6,Q2,Austria,Brussels,Trains,Petrol,Retail,Dealer,Speed Wheels,Sofia,12,37838.16,454057.97,4.8,21794.78,432263.18,366971.13,65292.06,15.1,8.0,34581.05,9689.55,0,4.6,11,Finance
ORD202600507,2026-06-03 14:45:08.256880734,2026,6,Q2,Japan,Brussels,Trucks and Buses,Petrol,Fleet,Dealer,Speed Wheels,Arun,3,66158.75,198476.26,12.9,25603.44,172872.82,137331.09,35541.73,20.56,10.0,17287.28,2987.76,0,4.9,7,Credit Card
ORD202600508,2026-06-03 22:02:18.115095914,2026,6,Q2,USA,Sydney,Motorcycles,Petrol,Retail,Dealer,Elite Cars,Karthik,8,30709.8,245678.37,8.7,21374.02,224304.35,161374.76,62929.59,28.06,18.0,40374.78,6656.73,0,4.2,10,Finance
ORD202600509,2026-06-04 05:19:27.973311092,2026,6,Q2,India,London,Motorcycles,Petrol,Retail,Dealer,AutoMax,Meera,15,23735.5,356032.45,16.9,60169.48,295862.97,249691.88,46171.09,15.61,18.0,53255.33,10447.21,0,3.7,14,Cash
ORD202600510,2026-06-04 12:36:37.831526272,2026,6,Q2,Singapore,Singapore,Motorcycles,Hybrid,Retail,Direct Sales,City Motors,Vikram,4,18567.57,74270.27,2.0,1485.41,72784.86,54462.28,18322.58,25.17,12.0,8734.18,3306.41,0,4.0,15,UPI
ORD202600511,2026-06-04 19:53:47.689741452,2026,6,Q2,Denmark,Helsinki,Classic Cars,Diesel,Retail,Direct Sales,AutoMax,Meera,1,42945.28,42945.28,0.8,343.56,42601.72,34225.0,8376.72,19.66,12.0,5112.21,993.03,0,4.7,7,Credit Card
ORD202600512,2026-06-05 03:10:57.547956630,2026,6,Q2,Philippines,Singapore,Trucks and Buses,Hybrid,Retail,Dealer,Prime Motors,Rahul,11,50340.67,553747.32,10.3,57035.97,496711.34,388883.51,107827.83,21.71,10.0,49671.13,13512.39,0,3.7,12,Credit Card
ORD202600513,2026-06-05 10:28:07.406171810,2026,6,Q2,USA,Sydney,Vintage Cars,Petrol,Retail,Dealer,Prime Motors,Meera,12,57552.07,690624.84,17.7,122240.6,568384.25,460870.99,107513.26,18.92,12.0,68206.11,23064.31,1,3.9,12,Finance
ORD202600514,2026-06-05 17:45:17.264386990,2026,6,Q2,Sweden,Oslo,Ships,Petrol,Government,Direct Sales,City Motors,Arun,5,99220.3,496101.5,1.3,6449.32,489652.18,350911.11,138741.07,28.33,12.0,58758.26,25131.45,0,4.1,4,Cash
ORD202600515,2026-06-06 01:02:27.122602168,2026,6,Q2,Belgium,Brussels,Vintage Cars,Electric,Fleet,Direct Sales,Prime Motors,Daniel,2,43413.34,86826.67,5.7,4949.12,81877.55,60243.9,21633.65,26.42,8.0,6550.2,1279.18,0,3.2,8,Cash
ORD202600516,2026-06-06 08:19:36.980817348,2026,6,Q2,Australia,Brussels,Trucks and Buses,Petrol,Fleet,Online,AutoMax,Ananya,6,44517.71,267106.29,6.6,17629.02,249477.27,220138.58,29338.69,11.76,18.0,44905.91,10509.1,0,4.2,9,Finance
ORD202600517,2026-06-06 15:36:46.839032528,2026,6,Q2,Australia,Stockholm,Trucks and Buses,Petrol,Retail,Online,AutoMax,Rahul,4,54085.57,216342.3,1.4,3028.79,213313.51,148329.91,64983.6,30.46,18.0,38396.43,7619.19,0,4.1,7,Finance
ORD202600518,2026-06-06 22:53:56.697247706,2026,6,Q2,Germany,Vienna,Vintage Cars,Petrol,Corporate,Direct Sales,AutoMax,Sneha,1,65269.46,65269.46,4.0,2610.78,62658.68,47400.29,15258.38,24.35,12.0,7519.04,2476.0,0,4.7,7,Finance
ORD202600519,2026-06-07 06:11:06.555462886,2026,6,Q2,Japan,Stockholm,Trucks and Buses,Hybrid,Retail,Dealer,Speed Wheels,Rahul,12,85406.57,1024878.85,14.0,143483.04,881395.81,641229.62,240166.2,27.25,18.0,158651.25,33691.16,0,4.4,12,Finance
ORD202600520,2026-06-07 13:28:16.413678066,2026,6,Q2,Switzerland,Mumbai,Ships,Petrol,Retail,Dealer,City Motors,Priya,3,86930.64,260791.91,12.8,33381.36,227410.54,188832.56,38577.98,16.96,18.0,40933.9,5418.12,0,4.2,2,Bank Transfer
ORD202600521,2026-06-07 20:45:26.271893244,2026,6,Q2,Belgium,Singapore,Classic Cars,Hybrid,Corporate,Online,Speed Wheels,Priya,15,45476.55,682148.23,11.9,81175.64,600972.59,457142.26,143830.33,23.93,18.0,108175.07,13876.46,1,3.0,10,Finance
ORD202600522,2026-06-08 04:02:36.130108424,2026,6,Q2,UK,London,Trains,Hybrid,Retail,Distributor,City Motors,Ananya,6,73151.5,438908.98,2.7,11850.54,427058.44,319176.01,107882.43,25.26,12.0,51247.01,14437.84,0,3.7,13,Bank Transfer
ORD202600523,2026-06-08 11:19:45.988323604,2026,6,Q2,Switzerland,Toronto,Ships,Hybrid,Retail,Online,City Motors,Arun,13,87654.05,1139502.68,17.7,201691.97,937810.7,766407.44,171403.26,18.28,8.0,75024.86,42174.73,1,3.2,9,UPI
ORD202600524,2026-06-08 18:36:55.846538782,2026,6,Q2,Switzerland,Zurich,Motorcycles,Diesel,Corporate,Dealer,Elite Cars,Vikram,5,15490.04,77450.22,4.2,3252.91,74197.31,51324.13,22873.18,30.83,5.0,3709.87,2172.48,0,3.5,10,Bank Transfer
ORD202600525,2026-06-09 01:54:05.704753962,2026,6,Q2,Australia,Vienna,Motorcycles,Hybrid,Retail,Direct Sales,Global Auto,Ananya,9,16262.01,146358.05,5.1,7464.26,138893.79,102038.6,36855.2,26.53,18.0,25000.88,4402.93,1,3.6,13,UPI
ORD202600526,2026-06-09 09:11:15.562969142,2026,6,Q2,Norway,Berlin,Motorcycles,Diesel,Government,Dealer,Global Auto,Priya,3,10531.89,31595.67,2.4,758.3,30837.37,25566.79,5270.58,17.09,8.0,2466.99,1401.63,0,4.8,13,Cash
ORD202600527,2026-06-09 16:28:25.421184320,2026,6,Q2,Singapore,Berlin,Trains,Petrol,Retail,Online,Elite Cars,Sofia,11,32106.78,353174.57,15.8,55801.58,297372.99,263512.48,33860.51,11.39,10.0,29737.3,5974.37,0,4.6,11,UPI
ORD202600528,2026-06-09 23:45:35.279399500,2026,6,Q2,Canada,London,Trucks and Buses,Diesel,Retail,Online,Prime Motors,Karthik,6,53309.98,319859.91,18.0,57574.78,262285.12,232260.72,30024.4,11.45,8.0,20982.81,7367.76,0,5.0,13,Finance
ORD202600529,2026-06-10 07:02:45.137614680,2026,6,Q2,Philippines,Berlin,Classic Cars,Petrol,Corporate,Dealer,Global Auto,Priya,13,29330.79,381300.3,5.4,20590.22,360710.09,286009.19,74700.9,20.71,8.0,28856.81,15425.48,0,5.0,13,UPI
ORD202600530,2026-06-10 14:19:54.995829858,2026,6,Q2,UK,New York,Vintage Cars,Petrol,Retail,Online,Prime Motors,Vikram,8,69102.6,552820.8,0.7,3869.75,548951.06,485550.64,63400.42,11.55,10.0,54895.11,20101.47,0,5.0,7,Bank Transfer
ORD202600531,2026-06-10 21:37:04.854045038,2026,6,Q2,Norway,Zurich,Classic Cars,Petrol,Retail,Direct Sales,Speed Wheels,Rahul,7,43882.05,307174.38,4.8,14744.37,292430.01,229987.78,62442.23,21.35,18.0,52637.4,14840.75,0,3.8,12,UPI
ORD202600532,2026-06-11 04:54:14.712260218,2026,6,Q2,Italy,Copenhagen,Vintage Cars,Petrol,Retail,Direct Sales,AutoMax,Vikram,2,40021.04,80042.08,4.1,3281.73,76760.35,57322.06,19438.3,25.32,10.0,7676.04,3863.29,0,5.0,4,Bank Transfer
ORD202600533,2026-06-11 12:11:24.570475396,2026,6,Q2,Finland,Stockholm,Motorcycles,Electric,Retail,Distributor,Speed Wheels,Rahul,7,16852.03,117964.21,16.4,19346.13,98618.08,70134.02,28484.07,28.88,10.0,9861.81,3058.46,0,4.2,2,Credit Card
ORD202600534,2026-06-11 19:28:34.428690576,2026,6,Q2,France,Mumbai,Trucks and Buses,Petrol,Fleet,Online,Prime Motors,Priya,15,60338.19,905072.89,6.7,60639.88,844433.01,745514.83,98918.18,11.71,8.0,67554.64,13456.45,0,4.2,4,Credit Card
ORD202600535,2026-06-12 02:45:44.286905754,2026,6,Q2,Norway,Helsinki,Vintage Cars,Electric,Retail,Dealer,AutoMax,Daniel,9,28934.46,260410.18,6.3,16405.84,244004.34,190617.15,53387.19,21.88,18.0,43920.78,11263.57,0,4.3,9,Credit Card
ORD202600536,2026-06-12 10:02:54.145120934,2026,6,Q2,Denmark,Tokyo,Vintage Cars,Hybrid,Fleet,Dealer,Elite Cars,Sofia,12,28573.77,342885.27,17.2,58976.27,283909.01,224197.92,59711.08,21.03,5.0,14195.45,15028.87,0,4.0,9,UPI
ORD202600537,2026-06-12 17:20:04.003336114,2026,6,Q2,France,Singapore,Trucks and Buses,Hybrid,Fleet,Direct Sales,Global Auto,Rahul,15,88322.94,1324844.16,17.8,235822.26,1089021.9,884912.25,204109.65,18.74,18.0,196023.94,40067.4,0,3.8,11,Cash
ORD202600538,2026-06-13 00:37:13.861551292,2026,6,Q2,Canada,Vienna,Classic Cars,Petrol,Corporate,Direct Sales,Prime Motors,Rahul,3,59760.66,179281.99,6.2,11115.48,168166.5,131043.96,37122.54,22.07,5.0,8408.33,5997.7,0,4.9,12,Cash
ORD202600539,2026-06-13 07:54:23.719766472,2026,6,Q2,Canada,Rome,Trucks and Buses,Hybrid,Retail,Dealer,AutoMax,Priya,15,61947.57,929213.59,14.6,135665.18,793548.41,672372.68,121175.73,15.27,10.0,79354.84,24234.52,1,4.1,10,UPI
ORD202600540,2026-06-13 15:11:33.577981652,2026,6,Q2,Belgium,Copenhagen,Classic Cars,Diesel,Retail,Distributor,Prime Motors,Sofia,14,58240.66,815369.18,0.7,5707.58,809661.6,569796.31,239865.28,29.63,10.0,80966.16,25939.63,0,3.9,9,Cash
ORD202600541,2026-06-13 22:28:43.436196830,2026,6,Q2,Denmark,Vienna,Trucks and Buses,Electric,Retail,Direct Sales,Speed Wheels,Rahul,8,34953.97,279631.78,9.8,27403.91,252227.87,174507.03,77720.84,30.81,10.0,25222.79,8623.77,0,3.3,7,UPI
ORD202600542,2026-06-14 05:45:53.294412010,2026,6,Q2,Sweden,Tokyo,Classic Cars,Hybrid,Retail,Online,AutoMax,Priya,8,40975.96,327807.71,6.7,21963.12,305844.59,216840.08,89004.51,29.1,18.0,55052.03,14941.42,0,3.6,3,UPI
ORD202600543,2026-06-14 13:03:03.152627190,2026,6,Q2,Belgium,Madrid,Vintage Cars,Petrol,Retail,Direct Sales,Speed Wheels,Karthik,6,44862.49,269174.94,2.8,7536.9,261638.04,191088.01,70550.03,26.96,8.0,20931.04,5567.05,0,4.5,7,UPI
ORD202600544,2026-06-14 20:20:13.010842368,2026,6,Q2,UK,London,Motorcycles,Diesel,Retail,Online,Global Auto,Vikram,5,21143.67,105718.34,16.8,17760.68,87957.66,64351.85,23605.81,26.84,18.0,15832.38,2982.93,0,4.1,15,Cash
ORD202600545,2026-06-15 03:37:22.869057548,2026,6,Q2,Austria,Mumbai,Trains,Diesel,Retail,Online,Prime Motors,Karthik,13,44653.83,580499.84,7.7,44698.49,535801.35,452882.34,82919.01,15.48,10.0,53580.14,14025.87,1,4.6,7,Finance
ORD202600546,2026-06-15 10:54:32.727272728,2026,6,Q2,Belgium,Brussels,Vintage Cars,Diesel,Retail,Direct Sales,City Motors,Meera,3,33580.85,100742.54,13.5,13600.24,87142.29,78074.65,9067.64,10.41,8.0,6971.38,4051.59,0,3.8,14,Finance
ORD202600547,2026-06-15 18:11:42.585487906,2026,6,Q2,Canada,Oslo,Vintage Cars,Petrol,Retail,Distributor,City Motors,Sneha,6,49719.88,298319.3,12.9,38483.19,259836.11,191269.17,68566.94,26.39,18.0,46770.5,7377.82,0,4.3,10,UPI
ORD202600548,2026-06-16 01:28:52.443703086,2026,6,Q2,Spain,Tokyo,Trains,Diesel,Fleet,Direct Sales,Prime Motors,Ananya,8,51791.77,414334.2,5.7,23617.05,390717.15,334111.75,56605.39,14.49,10.0,39071.71,15473.99,1,3.9,14,UPI
ORD202600549,2026-06-16 08:46:02.301918266,2026,6,Q2,Norway,Tokyo,Vintage Cars,Electric,Government,Dealer,Elite Cars,Sneha,7,23811.97,166683.81,14.2,23669.1,143014.71,100045.84,42968.87,30.05,18.0,25742.65,7306.84,1,4.4,14,Credit Card
ORD202600550,2026-06-16 16:03:12.160133444,2026,6,Q2,Austria,Stockholm,Motorcycles,Electric,Corporate,Online,City Motors,Meera,7,12026.33,84184.3,9.0,7576.59,76607.71,62117.89,14489.82,18.91,12.0,9192.93,3767.71,0,4.5,5,Finance
ORD202600551,2026-06-16 23:20:22.018348624,2026,6,Q2,Germany,Singapore,Planes,Hybrid,Retail,Distributor,City Motors,Vikram,6,116503.96,699023.75,2.5,17475.59,681548.16,583000.9,98547.27,14.46,10.0,68154.82,33832.67,0,4.3,8,Bank Transfer
ORD202600552,2026-06-17 06:37:31.876563804,2026,6,Q2,Canada,Toronto,Trucks and Buses,Petrol,Corporate,Direct Sales,Speed Wheels,Arun,9,47212.78,424914.99,7.5,31868.62,393046.37,316916.42,76129.95,19.37,18.0,70748.35,20871.56,0,4.4,7,UPI
ORD202600553,2026-06-17 13:54:41.734778982,2026,6,Q2,Austria,New York,Vintage Cars,Hybrid,Retail,Online,Prime Motors,Vikram,2,29135.64,58271.28,0.5,291.36,57979.92,45727.64,12252.28,21.13,8.0,4638.39,1750.52,0,3.7,11,Cash
ORD202600554,2026-06-17 21:11:51.592994162,2026,6,Q2,Finland,Madrid,Vintage Cars,Petrol,Retail,Online,AutoMax,Sofia,14,21468.05,300552.67,9.4,28251.95,272300.72,243568.83,28731.89,10.55,8.0,21784.06,9084.88,0,3.9,8,Cash
ORD202600555,2026-06-18 04:29:01.451209342,2026,6,Q2,Finland,Sydney,Trucks and Buses,Petrol,Retail,Distributor,City Motors,Vikram,9,32893.5,296041.52,9.7,28716.03,267325.5,199982.64,67342.86,25.19,10.0,26732.55,11215.08,1,4.7,7,Bank Transfer
ORD202600556,2026-06-18 11:46:11.309424520,2026,6,Q2,Sweden,Toronto,Trucks and Buses,Diesel,Corporate,Dealer,City Motors,Rahul,13,54843.19,712961.46,9.2,65592.45,647369.0,571736.61,75632.4,11.68,5.0,32368.45,32874.49,0,4.9,10,Bank Transfer
ORD202600557,2026-06-18 19:03:21.167639700,2026,6,Q2,France,Zurich,Trains,Petrol,Retail,Online,AutoMax,Meera,2,58884.89,117769.79,3.2,3768.63,114001.15,81166.1,32835.05,28.8,12.0,13680.14,3807.58,0,3.6,13,Cash
ORD202600558,2026-06-19 02:20:31.025854880,2026,6,Q2,Switzerland,Tokyo,Planes,Electric,Corporate,Online,Elite Cars,Ananya,1,110059.73,110059.73,6.0,6603.58,103456.14,85187.72,18268.42,17.66,8.0,8276.49,5065.03,1,3.5,6,Finance
ORD202600559,2026-06-19 09:37:40.884070058,2026,6,Q2,Australia,Brussels,Vintage Cars,Diesel,Corporate,Dealer,City Motors,Sofia,10,30841.76,308417.59,10.3,31767.01,276650.58,224304.34,52346.24,18.92,18.0,49797.1,4690.02,0,4.1,3,Cash
ORD202600560,2026-06-19 16:54:50.742285238,2026,6,Q2,Canada,New York,Trains,Diesel,Corporate,Online,Speed Wheels,Daniel,14,34374.9,481248.55,13.3,64006.06,417242.49,292369.58,124872.91,29.93,12.0,50069.1,17380.74,0,5.0,2,Cash
ORD202600561,2026-06-20 00:12:00.600500418,2026,6,Q2,Germany,Helsinki,Planes,Petrol,Fleet,Online,Elite Cars,Daniel,13,153205.57,1991672.38,8.3,165308.81,1826363.57,1432860.07,393503.5,21.55,10.0,182636.36,94160.23,1,4.6,7,Finance
ORD202600562,2026-06-20 07:29:10.458715596,2026,6,Q2,Italy,Manila,Vintage Cars,Diesel,Fleet,Dealer,AutoMax,Meera,15,41150.02,617250.33,16.3,100611.8,516638.52,375881.27,140757.25,27.24,12.0,61996.62,15910.57,1,4.8,8,Credit Card
ORD202600563,2026-06-20 14:46:20.316930776,2026,6,Q2,UK,Madrid,Motorcycles,Electric,Retail,Dealer,Elite Cars,Daniel,10,20892.98,208929.8,6.7,13998.3,194931.5,140739.14,54192.36,27.8,8.0,15594.52,6667.07,0,3.9,13,Finance
ORD202600564,2026-06-20 22:03:30.175145956,2026,6,Q2,Spain,Copenhagen,Trains,Petrol,Corporate,Distributor,Prime Motors,Karthik,6,47829.71,286978.27,12.1,34724.37,252253.9,181203.38,71050.52,28.17,12.0,30270.47,5930.87,0,4.0,7,Credit Card
ORD202600565,2026-06-21 05:20:40.033361134,2026,6,Q2,France,Toronto,Ships,Hybrid,Retail,Dealer,Speed Wheels,Sneha,10,121512.66,1215126.58,12.5,151890.82,1063235.76,724718.17,338517.59,31.84,8.0,85058.86,38554.62,0,5.0,10,Credit Card
ORD202600566,2026-06-21 12:37:49.891576314,2026,6,Q2,Germany,Rome,Motorcycles,Diesel,Retail,Online,Global Auto,Daniel,14,32423.05,453922.66,13.8,62641.33,391281.33,294163.6,97117.73,24.82,18.0,70430.64,11057.8,0,3.3,6,Finance
ORD202600567,2026-06-21 19:54:59.749791494,2026,6,Q2,Sweden,New York,Trains,Hybrid,Retail,Direct Sales,City Motors,Ananya,11,26617.22,292789.46,13.6,39819.37,252970.09,178733.0,74237.1,29.35,10.0,25297.01,5714.93,0,4.2,7,Bank Transfer
ORD202600568,2026-06-22 03:12:09.608006672,2026,6,Q2,Germany,Berlin,Classic Cars,Petrol,Retail,Distributor,AutoMax,Vikram,9,98241.74,884175.7,17.0,150309.87,733865.83,540734.44,193131.39,26.32,18.0,132095.85,22590.06,0,3.6,10,Bank Transfer
ORD202600569,2026-06-22 10:29:19.466221852,2026,6,Q2,Germany,Brussels,Vintage Cars,Diesel,Corporate,Online,Global Auto,Priya,2,56266.3,112532.6,8.0,9002.61,103529.99,87979.45,15550.54,15.02,10.0,10353.0,1672.52,0,3.9,7,Credit Card
ORD202600570,2026-06-22 17:46:29.324437032,2026,6,Q2,Germany,New York,Classic Cars,Electric,Retail,Online,City Motors,Daniel,1,99403.09,99403.09,4.2,4174.93,95228.16,77481.48,17746.68,18.64,12.0,11427.38,2673.29,0,4.2,7,UPI
ORD202600571,2026-06-23 01:03:39.182652210,2026,6,Q2,Finland,New York,Motorcycles,Diesel,Retail,Online,Global Auto,Daniel,8,12894.86,103158.85,8.9,9181.14,93977.71,73515.52,20462.19,21.77,5.0,4698.89,2519.88,0,4.7,9,Finance
ORD202600572,2026-06-23 08:20:49.040867390,2026,6,Q2,Spain,Sydney,Vintage Cars,Hybrid,Corporate,Online,Prime Motors,Sofia,1,48378.45,48378.45,0.4,193.51,48184.93,36939.59,11245.34,23.34,12.0,5782.19,2532.7,1,4.3,10,Finance
ORD202600573,2026-06-23 15:37:58.899082568,2026,6,Q2,France,Rome,Vintage Cars,Hybrid,Retail,Dealer,Prime Motors,Daniel,5,48607.13,243035.64,12.2,29650.35,213385.29,161656.39,51728.9,24.24,12.0,25606.23,8503.4,0,4.2,3,Credit Card
ORD202600574,2026-06-23 22:55:08.757297748,2026,6,Q2,France,Copenhagen,Motorcycles,Diesel,Fleet,Distributor,Global Auto,Ananya,6,24536.21,147217.26,0.5,736.09,146481.17,104144.37,42336.81,28.9,18.0,26366.61,6817.11,0,3.1,7,Cash
ORD202600575,2026-06-24 06:12:18.615512928,2026,6,Q2,Australia,London,Planes,Petrol,Fleet,Direct Sales,Prime Motors,Meera,13,121132.94,1574728.18,15.3,240933.41,1333794.77,1167899.29,165895.48,12.44,18.0,240083.06,21636.03,1,3.8,13,Credit Card
ORD202600576,2026-06-24 13:29:28.473728106,2026,6,Q2,Austria,Oslo,Planes,Diesel,Government,Dealer,City Motors,Arun,9,86407.6,777668.44,16.4,127537.62,650130.81,469636.19,180494.62,27.76,8.0,52010.47,34574.02,0,3.1,8,Bank Transfer
ORD202600577,2026-06-24 20:46:38.331943286,2026,6,Q2,Germany,Mumbai,Vintage Cars,Diesel,Retail,Direct Sales,City Motors,Sneha,2,48833.83,97667.66,11.4,11134.11,86533.55,65796.22,20737.33,23.96,18.0,15576.04,2847.51,0,2.9,3,UPI
ORD202600578,2026-06-25 04:03:48.190158466,2026,6,Q2,Spain,Rome,Vintage Cars,Hybrid,Corporate,Direct Sales,City Motors,Sneha,7,52385.69,366699.84,8.0,29335.99,337363.85,268617.48,68746.38,20.38,12.0,40483.66,5654.59,1,4.2,2,UPI
ORD202600579,2026-06-25 11:20:58.048373644,2026,6,Q2,Sweden,New York,Vintage Cars,Petrol,Corporate,Online,Elite Cars,Ananya,10,39878.15,398781.48,8.9,35491.55,363289.93,298352.9,64937.03,17.87,18.0,65392.19,11399.23,1,4.9,4,Bank Transfer
ORD202600580,2026-06-25 18:38:07.906588824,2026,6,Q2,USA,London,Vintage Cars,Diesel,Fleet,Online,Speed Wheels,Meera,1,55064.1,55064.1,3.7,2037.37,53026.73,43423.12,9603.61,18.11,10.0,5302.67,2288.64,0,4.6,8,Cash
ORD202600581,2026-06-26 01:55:17.764804004,2026,6,Q2,Italy,Berlin,Ships,Petrol,Retail,Direct Sales,City Motors,Vikram,4,129703.03,518812.14,0.6,3112.87,515699.26,379072.58,136626.69,26.49,8.0,41255.94,15924.27,1,3.8,15,Cash
ORD202600582,2026-06-26 09:12:27.623019182,2026,6,Q2,Singapore,Helsinki,Vintage Cars,Hybrid,Retail,Dealer,AutoMax,Sneha,5,30083.06,150415.3,13.1,19704.4,130710.89,116316.2,14394.69,11.01,18.0,23527.96,2533.6,0,4.9,3,Finance
ORD202600583,2026-06-26 16:29:37.481234362,2026,6,Q2,India,Oslo,Trains,Electric,Retail,Direct Sales,Global Auto,Karthik,6,50850.67,305104.03,8.9,27154.26,277949.78,220652.85,57296.92,20.61,12.0,33353.97,8299.66,0,3.7,13,Cash
ORD202600584,2026-06-26 23:46:47.339449542,2026,6,Q2,France,Copenhagen,Vintage Cars,Petrol,Retail,Dealer,Elite Cars,Sneha,10,63322.34,633223.41,13.5,85485.16,547738.25,437965.7,109772.55,20.04,12.0,65728.59,17638.99,0,3.8,15,Cash
ORD202600585,2026-06-27 07:03:57.197664720,2026,6,Q2,Belgium,Paris,Trucks and Buses,Petrol,Retail,Distributor,Global Auto,Sneha,1,59053.05,59053.05,16.4,9684.7,49368.35,43447.92,5920.43,11.99,12.0,5924.2,2015.01,0,4.1,5,Finance
ORD202600586,2026-06-27 14:21:07.055879900,2026,6,Q2,USA,New York,Trains,Electric,Retail,Dealer,AutoMax,Rahul,4,76235.02,304940.09,4.9,14942.06,289998.03,249994.63,40003.4,13.79,12.0,34799.76,5360.28,0,4.1,14,UPI
ORD202600587,2026-06-27 21:38:16.914095080,2026,6,Q2,France,Madrid,Trucks and Buses,Hybrid,Retail,Dealer,AutoMax,Karthik,15,85381.45,1280721.76,6.5,83246.91,1197474.85,1034631.97,162842.88,13.6,12.0,143696.98,34927.42,0,4.6,6,Finance
ORD202600588,2026-06-28 04:55:26.772310258,2026,6,Q2,Japan,Singapore,Ships,Petrol,Fleet,Online,Speed Wheels,Rahul,10,145109.45,1451094.55,13.8,200251.05,1250843.5,1107962.12,142881.37,11.42,12.0,150101.22,62557.21,0,4.4,10,Finance
ORD202600589,2026-06-28 12:12:36.630525438,2026,6,Q2,Denmark,Sydney,Motorcycles,Petrol,Retail,Direct Sales,City Motors,Sneha,8,12384.69,99077.55,9.6,9511.44,89566.11,69987.59,19578.51,21.86,12.0,10747.93,3469.15,0,5.0,12,Cash
ORD202600590,2026-06-28 19:29:46.488740618,2026,6,Q2,Norway,Mumbai,Motorcycles,Petrol,Fleet,Dealer,Speed Wheels,Sneha,7,11992.01,83944.04,5.1,4281.15,79662.9,62286.93,17375.96,21.81,5.0,3983.14,3667.36,1,3.8,9,Finance
ORD202600591,2026-06-29 02:46:56.346955796,2026,6,Q2,Singapore,Stockholm,Motorcycles,Petrol,Government,Dealer,Global Auto,Sneha,8,19853.22,158825.77,10.7,16994.36,141831.41,122670.61,19160.8,13.51,18.0,25529.65,2613.69,1,3.8,6,Bank Transfer
ORD202600592,2026-06-29 10:04:06.205170976,2026,6,Q2,Sweden,Helsinki,Planes,Petrol,Government,Direct Sales,Global Auto,Rahul,8,78311.69,626493.53,16.2,101491.95,525001.57,362446.67,162554.91,30.96,10.0,52500.16,16714.07,1,3.6,10,Cash
ORD202600593,2026-06-29 17:21:16.063386156,2026,6,Q2,Austria,Copenhagen,Motorcycles,Diesel,Fleet,Dealer,Speed Wheels,Vikram,5,15889.6,79447.99,15.9,12632.23,66815.76,50570.52,16245.24,24.31,10.0,6681.58,1383.7,0,3.9,12,Credit Card
ORD202600594,2026-06-30 00:38:25.921601334,2026,6,Q2,Australia,Paris,Motorcycles,Petrol,Fleet,Direct Sales,Elite Cars,Priya,13,22328.52,290270.72,14.2,41218.44,249052.28,214795.16,34257.12,13.75,8.0,19924.18,11182.55,0,4.9,2,Finance
ORD202600595,2026-06-30 07:55:35.779816514,2026,6,Q2,USA,Sydney,Planes,Petrol,Fleet,Direct Sales,City Motors,Priya,6,188994.76,1133968.58,5.5,62368.27,1071600.31,751920.09,319680.21,29.83,5.0,53580.02,29818.1,0,4.5,9,Credit Card
ORD202600596,2026-06-30 15:12:45.638031694,2026,6,Q2,Canada,Vienna,Trucks and Buses,Diesel,Retail,Dealer,City Motors,Karthik,13,71334.83,927352.76,3.1,28747.94,898604.83,743359.66,155245.17,17.28,12.0,107832.58,44522.45,0,3.9,2,Bank Transfer
ORD202600597,2026-06-30 22:29:55.496246872,2026,6,Q2,Italy,Vienna,Classic Cars,Diesel,Retail,Dealer,AutoMax,Arun,15,45410.99,681164.83,16.0,108986.37,572178.46,492367.57,79810.89,13.95,5.0,28608.92,16833.5,0,4.8,7,Bank Transfer
ORD202600598,2026-07-01 05:47:05.354462052,2026,7,Q3,Sweden,Rome,Vintage Cars,Petrol,Retail,Online,Prime Motors,Priya,6,38924.57,233547.42,9.9,23121.19,210426.22,159878.28,50547.95,24.02,8.0,16834.1,5437.63,1,4.4,15,Bank Transfer
ORD202600599,2026-07-01 13:04:15.212677232,2026,7,Q3,Belgium,Madrid,Vintage Cars,Diesel,Corporate,Online,City Motors,Daniel,11,40459.19,445051.1,17.8,79219.09,365832.0,293942.61,71889.39,19.65,10.0,36583.2,15777.97,0,4.2,4,Credit Card
ORD202600600,2026-07-01 20:21:25.070892410,2026,7,Q3,Sweden,Singapore,Classic Cars,Diesel,Fleet,Dealer,Global Auto,Sofia,10,35547.92,355479.24,12.4,44079.43,311399.81,217053.63,94346.18,30.3,18.0,56051.97,6566.93,0,4.2,3,UPI
ORD202600601,2026-07-02 03:38:34.929107590,2026,7,Q3,Italy,Helsinki,Planes,Petrol,Corporate,Dealer,Prime Motors,Ananya,9,120154.68,1081392.12,17.6,190325.01,891067.11,621181.7,269885.41,30.29,10.0,89106.71,33442.58,1,3.7,6,UPI
ORD202600602,2026-07-02 10:55:44.787322770,2026,7,Q3,Japan,Rome,Classic Cars,Petrol,Government,Dealer,Speed Wheels,Sneha,3,97793.09,293379.27,4.4,12908.69,280470.59,223794.5,56676.09,20.21,12.0,33656.47,11590.1,0,3.5,12,Cash
ORD202600603,2026-07-02 18:12:54.645537948,2026,7,Q3,Australia,Madrid,Classic Cars,Petrol,Retail,Distributor,Global Auto,Rahul,13,52919.74,687956.68,7.2,49532.88,638423.79,561371.83,77051.96,12.07,12.0,76610.86,18446.98,0,3.8,2,Credit Card
ORD202600604,2026-07-03 01:30:04.503753128,2026,7,Q3,USA,Vienna,Classic Cars,Hybrid,Government,Dealer,AutoMax,Vikram,12,86582.75,1038993.02,14.1,146498.02,892495.01,720433.54,172061.46,19.28,8.0,71399.6,16322.04,0,3.2,2,UPI
ORD202600605,2026-07-03 08:47:14.361968308,2026,7,Q3,Austria,Manila,Vintage Cars,Petrol,Government,Dealer,Global Auto,Sofia,14,24464.18,342498.51,4.5,15412.43,327086.08,258311.44,68774.64,21.03,12.0,39250.33,9840.76,1,3.8,5,UPI
ORD202600606,2026-07-03 16:04:24.220183486,2026,7,Q3,Finland,New York,Trucks and Buses,Petrol,Retail,Dealer,AutoMax,Rahul,12,51960.02,623520.27,17.4,108492.53,515027.74,360991.33,154036.42,29.91,18.0,92704.99,25804.61,0,4.2,9,Finance
ORD202600607,2026-07-03 23:21:34.078398666,2026,7,Q3,Italy,Helsinki,Trucks and Buses,Hybrid,Government,Dealer,Prime Motors,Sofia,5,85169.77,425848.83,12.5,53231.1,372617.73,324163.33,48454.4,13.0,8.0,29809.42,6070.01,0,3.6,7,Bank Transfer
ORD202600608,2026-07-04 06:38:43.936613846,2026,7,Q3,USA,Stockholm,Trucks and Buses,Electric,Retail,Distributor,Prime Motors,Ananya,15,123443.04,1851645.57,2.3,42587.85,1809057.73,1248865.64,560192.08,30.97,5.0,90452.89,48066.57,0,4.3,14,Finance
ORD202600609,2026-07-04 13:55:53.794829024,2026,7,Q3,Italy,Rome,Trucks and Buses,Diesel,Retail,Online,AutoMax,Daniel,8,82747.57,661980.58,11.8,78113.71,583866.87,522393.68,61473.19,10.53,8.0,46709.35,16236.05,0,4.8,6,Credit Card
ORD202600610,2026-07-04 21:13:03.653044204,2026,7,Q3,Philippines,Zurich,Motorcycles,Hybrid,Retail,Direct Sales,Global Auto,Rahul,5,16792.94,83964.68,2.7,2267.05,81697.64,65484.61,16213.03,19.85,10.0,8169.76,3736.17,0,5.0,11,Finance
ORD202600611,2026-07-05 04:30:13.511259384,2026,7,Q3,Denmark,Copenhagen,Planes,Petrol,Retail,Distributor,Prime Motors,Sneha,15,77283.02,1159245.34,2.9,33618.11,1125627.22,1008797.72,116829.5,10.38,5.0,56281.36,20552.32,0,3.5,11,Cash
ORD202600612,2026-07-05 11:47:23.369474562,2026,7,Q3,Norway,Rome,Trains,Diesel,Corporate,Direct Sales,Speed Wheels,Arun,4,32512.58,130050.32,12.2,15866.14,114184.18,86449.78,27734.4,24.29,12.0,13702.1,6141.16,1,4.1,11,Finance
ORD202600613,2026-07-05 19:04:33.227689742,2026,7,Q3,Austria,Oslo,Planes,Hybrid,Corporate,Direct Sales,Speed Wheels,Sofia,11,103412.81,1137540.89,0.0,0.0,1137540.89,981553.62,155987.27,13.71,18.0,204757.36,54910.0,0,3.6,14,UPI
ORD202600614,2026-07-06 02:21:43.085904920,2026,7,Q3,France,New York,Classic Cars,Petrol,Retail,Dealer,Prime Motors,Rahul,15,61129.56,916943.46,16.2,148544.84,768398.62,553362.87,215035.75,27.98,12.0,92207.83,15513.0,1,3.9,8,Cash
ORD202600615,2026-07-06 09:38:52.944120100,2026,7,Q3,Singapore,Toronto,Ships,Petrol,Retail,Dealer,AutoMax,Sofia,8,78288.56,626308.47,12.7,79541.18,546767.3,412249.16,134518.14,24.6,10.0,54676.73,26366.49,0,4.2,14,Bank Transfer
ORD202600616,2026-07-06 16:56:02.802335280,2026,7,Q3,Italy,Copenhagen,Vintage Cars,Electric,Government,Dealer,Elite Cars,Karthik,8,53730.34,429842.75,0.0,0.0,429842.75,338126.34,91716.41,21.34,8.0,34387.42,9430.46,1,4.3,11,Credit Card
ORD202600617,2026-07-07 00:13:12.660550458,2026,7,Q3,Germany,Singapore,Classic Cars,Petrol,Fleet,Dealer,Global Auto,Rahul,9,60442.61,543983.51,9.4,51134.45,492849.06,433243.84,59605.22,12.09,12.0,59141.89,13716.47,1,4.4,5,Finance
ORD202600618,2026-07-07 07:30:22.518765638,2026,7,Q3,Finland,New York,Classic Cars,Hybrid,Fleet,Distributor,Speed Wheels,Priya,11,40465.0,445114.98,9.9,44066.38,401048.6,278736.32,122312.27,30.5,5.0,20052.43,12150.75,0,4.3,8,Cash
ORD202600619,2026-07-07 14:47:32.376980818,2026,7,Q3,Belgium,Vienna,Trucks and Buses,Petrol,Corporate,Dealer,Elite Cars,Ananya,14,58058.9,812824.54,5.8,47143.82,765680.72,583400.54,182280.17,23.81,8.0,61254.46,14658.22,0,3.6,3,Credit Card
ORD202600620,2026-07-07 22:04:42.235195996,2026,7,Q3,India,Copenhagen,Classic Cars,Electric,Fleet,Dealer,Speed Wheels,Meera,14,80432.85,1126059.96,14.6,164404.75,961655.21,697347.62,264307.58,27.48,12.0,115398.62,35466.26,0,4.7,3,Bank Transfer
ORD202600621,2026-07-08 05:21:52.093411176,2026,7,Q3,France,Vienna,Classic Cars,Petrol,Retail,Distributor,AutoMax,Priya,10,74611.47,746114.66,5.7,42528.54,703586.12,551313.5,152272.62,21.64,8.0,56286.89,38040.66,0,3.6,7,Finance
ORD202600622,2026-07-08 12:39:01.951626356,2026,7,Q3,France,Singapore,Vintage Cars,Petrol,Retail,Distributor,Speed Wheels,Daniel,4,58762.45,235049.8,2.1,4936.05,230113.75,163335.12,66778.63,29.02,10.0,23011.38,10097.54,0,4.6,10,UPI
ORD202600623,2026-07-08 19:56:11.809841534,2026,7,Q3,Finland,Rome,Trains,Petrol,Retail,Distributor,City Motors,Rahul,6,32847.65,197085.93,6.9,13598.93,183487.0,133396.0,50091.0,27.3,18.0,33027.66,5763.42,0,3.5,8,Finance
ORD202600624,2026-07-09 03:13:21.668056714,2026,7,Q3,Finland,Zurich,Motorcycles,Petrol,Retail,Online,Speed Wheels,Priya,3,17276.59,51829.77,14.8,7670.81,44158.97,35747.84,8411.13,19.05,12.0,5299.08,2179.2,0,4.9,7,Bank Transfer
ORD202600625,2026-07-09 10:30:31.526271894,2026,7,Q3,Switzerland,Sydney,Vintage Cars,Petrol,Retail,Distributor,Elite Cars,Daniel,7,37273.96,260917.73,13.3,34702.06,226215.68,187898.5,38317.18,16.94,8.0,18097.25,8130.91,1,3.9,7,Credit Card
ORD202600626,2026-07-09 17:47:41.384487072,2026,7,Q3,Norway,Tokyo,Motorcycles,Hybrid,Retail,Direct Sales,Speed Wheels,Sofia,12,11738.93,140867.19,9.7,13664.12,127203.07,93915.11,33287.96,26.17,12.0,15264.37,3260.97,0,4.1,8,Cash
ORD202600627,2026-07-10 01:04:51.242702252,2026,7,Q3,Canada,London,Motorcycles,Petrol,Retail,Dealer,Elite Cars,Priya,3,22155.69,66467.07,11.8,7843.11,58623.95,43912.6,14711.35,25.09,12.0,7034.87,2088.45,0,4.2,2,UPI
ORD202600628,2026-07-10 08:22:01.100917432,2026,7,Q3,UK,Toronto,Trucks and Buses,Petrol,Retail,Direct Sales,Elite Cars,Arun,3,90190.63,270571.9,10.3,27868.91,242703.0,165069.19,77633.81,31.99,12.0,29124.36,13186.54,0,4.1,10,Credit Card
ORD202600629,2026-07-10 15:39:10.959132610,2026,7,Q3,Denmark,Helsinki,Motorcycles,Petrol,Fleet,Dealer,City Motors,Priya,1,17107.41,17107.41,13.7,2343.72,14763.7,12691.32,2072.38,14.04,18.0,2657.47,317.36,1,4.2,8,UPI
ORD202600630,2026-07-10 22:56:20.817347790,2026,7,Q3,Australia,London,Motorcycles,Hybrid,Retail,Direct Sales,AutoMax,Meera,7,18073.72,126516.04,6.7,8476.57,118039.47,90540.52,27498.94,23.3,12.0,14164.74,4062.51,1,4.2,3,UPI
ORD202600631,2026-07-11 06:13:30.675562970,2026,7,Q3,USA,Copenhagen,Motorcycles,Diesel,Fleet,Dealer,Prime Motors,Ananya,3,27095.84,81287.53,5.0,4064.38,77223.15,61838.43,15384.72,19.92,12.0,9266.78,4153.75,0,3.2,8,Bank Transfer
ORD202600632,2026-07-11 13:30:40.533778148,2026,7,Q3,Singapore,Mumbai,Ships,Petrol,Government,Dealer,Elite Cars,Arun,6,59424.82,356548.92,4.9,17470.9,339078.03,302490.29,36587.74,10.79,8.0,27126.24,5271.02,1,4.2,12,Bank Transfer
ORD202600633,2026-07-11 20:47:50.391993328,2026,7,Q3,Italy,Mumbai,Vintage Cars,Hybrid,Retail,Distributor,Global Auto,Daniel,12,45345.87,544150.44,13.4,72916.16,471234.28,372927.25,98307.03,20.86,12.0,56548.11,18987.95,0,4.3,6,Finance
ORD202600634,2026-07-12 04:05:00.250208508,2026,7,Q3,UK,London,Planes,Petrol,Fleet,Distributor,AutoMax,Meera,2,138549.96,277099.92,17.3,47938.29,229161.63,196055.85,33105.79,14.45,18.0,41249.09,5808.55,0,3.2,7,Bank Transfer
ORD202600635,2026-07-12 11:22:10.108423686,2026,7,Q3,Denmark,Paris,Trucks and Buses,Electric,Retail,Dealer,Speed Wheels,Priya,1,42587.19,42587.19,16.1,6856.54,35730.66,31780.94,3949.71,11.05,18.0,6431.52,572.19,0,5.0,6,UPI
ORD202600636,2026-07-12 18:39:19.966638866,2026,7,Q3,Finland,New York,Classic Cars,Hybrid,Fleet,Dealer,Elite Cars,Ananya,15,33852.45,507786.69,8.2,41638.51,466148.18,330981.55,135166.63,29.0,10.0,46614.82,13942.79,0,4.8,7,Finance
ORD202600637,2026-07-13 01:56:29.824854046,2026,7,Q3,Austria,New York,Trucks and Buses,Electric,Retail,Online,Speed Wheels,Ananya,2,49880.13,99760.26,1.2,1197.12,98563.13,75154.89,23408.24,23.75,18.0,17741.36,2180.29,0,4.4,3,Bank Transfer
ORD202600638,2026-07-13 09:13:39.683069224,2026,7,Q3,France,New York,Trains,Petrol,Fleet,Online,Speed Wheels,Rahul,13,41101.63,534321.21,8.8,47020.27,487300.94,349787.74,137513.2,28.22,5.0,24365.05,8372.88,1,3.5,9,Credit Card
ORD202600639,2026-07-13 16:30:49.541284404,2026,7,Q3,Germany,Zurich,Classic Cars,Electric,Government,Online,City Motors,Karthik,14,81269.09,1137767.24,0.3,3413.3,1134353.94,856026.43,278327.51,24.54,18.0,204183.71,34559.32,1,3.8,5,Cash
ORD202600640,2026-07-13 23:47:59.399499584,2026,7,Q3,Australia,Rome,Vintage Cars,Hybrid,Retail,Online,AutoMax,Priya,4,45279.94,181119.78,4.3,7788.15,173331.63,147082.89,26248.74,15.14,12.0,20799.8,4043.95,0,4.0,9,UPI
ORD202600641,2026-07-14 07:05:09.257714762,2026,7,Q3,Switzerland,Copenhagen,Classic Cars,Petrol,Retail,Dealer,City Motors,Sneha,11,36864.21,405506.3,6.5,26357.91,379148.39,313276.23,65872.16,17.37,8.0,30331.87,8268.16,0,4.0,4,Cash
ORD202600642,2026-07-14 14:22:19.115929942,2026,7,Q3,Germany,Rome,Trucks and Buses,Electric,Retail,Dealer,Elite Cars,Priya,6,100883.87,605303.24,13.3,80505.33,524797.91,433913.18,90884.73,17.32,5.0,26239.9,22452.28,0,4.3,15,UPI
ORD202600643,2026-07-14 21:39:28.974145122,2026,7,Q3,Finland,Tokyo,Trains,Petrol,Retail,Online,AutoMax,Meera,14,37562.84,525879.73,15.1,79407.84,446471.89,328381.75,118090.14,26.45,8.0,35717.75,12028.61,1,3.4,11,Finance
ORD202600644,2026-07-15 04:56:38.832360300,2026,7,Q3,Japan,Brussels,Classic Cars,Petrol,Retail,Online,AutoMax,Priya,11,93487.7,1028364.72,12.6,129573.96,898790.77,620119.1,278671.67,31.01,12.0,107854.89,25215.71,0,4.6,14,Cash
ORD202600645,2026-07-15 12:13:48.690575480,2026,7,Q3,UK,London,Motorcycles,Petrol,Retail,Dealer,Speed Wheels,Ananya,2,29308.73,58617.45,2.8,1641.29,56976.16,50972.37,6003.79,10.54,18.0,10255.71,1811.09,1,4.6,9,Cash
ORD202600646,2026-07-15 19:30:58.548790660,2026,7,Q3,Finland,Zurich,Planes,Electric,Retail,Dealer,AutoMax,Sofia,5,83557.17,417785.87,9.7,40525.23,377260.64,314157.28,63103.36,16.73,12.0,45271.28,9836.68,0,4.0,10,Finance
ORD202600647,2026-07-16 02:48:08.407005838,2026,7,Q3,Norway,Stockholm,Vintage Cars,Hybrid,Retail,Online,AutoMax,Ananya,4,30439.03,121756.1,7.3,8888.2,112867.91,93201.92,19665.98,17.42,8.0,9029.43,4795.33,1,4.3,6,Bank Transfer
ORD202600648,2026-07-16 10:05:18.265221018,2026,7,Q3,Sweden,Singapore,Classic Cars,Electric,Retail,Dealer,City Motors,Vikram,2,59611.87,119223.73,5.2,6199.63,113024.1,78447.58,34576.51,30.59,12.0,13562.89,3984.18,1,4.0,13,UPI
ORD202600649,2026-07-16 17:22:28.123436198,2026,7,Q3,Australia,Oslo,Vintage Cars,Electric,Fleet,Direct Sales,Global Auto,Priya,12,39639.09,475669.08,7.2,34248.17,441420.91,362038.93,79381.98,17.98,18.0,79455.76,21205.02,0,3.7,12,Finance
ORD202600650,2026-07-17 00:39:37.981651376,2026,7,Q3,Australia,Vienna,Vintage Cars,Petrol,Retail,Direct Sales,Prime Motors,Priya,12,37495.24,449942.84,3.0,13498.29,436444.55,311690.7,124753.85,28.58,5.0,21822.23,8673.45,0,4.2,12,Bank Transfer
ORD202600651,2026-07-17 07:56:47.839866556,2026,7,Q3,Switzerland,London,Vintage Cars,Hybrid,Retail,Dealer,City Motors,Rahul,7,43740.85,306185.98,12.6,38579.43,267606.55,214149.46,53457.09,19.98,10.0,26760.65,14369.16,0,4.4,2,Finance
ORD202600652,2026-07-17 15:13:57.698081734,2026,7,Q3,Denmark,Berlin,Trains,Petrol,Corporate,Distributor,Speed Wheels,Sofia,14,30697.05,429758.74,13.3,57157.91,372600.83,256441.33,116159.49,31.18,12.0,44712.1,9892.31,0,4.2,5,UPI
ORD202600653,2026-07-17 22:31:07.556296914,2026,7,Q3,Belgium,Brussels,Classic Cars,Hybrid,Government,Direct Sales,Prime Motors,Meera,13,49158.73,639063.54,5.1,32592.24,606471.29,514988.56,91482.73,15.08,8.0,48517.7,22415.25,0,3.9,12,Finance
ORD202600654,2026-07-18 05:48:17.414512094,2026,7,Q3,Finland,Madrid,Planes,Hybrid,Government,Online,Speed Wheels,Rahul,1,65483.65,65483.65,15.3,10019.0,55464.65,46685.12,8779.53,15.83,10.0,5546.47,2940.4,0,4.1,4,UPI
ORD202600655,2026-07-18 13:05:27.272727272,2026,7,Q3,Sweden,Paris,Classic Cars,Electric,Retail,Online,Elite Cars,Daniel,8,39255.43,314043.4,7.9,24809.43,289233.97,228054.79,61179.18,21.15,12.0,34708.08,9157.37,0,4.0,9,Credit Card
ORD202600656,2026-07-18 20:22:37.130942452,2026,7,Q3,India,Sydney,Trucks and Buses,Electric,Retail,Online,City Motors,Sneha,7,82659.47,578616.3,13.0,75220.12,503396.18,380220.19,123175.99,24.47,18.0,90611.31,7712.09,1,4.1,2,Finance
ORD202600657,2026-07-19 03:39:46.989157632,2026,7,Q3,Philippines,Rome,Trucks and Buses,Petrol,Retail,Distributor,City Motors,Rahul,9,42798.88,385189.91,7.3,28118.86,357071.05,267184.63,89886.42,25.17,8.0,28565.68,9085.14,0,3.9,9,UPI
ORD202600658,2026-07-19 10:56:56.847372810,2026,7,Q3,Denmark,Stockholm,Motorcycles,Petrol,Fleet,Dealer,Prime Motors,Arun,13,17968.01,233584.14,1.6,3737.35,229846.79,183047.05,46799.75,20.36,12.0,27581.62,12571.66,0,3.1,7,Finance
ORD202600659,2026-07-19 18:14:06.705587990,2026,7,Q3,Singapore,Brussels,Classic Cars,Diesel,Fleet,Online,Prime Motors,Sofia,5,37266.22,186331.11,16.9,31489.96,154841.15,112031.37,42809.78,27.65,10.0,15484.12,4650.91,0,4.4,12,Cash
ORD202600660,2026-07-20 01:31:16.563803170,2026,7,Q3,Singapore,Paris,Classic Cars,Petrol,Retail,Distributor,City Motors,Vikram,2,39192.65,78385.29,6.3,4938.27,73447.02,61526.78,11920.24,16.23,8.0,5875.76,2575.51,0,3.5,3,Credit Card
ORD202600661,2026-07-20 08:48:26.422018348,2026,7,Q3,Belgium,Tokyo,Classic Cars,Petrol,Fleet,Online,City Motors,Sofia,8,44234.05,353872.4,11.1,39279.84,314592.56,245529.57,69062.99,21.95,12.0,37751.11,12342.08,0,3.8,5,Cash
ORD202600662,2026-07-20 16:05:36.280233528,2026,7,Q3,Australia,New York,Classic Cars,Hybrid,Fleet,Distributor,Elite Cars,Daniel,9,53111.22,478000.96,8.9,42542.09,435458.88,332965.43,102493.45,23.54,12.0,52255.07,8077.8,0,5.0,7,Cash
ORD202600663,2026-07-20 23:22:46.138448708,2026,7,Q3,Sweden,Toronto,Trucks and Buses,Electric,Retail,Dealer,Global Auto,Meera,7,59831.89,418823.26,11.2,46908.2,371915.05,266361.33,105553.72,28.38,10.0,37191.51,9892.05,1,3.1,9,UPI
ORD202600664,2026-07-21 06:39:55.996663886,2026,7,Q3,India,Helsinki,Planes,Petrol,Retail,Distributor,Elite Cars,Rahul,15,152140.39,2282105.83,12.6,287545.33,1994560.49,1702194.5,292365.99,14.66,12.0,239347.26,30653.89,0,5.0,11,Credit Card
ORD202600665,2026-07-21 13:57:05.854879066,2026,7,Q3,Singapore,Mumbai,Vintage Cars,Petrol,Retail,Distributor,Elite Cars,Ananya,10,41788.77,417887.71,7.2,30087.91,387799.79,322127.72,65672.07,16.93,12.0,46535.98,19789.31,0,4.2,3,Finance
ORD202600666,2026-07-21 21:14:15.713094246,2026,7,Q3,Belgium,Zurich,Classic Cars,Diesel,Retail,Dealer,Elite Cars,Arun,5,50336.19,251680.94,3.5,8808.83,242872.11,209340.8,33531.31,13.81,18.0,43716.98,4410.92,0,4.4,13,Cash
ORD202600667,2026-07-22 04:31:25.571309424,2026,7,Q3,Canada,Singapore,Ships,Petrol,Retail,Direct Sales,City Motors,Ananya,8,110072.26,880578.09,6.0,52834.69,827743.4,715966.6,111776.8,13.5,12.0,99329.21,43964.5,0,3.6,12,Cash
ORD202600668,2026-07-22 11:48:35.429524604,2026,7,Q3,Australia,Copenhagen,Motorcycles,Electric,Retail,Dealer,Elite Cars,Priya,9,15899.31,143093.76,13.8,19746.94,123346.82,93336.6,30010.22,24.33,12.0,14801.62,6252.66,0,2.9,6,Cash
ORD202600669,2026-07-22 19:05:45.287739784,2026,7,Q3,Belgium,Mumbai,Classic Cars,Diesel,Corporate,Dealer,City Motors,Daniel,12,59442.92,713315.01,8.2,58491.83,654823.18,542091.34,112731.84,17.22,5.0,32741.16,12039.98,0,4.2,15,UPI
ORD202600670,2026-07-23 02:22:55.145954962,2026,7,Q3,France,Copenhagen,Classic Cars,Hybrid,Retail,Direct Sales,Elite Cars,Arun,7,65939.81,461578.69,17.2,79391.53,382187.15,286334.14,95853.01,25.08,18.0,68793.69,9259.52,0,3.8,11,UPI
ORD202600671,2026-07-23 09:40:05.004170142,2026,7,Q3,Spain,Stockholm,Classic Cars,Diesel,Retail,Dealer,Elite Cars,Arun,13,67580.27,878543.45,13.0,114210.65,764332.8,583819.42,180513.38,23.62,10.0,76433.28,34513.88,1,3.4,12,Credit Card
ORD202600672,2026-07-23 16:57:14.862385322,2026,7,Q3,Canada,New York,Planes,Hybrid,Retail,Online,AutoMax,Karthik,8,130433.83,1043470.63,16.3,170085.71,873384.92,705536.05,167848.87,19.22,18.0,157209.29,19217.64,0,5.0,15,Bank Transfer
ORD202600673,2026-07-24 00:14:24.720600500,2026,7,Q3,Austria,Paris,Vintage Cars,Petrol,Government,Online,Prime Motors,Sneha,2,25058.45,50116.9,15.2,7617.77,42499.13,37265.52,5233.61,12.31,10.0,4249.91,2106.65,1,5.0,9,Credit Card
ORD202600674,2026-07-24 07:31:34.578815680,2026,7,Q3,Sweden,Singapore,Trains,Petrol,Retail,Dealer,Global Auto,Sofia,4,27828.22,111312.88,7.8,8682.4,102630.47,85127.83,17502.64,17.05,10.0,10263.05,2356.46,1,4.6,13,Credit Card
ORD202600675,2026-07-24 14:48:44.437030860,2026,7,Q3,Switzerland,Rome,Motorcycles,Hybrid,Corporate,Direct Sales,Speed Wheels,Daniel,8,19411.57,155292.53,10.9,16926.89,138365.64,120660.02,17705.63,12.8,18.0,24905.82,4530.97,0,4.1,9,Cash
ORD202600676,2026-07-24 22:05:54.295246038,2026,7,Q3,Australia,Singapore,Vintage Cars,Diesel,Corporate,Dealer,Speed Wheels,Vikram,1,46728.28,46728.28,8.1,3784.99,42943.29,29210.18,13733.1,31.98,12.0,5153.19,2004.32,1,3.1,4,Finance
ORD202600677,2026-07-25 05:23:04.153461218,2026,7,Q3,India,Oslo,Motorcycles,Petrol,Retail,Dealer,Prime Motors,Vikram,4,28015.93,112063.71,7.9,8853.03,103210.68,81049.0,22161.68,21.47,10.0,10321.07,3010.85,0,3.6,2,Finance
ORD202600678,2026-07-25 12:40:14.011676398,2026,7,Q3,Spain,Madrid,Trucks and Buses,Petrol,Fleet,Dealer,City Motors,Rahul,7,56942.96,398600.74,8.4,33482.46,365118.28,250767.38,114350.9,31.32,8.0,29209.46,11619.62,0,3.4,6,Credit Card
ORD202600679,2026-07-25 19:57:23.869891576,2026,7,Q3,Belgium,Sydney,Trucks and Buses,Petrol,Retail,Online,City Motors,Vikram,12,59755.8,717069.55,0.8,5736.56,711332.99,586732.06,124600.94,17.52,12.0,85359.96,17673.06,0,4.5,9,Cash
ORD202600680,2026-07-26 03:14:33.728106756,2026,7,Q3,Denmark,Paris,Trucks and Buses,Petrol,Retail,Dealer,Prime Motors,Daniel,12,47067.0,564803.97,4.0,22592.16,542211.81,433227.58,108984.24,20.1,10.0,54221.18,10555.12,0,4.2,5,Finance
ORD202600681,2026-07-26 10:31:43.586321936,2026,7,Q3,Australia,Madrid,Motorcycles,Electric,Fleet,Direct Sales,AutoMax,Arun,6,13445.92,80675.52,12.4,10003.76,70671.75,53110.53,17561.23,24.85,10.0,7067.18,3359.49,1,4.6,3,Cash
ORD202600682,2026-07-26 17:48:53.444537114,2026,7,Q3,Japan,New York,Trucks and Buses,Electric,Corporate,Dealer,Elite Cars,Sofia,15,95313.16,1429697.47,9.9,141540.05,1288157.42,1010020.42,278137.0,21.59,10.0,128815.74,26095.49,0,4.8,7,Bank Transfer
ORD202600683,2026-07-27 01:06:03.302752294,2026,7,Q3,Finland,Singapore,Motorcycles,Hybrid,Corporate,Online,Global Auto,Karthik,1,13731.27,13731.27,15.6,2142.08,11589.19,10047.09,1542.1,13.31,18.0,2086.05,434.76,0,4.4,4,Cash
ORD202600684,2026-07-27 08:23:13.160967474,2026,7,Q3,Canada,Helsinki,Trucks and Buses,Hybrid,Retail,Dealer,Prime Motors,Vikram,10,71537.58,715375.84,15.4,110167.88,605207.96,500647.93,104560.03,17.28,18.0,108937.43,15001.68,0,4.8,12,UPI
ORD202600685,2026-07-27 15:40:23.019182652,2026,7,Q3,Austria,London,Classic Cars,Diesel,Corporate,Dealer,Elite Cars,Ananya,6,34162.9,204977.38,8.7,17833.03,187144.35,147650.3,39494.04,21.1,10.0,18714.43,4847.16,0,4.3,7,Credit Card
ORD202600686,2026-07-27 22:57:32.877397832,2026,7,Q3,Italy,Zurich,Ships,Petrol,Retail,Distributor,Speed Wheels,Rahul,13,132911.81,1727853.54,8.2,141683.99,1586169.55,1223678.27,362491.29,22.85,10.0,158616.96,69866.49,0,3.7,15,Finance
ORD202600687,2026-07-28 06:14:42.735613012,2026,7,Q3,Austria,Vienna,Vintage Cars,Diesel,Fleet,Dealer,Elite Cars,Sneha,6,39736.28,238417.68,5.7,13589.81,224827.87,168436.78,56391.1,25.08,12.0,26979.34,10252.61,0,4.3,5,Cash
ORD202600688,2026-07-28 13:31:52.593828192,2026,7,Q3,Germany,Mumbai,Vintage Cars,Diesel,Government,Online,AutoMax,Daniel,15,46687.74,700316.12,9.7,67930.66,632385.46,477456.66,154928.8,24.5,10.0,63238.55,30576.37,0,3.9,7,UPI
ORD202600689,2026-07-28 20:49:02.452043368,2026,7,Q3,Sweden,Singapore,Trucks and Buses,Petrol,Corporate,Dealer,Speed Wheels,Karthik,13,47599.31,618791.0,5.1,31558.34,587232.66,466878.97,120353.69,20.5,12.0,70467.92,14628.13,0,3.8,5,Cash
ORD202600690,2026-07-29 04:06:12.310258548,2026,7,Q3,Norway,Sydney,Trucks and Buses,Petrol,Retail,Online,Prime Motors,Rahul,4,51042.01,204168.06,2.5,5104.2,199063.86,136049.11,63014.75,31.66,12.0,23887.66,8135.38,0,3.2,9,Credit Card
ORD202600691,2026-07-29 11:23:22.168473728,2026,7,Q3,Belgium,Rome,Ships,Petrol,Fleet,Online,Speed Wheels,Sofia,9,101027.18,909244.65,0.0,0.0,909244.65,700322.41,208922.24,22.98,12.0,109109.36,40180.22,1,5.0,3,Cash
ORD202600692,2026-07-29 18:40:32.026688908,2026,7,Q3,Italy,Sydney,Vintage Cars,Petrol,Retail,Direct Sales,City Motors,Sofia,14,47769.2,668768.78,12.6,84264.87,584503.91,413306.18,171197.73,29.29,10.0,58450.39,29725.11,1,4.7,3,UPI
ORD202600693,2026-07-30 01:57:41.884904088,2026,7,Q3,USA,Stockholm,Ships,Hybrid,Corporate,Online,AutoMax,Meera,3,125074.16,375222.47,7.8,29267.35,345955.12,271129.43,74825.69,21.63,10.0,34595.51,7812.64,0,4.8,2,UPI
ORD202600694,2026-07-30 09:14:51.743119268,2026,7,Q3,Sweden,Singapore,Classic Cars,Petrol,Fleet,Direct Sales,AutoMax,Vikram,7,43704.11,305928.74,4.3,13154.94,292773.81,234791.09,57982.71,19.8,8.0,23421.9,6834.88,0,3.3,7,UPI
ORD202600695,2026-07-30 16:32:01.601334444,2026,7,Q3,Switzerland,London,Motorcycles,Hybrid,Fleet,Direct Sales,AutoMax,Meera,15,17091.4,256370.93,6.7,17176.85,239194.07,174527.9,64666.17,27.04,18.0,43054.93,6168.65,0,4.0,11,Credit Card
ORD202600696,2026-07-30 23:49:11.459549624,2026,7,Q3,Germany,Zurich,Trucks and Buses,Diesel,Retail,Online,Global Auto,Arun,13,110996.99,1442960.85,3.1,44731.79,1398229.06,1102758.09,295470.98,21.13,12.0,167787.49,28402.84,0,4.0,10,UPI
ORD202600697,2026-07-31 07:06:21.317764804,2026,7,Q3,Japan,Oslo,Motorcycles,Petrol,Retail,Dealer,Elite Cars,Karthik,13,26390.01,343070.17,6.2,21270.35,321799.82,254889.64,66910.17,20.79,8.0,25743.99,5381.24,0,3.7,4,Cash
ORD202600698,2026-07-31 14:23:31.175979984,2026,7,Q3,Belgium,Sydney,Classic Cars,Electric,Corporate,Dealer,Speed Wheels,Rahul,10,39415.11,394151.08,3.9,15371.89,378779.19,329521.32,49257.87,13.0,18.0,68180.25,7235.35,0,4.6,8,Bank Transfer
ORD202600699,2026-07-31 21:40:41.034195164,2026,7,Q3,Finland,Paris,Trains,Electric,Retail,Distributor,Global Auto,Arun,8,23778.1,190224.78,9.3,17690.9,172533.87,151988.74,20545.13,11.91,10.0,17253.39,6746.46,0,3.1,11,UPI
ORD202600700,2026-08-01 04:57:50.892410344,2026,8,Q3,Philippines,Stockholm,Planes,Hybrid,Retail,Distributor,City Motors,Rahul,6,84747.99,508487.97,1.0,5084.88,503403.09,446744.68,56658.4,11.26,8.0,40272.25,27622.15,0,3.7,14,Cash
ORD202600701,2026-08-01 12:15:00.750625520,2026,8,Q3,Denmark,Rome,Vintage Cars,Diesel,Corporate,Dealer,Elite Cars,Sneha,1,32839.73,32839.73,0.4,131.36,32708.37,23622.59,9085.79,27.78,5.0,1635.42,1244.78,0,3.4,10,Bank Transfer
ORD202600702,2026-08-01 19:32:10.608840700,2026,8,Q3,Philippines,Rome,Trucks and Buses,Electric,Retail,Direct Sales,City Motors,Daniel,7,50752.65,355268.52,8.1,28776.75,326491.77,288320.22,38171.54,11.69,12.0,39179.01,10672.58,0,4.3,5,Bank Transfer
ORD202600703,2026-08-02 02:49:20.467055880,2026,8,Q3,Japan,Madrid,Trucks and Buses,Petrol,Corporate,Direct Sales,City Motors,Sofia,14,77375.71,1083259.89,5.5,59579.29,1023680.59,890162.59,133518.0,13.04,5.0,51184.03,35051.73,0,3.5,10,UPI
ORD202600704,2026-08-02 10:06:30.325271060,2026,8,Q3,Germany,Oslo,Motorcycles,Diesel,Corporate,Direct Sales,City Motors,Arun,4,33803.93,135215.73,14.2,19200.63,116015.09,93867.65,22147.44,19.09,8.0,9281.21,2858.27,1,4.5,15,Bank Transfer
ORD202600705,2026-08-02 17:23:40.183486240,2026,8,Q3,Sweden,Helsinki,Planes,Diesel,Fleet,Dealer,Prime Motors,Ananya,2,83852.65,167705.31,12.9,21633.98,146071.32,110218.28,35853.05,24.54,10.0,14607.13,7457.96,1,4.7,14,Cash
ORD202600706,2026-08-03 00:40:50.041701420,2026,8,Q3,Sweden,Copenhagen,Vintage Cars,Electric,Government,Online,Prime Motors,Priya,12,26260.35,315124.24,11.7,36869.54,278254.71,238652.2,39602.5,14.23,5.0,13912.74,9858.69,1,3.0,12,Credit Card
ORD202600707,2026-08-03 07:57:59.899916596,2026,8,Q3,Australia,Toronto,Vintage Cars,Petrol,Corporate,Dealer,Elite Cars,Sneha,8,44363.63,354909.01,13.9,49332.35,305576.65,225316.67,80259.98,26.27,8.0,24446.13,9387.54,0,4.0,15,Finance
ORD202600708,2026-08-03 15:15:09.758131776,2026,8,Q3,Germany,New York,Classic Cars,Petrol,Corporate,Direct Sales,AutoMax,Meera,9,78191.57,703724.15,5.8,40816.0,662908.15,556888.9,106019.26,15.99,10.0,66290.82,24657.35,0,3.8,14,Credit Card
ORD202600709,2026-08-03 22:32:19.616346956,2026,8,Q3,Philippines,Vienna,Classic Cars,Petrol,Retail,Online,Global Auto,Vikram,14,34924.2,488938.8,11.3,55250.08,433688.71,358556.83,75131.89,17.32,5.0,21684.44,9170.3,0,4.8,4,UPI
ORD202600710,2026-08-04 05:49:29.474562136,2026,8,Q3,Norway,Madrid,Planes,Petrol,Retail,Dealer,Global Auto,Sneha,10,92008.14,920081.43,9.7,89247.9,830833.53,660815.41,170018.12,20.46,12.0,99700.02,26499.93,0,4.8,10,Credit Card
ORD202600711,2026-08-04 13:06:39.332777316,2026,8,Q3,India,Madrid,Classic Cars,Petrol,Retail,Dealer,AutoMax,Ananya,7,58020.12,406140.84,9.3,37771.1,368369.75,294234.27,74135.47,20.13,12.0,44204.37,9438.38,1,4.7,8,Bank Transfer
ORD202600712,2026-08-04 20:23:49.190992492,2026,8,Q3,UK,Zurich,Motorcycles,Hybrid,Government,Dealer,Speed Wheels,Meera,1,29971.86,29971.86,1.7,509.52,29462.34,23119.55,6342.79,21.53,10.0,2946.23,1502.19,0,3.9,14,Credit Card
ORD202600713,2026-08-05 03:40:59.049207672,2026,8,Q3,India,Rome,Classic Cars,Hybrid,Corporate,Direct Sales,Speed Wheels,Sneha,3,62056.41,186169.22,4.9,9122.29,177046.92,146200.14,30846.78,17.42,8.0,14163.75,8867.56,1,4.6,9,Cash
ORD202600714,2026-08-05 10:58:08.907422852,2026,8,Q3,Australia,Zurich,Classic Cars,Diesel,Retail,Dealer,AutoMax,Karthik,1,54221.74,54221.74,6.7,3632.86,50588.88,37093.09,13495.79,26.68,10.0,5058.89,1588.24,0,4.1,14,Cash
ORD202600715,2026-08-05 18:15:18.765638032,2026,8,Q3,Belgium,Oslo,Vintage Cars,Petrol,Corporate,Dealer,City Motors,Ananya,3,45583.29,136749.87,17.9,24478.23,112271.64,92194.18,20077.47,17.88,18.0,20208.9,2967.99,0,3.8,5,Cash
ORD202600716,2026-08-06 01:32:28.623853212,2026,8,Q3,USA,Toronto,Trucks and Buses,Petrol,Retail,Distributor,Prime Motors,Sneha,15,108262.16,1623932.33,14.3,232222.32,1391710.01,1068436.85,323273.15,23.23,18.0,250507.8,70847.32,1,3.7,15,Finance
ORD202600717,2026-08-06 08:49:38.482068392,2026,8,Q3,Spain,Madrid,Classic Cars,Hybrid,Retail,Dealer,Global Auto,Ananya,8,67217.69,537741.52,9.9,53236.41,484505.11,428987.25,55517.85,11.46,18.0,87210.92,11683.93,0,3.8,13,Cash
ORD202600718,2026-08-06 16:06:48.340283568,2026,8,Q3,Denmark,Madrid,Trucks and Buses,Diesel,Fleet,Direct Sales,Prime Motors,Karthik,15,49060.84,735912.59,3.9,28700.59,707212.0,548930.25,158281.75,22.38,18.0,127298.16,18936.56,0,4.7,4,Credit Card
ORD202600719,2026-08-06 23:23:58.198498748,2026,8,Q3,Germany,Zurich,Trains,Petrol,Corporate,Online,Speed Wheels,Karthik,9,64522.2,580699.77,10.6,61554.18,519145.59,436208.63,82936.97,15.98,5.0,25957.28,21467.19,1,4.3,13,Bank Transfer
ORD202600720,2026-08-07 06:41:08.056713928,2026,8,Q3,Belgium,Paris,Motorcycles,Petrol,Retail,Dealer,City Motors,Arun,14,21629.78,302816.88,2.6,7873.24,294943.64,210167.58,84776.06,28.74,10.0,29494.36,15684.42,0,3.8,7,Credit Card
ORD202600721,2026-08-07 13:58:17.914929108,2026,8,Q3,Norway,Manila,Vintage Cars,Hybrid,Retail,Dealer,Prime Motors,Arun,1,31165.01,31165.01,3.8,1184.27,29980.74,23667.85,6312.89,21.06,10.0,2998.07,1172.78,0,2.9,6,Credit Card
ORD202600722,2026-08-07 21:15:27.773144288,2026,8,Q3,Norway,Oslo,Vintage Cars,Diesel,Retail,Direct Sales,Elite Cars,Sneha,8,25385.42,203083.39,6.1,12388.09,190695.3,130860.64,59834.66,31.38,8.0,15255.62,8945.36,0,4.0,6,Credit Card
ORD202600723,2026-08-08 04:32:37.631359468,2026,8,Q3,Spain,Singapore,Planes,Petrol,Retail,Dealer,Global Auto,Sneha,14,88578.76,1240102.71,16.3,202136.74,1037965.97,775362.25,262603.71,25.3,12.0,124555.92,39940.62,1,3.6,13,UPI
ORD202600724,2026-08-08 11:49:47.489574644,2026,8,Q3,USA,Rome,Ships,Petrol,Corporate,Direct Sales,Elite Cars,Meera,2,133035.61,266071.22,9.3,24744.62,241326.6,188830.11,52496.49,21.75,5.0,12066.33,5648.82,0,4.4,3,Credit Card
ORD202600725,2026-08-08 19:06:57.347789824,2026,8,Q3,Australia,Manila,Vintage Cars,Petrol,Retail,Online,Prime Motors,Arun,15,30043.84,450657.59,8.9,40108.53,410549.07,359057.64,51491.42,12.54,10.0,41054.91,10023.83,1,4.0,7,UPI
ORD202600726,2026-08-09 02:24:07.206005004,2026,8,Q3,USA,Zurich,Motorcycles,Petrol,Retail,Distributor,Global Auto,Sneha,4,35899.52,143598.07,10.1,14503.41,129094.67,98841.67,30252.99,23.43,10.0,12909.47,5423.14,0,3.8,6,Bank Transfer
ORD202600727,2026-08-09 09:41:17.064220184,2026,8,Q3,Germany,Tokyo,Vintage Cars,Petrol,Government,Direct Sales,Global Auto,Meera,13,51720.22,672362.86,3.2,21515.61,650847.24,497538.81,153308.43,23.56,10.0,65084.72,29899.37,1,5.0,10,UPI
ORD202600728,2026-08-09 16:58:26.922435364,2026,8,Q3,Italy,Madrid,Vintage Cars,Petrol,Retail,Online,City Motors,Meera,12,50905.91,610870.87,2.0,12217.42,598653.45,533943.94,64709.51,10.81,5.0,29932.67,11760.95,0,3.8,11,UPI
ORD202600729,2026-08-10 00:15:36.780650544,2026,8,Q3,Singapore,New York,Vintage Cars,Diesel,Retail,Dealer,Prime Motors,Karthik,6,28019.29,168115.72,3.9,6556.51,161559.2,135057.18,26502.02,16.4,18.0,29080.66,4724.01,0,4.0,7,UPI
ORD202600730,2026-08-10 07:32:46.638865720,2026,8,Q3,Philippines,Copenhagen,Trucks and Buses,Diesel,Fleet,Dealer,Global Auto,Daniel,5,34435.33,172176.67,8.7,14979.37,157197.3,117040.6,40156.69,25.55,12.0,18863.68,2999.96,0,3.0,12,UPI
ORD202600731,2026-08-10 14:49:56.497080900,2026,8,Q3,France,London,Trucks and Buses,Petrol,Fleet,Online,City Motors,Rahul,1,66701.14,66701.14,15.4,10271.98,56429.17,42612.62,13816.54,24.48,10.0,5642.92,1046.13,0,4.1,8,Credit Card
ORD202600732,2026-08-10 22:07:06.355296080,2026,8,Q3,Canada,Berlin,Trains,Petrol,Retail,Dealer,Elite Cars,Rahul,8,57372.54,458980.35,10.5,48192.94,410787.41,348886.64,61900.78,15.07,8.0,32862.99,22580.69,0,3.7,12,Credit Card
ORD202600733,2026-08-11 05:24:16.213511260,2026,8,Q3,UK,Copenhagen,Classic Cars,Hybrid,Retail,Direct Sales,Prime Motors,Sofia,12,91693.15,1100317.76,5.0,55015.89,1045301.88,911306.67,133995.21,12.82,18.0,188154.34,20258.95,0,4.4,7,Finance
ORD202600734,2026-08-11 12:41:26.071726440,2026,8,Q3,Denmark,Rome,Classic Cars,Hybrid,Government,Distributor,Elite Cars,Meera,15,37005.52,555082.8,17.9,99359.82,455722.98,381722.45,74000.53,16.24,8.0,36457.84,19052.89,0,3.8,14,Credit Card
ORD202600735,2026-08-11 19:58:35.929941620,2026,8,Q3,Switzerland,Tokyo,Vintage Cars,Petrol,Fleet,Direct Sales,Global Auto,Vikram,5,33863.65,169318.25,12.5,21164.78,148153.47,104163.97,43989.5,29.69,10.0,14815.35,5988.76,0,4.1,6,Finance
ORD202600736,2026-08-12 03:15:45.788156796,2026,8,Q3,Norway,Tokyo,Ships,Petrol,Fleet,Direct Sales,Elite Cars,Sofia,9,65625.16,590626.48,11.8,69693.93,520932.56,389674.38,131258.18,25.2,12.0,62511.91,9136.51,0,4.3,10,Finance
ORD202600737,2026-08-12 10:32:55.646371976,2026,8,Q3,USA,Berlin,Vintage Cars,Electric,Corporate,Direct Sales,AutoMax,Arun,4,79958.75,319835.01,11.5,36781.03,283053.99,217426.0,65627.99,23.19,8.0,22644.32,12473.3,0,3.7,10,Finance
ORD202600738,2026-08-12 17:50:05.504587156,2026,8,Q3,Singapore,Oslo,Classic Cars,Hybrid,Corporate,Direct Sales,City Motors,Karthik,1,37534.17,37534.17,14.5,5442.46,32091.72,27366.04,4725.68,14.73,10.0,3209.17,985.29,0,4.6,12,Bank Transfer
ORD202600739,2026-08-13 01:07:15.362802336,2026,8,Q3,Belgium,Toronto,Classic Cars,Electric,Corporate,Dealer,City Motors,Meera,5,38856.21,194281.05,12.2,23702.29,170578.76,132562.09,38016.67,22.29,10.0,17057.88,4806.59,0,4.0,13,Bank Transfer
ORD202600740,2026-08-13 08:24:25.221017516,2026,8,Q3,Switzerland,Helsinki,Trains,Hybrid,Corporate,Online,AutoMax,Daniel,11,35320.02,388520.23,16.5,64105.84,324414.39,271627.99,52786.39,16.27,8.0,25953.15,11711.41,1,4.4,7,Bank Transfer
ORD202600741,2026-08-13 15:41:35.079232696,2026,8,Q3,Philippines,Oslo,Motorcycles,Petrol,Corporate,Dealer,City Motors,Rahul,6,13550.51,81303.07,14.7,11951.55,69351.52,52543.97,16807.55,24.24,18.0,12483.27,2050.19,0,4.2,14,Cash
ORD202600742,2026-08-13 22:58:44.937447872,2026,8,Q3,France,Vienna,Trucks and Buses,Diesel,Retail,Dealer,City Motors,Rahul,15,99087.85,1486317.78,3.6,53507.44,1432810.34,1254245.03,178565.31,12.46,10.0,143281.03,40095.51,0,4.7,6,Bank Transfer
ORD202600743,2026-08-14 06:15:54.795663052,2026,8,Q3,Denmark,Stockholm,Trains,Diesel,Fleet,Dealer,City Motors,Arun,8,26773.68,214189.44,13.4,28701.39,185488.06,139149.39,46338.66,24.98,18.0,33387.85,5573.02,0,5.0,8,Bank Transfer
ORD202600744,2026-08-14 13:33:04.653878232,2026,8,Q3,Italy,Tokyo,Ships,Diesel,Retail,Distributor,Global Auto,Sofia,12,117393.96,1408727.56,2.2,30992.01,1377735.55,983280.61,394454.94,28.63,12.0,165328.27,26564.26,0,3.6,8,UPI
ORD202600745,2026-08-14 20:50:14.512093412,2026,8,Q3,Spain,London,Motorcycles,Electric,Government,Direct Sales,AutoMax,Meera,3,17636.69,52910.08,16.2,8571.43,44338.65,35697.22,8641.42,19.49,8.0,3547.09,1181.87,0,4.9,5,UPI
ORD202600746,2026-08-15 04:07:24.370308592,2026,8,Q3,India,Manila,Trains,Petrol,Fleet,Dealer,Prime Motors,Vikram,10,42314.27,423142.66,5.3,22426.56,400716.1,278735.42,121980.68,30.44,10.0,40071.61,7994.95,0,4.3,9,Bank Transfer
ORD202600747,2026-08-15 11:24:34.228523772,2026,8,Q3,Norway,Vienna,Ships,Petrol,Fleet,Online,Speed Wheels,Karthik,9,74189.58,667706.2,0.2,1335.41,666370.79,546226.95,120143.84,18.03,8.0,53309.66,21588.09,0,2.9,9,UPI
ORD202600748,2026-08-15 18:41:44.086738948,2026,8,Q3,Switzerland,Mumbai,Motorcycles,Petrol,Retail,Online,Speed Wheels,Meera,5,22244.44,111222.2,5.1,5672.33,105549.87,81277.2,24272.67,23.0,12.0,12665.98,4005.76,1,3.4,2,Finance
ORD202600749,2026-08-16 01:58:53.944954128,2026,8,Q3,Spain,New York,Motorcycles,Petrol,Corporate,Dealer,Speed Wheels,Meera,4,17089.24,68356.96,0.2,136.71,68220.25,52229.88,15990.37,23.44,10.0,6822.03,1805.29,0,4.6,11,UPI
ORD202600750,2026-08-16 09:16:03.803169308,2026,8,Q3,India,Copenhagen,Classic Cars,Petrol,Retail,Direct Sales,Prime Motors,Daniel,7,91494.73,640463.14,3.8,24337.6,616125.54,538880.65,77244.89,12.54,12.0,73935.06,25869.3,1,4.1,2,Cash
ORD202600751,2026-08-16 16:33:13.661384488,2026,8,Q3,Canada,Toronto,Ships,Petrol,Government,Online,Speed Wheels,Priya,4,115173.25,460692.98,17.2,79239.19,381453.79,274352.61,107101.18,28.08,8.0,30516.3,8292.62,1,3.4,13,Finance
ORD202600752,2026-08-16 23:50:23.519599668,2026,8,Q3,Canada,Rome,Motorcycles,Petrol,Retail,Distributor,Speed Wheels,Rahul,13,16376.12,212889.53,12.5,26611.19,186278.34,153430.58,32847.76,17.63,18.0,33530.1,5390.24,0,4.4,6,Bank Transfer
ORD202600753,2026-08-17 07:07:33.377814844,2026,8,Q3,Belgium,Copenhagen,Trains,Hybrid,Corporate,Dealer,Speed Wheels,Rahul,8,49370.66,394965.29,16.3,64379.34,330585.95,268886.14,61699.8,18.66,8.0,26446.88,7728.77,0,4.6,4,UPI
ORD202600754,2026-08-17 14:24:43.236030024,2026,8,Q3,USA,Mumbai,Planes,Petrol,Retail,Distributor,City Motors,Ananya,8,217734.37,1741874.99,8.9,155026.87,1586848.11,1159903.27,426944.84,26.91,10.0,158684.81,72472.43,1,3.4,15,UPI
ORD202600755,2026-08-17 21:41:53.094245204,2026,8,Q3,Canada,Copenhagen,Classic Cars,Petrol,Retail,Dealer,City Motors,Rahul,15,51446.98,771704.74,17.5,135048.33,636656.41,503558.56,133097.85,20.91,10.0,63665.64,27397.69,0,3.4,13,Cash
ORD202600756,2026-08-18 04:59:02.952460384,2026,8,Q3,Belgium,Stockholm,Vintage Cars,Diesel,Retail,Direct Sales,Speed Wheels,Meera,11,33009.85,363108.36,4.7,17066.09,346042.27,280737.31,65304.96,18.87,10.0,34604.23,8480.86,0,3.1,7,Finance
ORD202600757,2026-08-18 12:16:12.810675564,2026,8,Q3,Philippines,Oslo,Trucks and Buses,Diesel,Government,Online,Prime Motors,Vikram,15,35369.67,530545.03,11.1,58890.5,471654.53,367079.89,104574.64,22.17,10.0,47165.45,7482.88,0,4.4,5,UPI
ORD202600758,2026-08-18 19:33:22.668890744,2026,8,Q3,Australia,Singapore,Classic Cars,Petrol,Retail,Direct Sales,Global Auto,Ananya,14,57194.28,800719.88,12.0,96086.39,704633.5,532676.59,171956.91,24.4,18.0,126834.03,27688.17,0,3.8,5,UPI
ORD202600759,2026-08-19 02:50:32.527105920,2026,8,Q3,Japan,Helsinki,Classic Cars,Diesel,Retail,Online,AutoMax,Ananya,2,89886.55,179773.11,16.0,28763.7,151009.41,127091.39,23918.02,15.84,12.0,18121.13,5907.8,0,4.5,3,Credit Card
ORD202600760,2026-08-19 10:07:42.385321100,2026,8,Q3,Spain,Mumbai,Vintage Cars,Hybrid,Government,Dealer,Global Auto,Vikram,15,40446.48,606697.19,2.0,12133.94,594563.24,431976.53,162586.71,27.35,18.0,107021.38,22616.73,0,3.9,15,Finance
ORD202600761,2026-08-19 17:24:52.243536280,2026,8,Q3,Singapore,Stockholm,Trucks and Buses,Diesel,Fleet,Distributor,Speed Wheels,Arun,2,66614.53,133229.06,4.9,6528.22,126700.83,104408.94,22291.89,17.59,12.0,15204.1,3095.07,0,4.0,14,Finance
ORD202600762,2026-08-20 00:42:02.101751460,2026,8,Q3,Italy,Copenhagen,Trucks and Buses,Petrol,Retail,Online,AutoMax,Vikram,7,59763.59,418345.14,17.4,72792.05,345553.09,290531.29,55021.8,15.92,12.0,41466.37,11588.35,0,3.4,3,Cash
ORD202600763,2026-08-20 07:59:11.959966640,2026,8,Q3,Spain,Tokyo,Trucks and Buses,Petrol,Corporate,Dealer,Elite Cars,Sofia,7,70000.38,490002.66,4.2,20580.11,469422.55,386281.88,83140.67,17.71,12.0,56330.71,10477.8,0,3.9,9,UPI
ORD202600764,2026-08-20 15:16:21.818181820,2026,8,Q3,Sweden,New York,Ships,Hybrid,Government,Online,Prime Motors,Rahul,11,72234.8,794582.81,2.7,21453.74,773129.08,653678.5,119450.57,15.45,12.0,92775.49,21886.2,0,4.7,3,UPI
ORD202600765,2026-08-20 22:33:31.676396996,2026,8,Q3,Spain,Oslo,Motorcycles,Petrol,Fleet,Dealer,Elite Cars,Sneha,6,22431.79,134590.74,16.3,21938.29,112652.45,91371.46,21280.98,18.89,12.0,13518.29,1893.7,1,3.5,14,Credit Card
ORD202600766,2026-08-21 05:50:41.534612176,2026,8,Q3,Italy,Copenhagen,Classic Cars,Petrol,Corporate,Dealer,AutoMax,Priya,10,68144.08,681440.77,5.2,35434.92,646005.85,451809.23,194196.63,30.06,8.0,51680.47,33919.98,0,5.0,14,Finance
ORD202600767,2026-08-21 13:07:51.392827356,2026,8,Q3,Japan,Zurich,Motorcycles,Petrol,Retail,Dealer,Elite Cars,Daniel,15,27923.03,418845.48,11.8,49423.77,369421.71,323722.11,45699.61,12.37,18.0,66495.91,18265.56,0,3.5,15,Bank Transfer
ORD202600768,2026-08-21 20:25:01.251042536,2026,8,Q3,India,Helsinki,Ships,Diesel,Retail,Dealer,AutoMax,Rahul,4,149111.0,596444.02,3.0,17893.32,578550.7,477033.02,101517.68,17.55,12.0,69426.08,25536.46,1,4.6,12,Cash
ORD202600769,2026-08-22 03:42:11.109257716,2026,8,Q3,Germany,Oslo,Planes,Diesel,Retail,Dealer,Speed Wheels,Rahul,15,174748.92,2621233.87,8.3,217562.41,2403671.46,1869008.97,534662.5,22.24,18.0,432660.86,103282.49,0,4.4,9,Cash
ORD202600770,2026-08-22 10:59:20.967472896,2026,8,Q3,Italy,Mumbai,Ships,Electric,Retail,Online,Elite Cars,Meera,15,126686.2,1900293.05,0.6,11401.76,1888891.29,1499295.7,389595.59,20.63,10.0,188889.13,79204.21,1,3.5,3,UPI
ORD202600771,2026-08-22 18:16:30.825688072,2026,8,Q3,Italy,Sydney,Vintage Cars,Electric,Fleet,Online,Elite Cars,Priya,15,49807.88,747118.19,16.1,120286.03,626832.16,517799.35,109032.81,17.39,12.0,75219.86,10454.55,0,4.4,7,Cash
ORD202600772,2026-08-23 01:33:40.683903252,2026,8,Q3,Philippines,Singapore,Vintage Cars,Electric,Corporate,Direct Sales,Prime Motors,Sneha,4,30879.2,123516.79,5.0,6175.84,117340.95,94994.52,22346.43,19.04,12.0,14080.91,3819.33,1,4.9,14,Bank Transfer
ORD202600773,2026-08-23 08:50:50.542118432,2026,8,Q3,Denmark,Berlin,Classic Cars,Petrol,Fleet,Dealer,Elite Cars,Meera,5,38025.03,190125.15,3.4,6464.26,183660.89,144863.98,38796.91,21.12,10.0,18366.09,4004.58,1,3.8,5,Credit Card
ORD202600774,2026-08-23 16:08:00.400333612,2026,8,Q3,Singapore,Singapore,Trains,Petrol,Fleet,Dealer,City Motors,Vikram,4,28011.31,112045.24,15.8,17703.15,94342.09,77986.32,16355.77,17.34,5.0,4717.1,4109.42,1,3.7,14,Cash
ORD202600775,2026-08-23 23:25:10.258548792,2026,8,Q3,Germany,Brussels,Vintage Cars,Petrol,Government,Dealer,Speed Wheels,Karthik,1,72716.45,72716.45,6.5,4726.57,67989.88,52011.79,15978.09,23.5,5.0,3399.49,2536.17,0,3.8,12,Credit Card
ORD202600776,2026-08-24 06:42:20.116763972,2026,8,Q3,France,Madrid,Vintage Cars,Petrol,Retail,Dealer,AutoMax,Meera,2,45184.98,90369.95,5.5,4970.35,85399.61,76576.95,8822.66,10.33,12.0,10247.95,2234.91,0,4.3,10,Cash
ORD202600777,2026-08-24 13:59:29.974979148,2026,8,Q3,Belgium,Stockholm,Classic Cars,Petrol,Retail,Online,AutoMax,Meera,12,37208.24,446498.82,10.4,46435.88,400062.94,341659.25,58403.69,14.6,18.0,72011.33,9771.73,1,4.4,4,UPI
ORD202600778,2026-08-24 21:16:39.833194328,2026,8,Q3,Japan,Toronto,Ships,Diesel,Retail,Distributor,City Motors,Daniel,12,149599.61,1795195.37,15.1,271074.5,1524120.87,1329600.97,194519.9,12.76,10.0,152412.09,36967.46,1,4.1,9,UPI
ORD202600779,2026-08-25 04:33:49.691409508,2026,8,Q3,Belgium,Zurich,Planes,Electric,Fleet,Direct Sales,Global Auto,Rahul,5,117932.78,589663.9,6.0,35379.83,554284.07,494435.0,59849.07,10.8,10.0,55428.41,30328.23,0,4.5,8,Cash
ORD202600780,2026-08-25 11:50:59.549624688,2026,8,Q3,Belgium,New York,Trains,Diesel,Government,Direct Sales,AutoMax,Vikram,11,41487.06,456357.69,2.8,12778.02,443579.68,373730.21,69849.47,15.75,8.0,35486.37,16450.52,0,3.9,15,UPI
ORD202600781,2026-08-25 19:08:09.407839868,2026,8,Q3,UK,New York,Planes,Diesel,Retail,Direct Sales,Prime Motors,Meera,4,160558.88,642235.52,4.6,29542.83,612692.69,532586.35,80106.34,13.07,18.0,110284.68,21527.12,1,4.7,6,UPI
ORD202600782,2026-08-26 02:25:19.266055048,2026,8,Q3,Singapore,Berlin,Trucks and Buses,Hybrid,Retail,Online,Global Auto,Vikram,5,43426.37,217131.85,5.2,11290.86,205840.99,159635.1,46205.89,22.45,12.0,24700.92,10532.13,0,3.7,11,UPI
ORD202600783,2026-08-26 09:42:29.124270224,2026,8,Q3,Germany,Berlin,Vintage Cars,Petrol,Fleet,Dealer,Speed Wheels,Daniel,11,72278.17,795059.83,17.5,139135.47,655924.36,492519.5,163404.86,24.91,8.0,52473.95,33264.87,0,3.6,15,Bank Transfer
ORD202600784,2026-08-26 16:59:38.982485404,2026,8,Q3,France,Berlin,Trucks and Buses,Petrol,Government,Direct Sales,Elite Cars,Rahul,6,92058.59,552351.56,12.7,70148.65,482202.91,408369.81,73833.1,15.31,10.0,48220.29,24988.84,1,4.9,15,UPI
ORD202600785,2026-08-27 00:16:48.840700584,2026,8,Q3,Norway,Copenhagen,Planes,Petrol,Corporate,Direct Sales,Prime Motors,Karthik,11,78970.79,868678.64,10.9,94685.97,773992.67,538727.48,235265.19,30.4,12.0,92879.12,14735.61,1,4.0,14,Finance
ORD202600786,2026-08-27 07:33:58.698915764,2026,8,Q3,Philippines,Stockholm,Vintage Cars,Petrol,Fleet,Online,Speed Wheels,Daniel,11,29148.22,320630.45,16.4,52583.39,268047.05,195651.37,72395.69,27.01,8.0,21443.76,8487.35,0,4.2,5,UPI
ORD202600787,2026-08-27 14:51:08.557130944,2026,8,Q3,Switzerland,Manila,Classic Cars,Petrol,Retail,Dealer,Speed Wheels,Arun,1,54185.41,54185.41,15.3,8290.37,45895.04,35713.89,10181.15,22.18,18.0,8261.11,2107.08,1,4.4,11,Cash
ORD202600788,2026-08-27 22:08:18.415346124,2026,8,Q3,Spain,Madrid,Planes,Diesel,Retail,Direct Sales,Elite Cars,Vikram,3,101033.55,303100.65,17.9,54255.02,248845.64,200335.89,48509.75,19.49,10.0,24884.56,5677.09,1,3.6,8,Finance
ORD202600789,2026-08-28 05:25:28.273561300,2026,8,Q3,Sweden,Oslo,Planes,Petrol,Fleet,Online,Global Auto,Karthik,10,77091.78,770917.77,10.7,82488.2,688429.57,588050.03,100379.54,14.58,12.0,82611.55,31884.83,1,4.3,9,Credit Card
ORD202600790,2026-08-28 12:42:38.131776480,2026,8,Q3,France,London,Planes,Diesel,Corporate,Dealer,Global Auto,Rahul,9,125040.21,1125361.9,6.5,73148.52,1052213.37,867287.94,184925.43,17.57,10.0,105221.34,21786.19,1,4.4,11,Finance
ORD202600791,2026-08-28 19:59:47.989991660,2026,8,Q3,India,Berlin,Trains,Electric,Government,Direct Sales,Elite Cars,Ananya,11,42106.08,463166.91,7.0,32421.68,430745.23,327519.44,103225.79,23.96,18.0,77534.14,22331.7,0,4.7,12,Finance
ORD202600792,2026-08-29 03:16:57.848206840,2026,8,Q3,Japan,Rome,Classic Cars,Hybrid,Retail,Dealer,Elite Cars,Sneha,3,73715.53,221146.6,8.4,18576.31,202570.28,166010.07,36560.21,18.05,12.0,24308.43,5478.09,0,3.9,8,Cash
ORD202600793,2026-08-29 10:34:07.706422020,2026,8,Q3,Canada,Manila,Classic Cars,Electric,Corporate,Direct Sales,Global Auto,Daniel,4,60067.58,240270.31,9.9,23786.76,216483.55,162654.33,53829.22,24.87,18.0,38967.04,11362.55,1,4.1,9,Cash
ORD202600794,2026-08-29 17:51:17.564637196,2026,8,Q3,Australia,Sydney,Planes,Diesel,Retail,Online,City Motors,Meera,7,82888.32,580218.21,10.1,58602.04,521616.17,463068.64,58547.53,11.22,5.0,26080.81,25115.96,0,3.6,10,Cash
ORD202600795,2026-08-30 01:08:27.422852376,2026,8,Q3,Japan,Copenhagen,Motorcycles,Hybrid,Corporate,Distributor,City Motors,Karthik,12,23101.41,277216.88,13.3,36869.84,240347.03,215783.88,24563.15,10.22,10.0,24034.7,8822.45,0,5.0,6,Credit Card
ORD202600796,2026-08-30 08:25:37.281067556,2026,8,Q3,Australia,Copenhagen,Classic Cars,Petrol,Retail,Distributor,AutoMax,Sneha,13,54971.0,714622.98,6.6,47165.12,667457.87,537149.81,130308.06,19.52,8.0,53396.63,32343.86,1,4.5,13,Cash
ORD202600797,2026-08-30 15:42:47.139282736,2026,8,Q3,Switzerland,Zurich,Vintage Cars,Diesel,Corporate,Dealer,City Motors,Sneha,5,28975.27,144876.33,4.9,7098.94,137777.39,118655.46,19121.93,13.88,8.0,11022.19,7281.71,0,3.2,12,UPI
ORD202600798,2026-08-30 22:59:56.997497916,2026,8,Q3,USA,Brussels,Planes,Diesel,Retail,Dealer,City Motors,Meera,11,164035.43,1804389.7,6.9,124502.89,1679886.81,1317624.34,362262.48,21.56,18.0,302379.63,36032.16,0,3.7,7,Bank Transfer
ORD202600799,2026-08-31 06:17:06.855713096,2026,8,Q3,Philippines,Rome,Vintage Cars,Petrol,Government,Distributor,Elite Cars,Arun,7,28108.68,196760.74,9.8,19282.55,177478.19,125886.05,51592.13,29.07,10.0,17747.82,7492.26,0,5.0,11,Credit Card
ORD202600800,2026-08-31 13:34:16.713928272,2026,8,Q3,Sweden,Stockholm,Trucks and Buses,Electric,Corporate,Distributor,AutoMax,Priya,12,64340.64,772087.72,13.8,106548.11,665539.62,497037.12,168502.49,25.32,12.0,79864.75,27185.82,0,2.9,2,Bank Transfer
ORD202600801,2026-08-31 20:51:26.572143452,2026,8,Q3,Italy,New York,Vintage Cars,Petrol,Fleet,Online,Global Auto,Vikram,7,44165.36,309157.49,14.1,43591.21,265566.28,235972.8,29593.48,11.14,8.0,21245.3,13693.38,0,5.0,8,Credit Card
ORD202600802,2026-09-01 04:08:36.430358632,2026,9,Q3,Sweden,New York,Vintage Cars,Diesel,Retail,Dealer,City Motors,Sofia,12,24897.49,298769.85,17.9,53479.8,245290.05,172781.45,72508.59,29.56,8.0,19623.2,10434.87,1,4.0,9,Cash
ORD202600803,2026-09-01 11:25:46.288573812,2026,9,Q3,India,Madrid,Motorcycles,Petrol,Retail,Online,Prime Motors,Priya,10,21320.69,213206.93,10.2,21747.11,191459.82,161264.32,30195.51,15.77,18.0,34462.77,4872.14,0,4.1,4,Bank Transfer
ORD202600804,2026-09-01 18:42:56.146788992,2026,9,Q3,Sweden,Zurich,Classic Cars,Diesel,Government,Online,City Motors,Daniel,5,58225.3,291126.48,9.4,27365.89,263760.59,190093.14,73667.45,27.93,12.0,31651.27,6716.23,1,3.7,15,Bank Transfer
ORD202600805,2026-09-02 02:00:06.005004172,2026,9,Q3,Canada,Paris,Vintage Cars,Petrol,Retail,Online,Elite Cars,Karthik,3,48984.14,146952.41,15.4,22630.67,124321.74,105859.16,18462.58,14.85,5.0,6216.09,4812.72,1,4.2,13,Finance
ORD202600806,2026-09-02 09:17:15.863219348,2026,9,Q3,Norway,Zurich,Trains,Diesel,Retail,Online,Speed Wheels,Sofia,4,40877.34,163509.35,7.0,11445.65,152063.69,135967.08,16096.61,10.59,10.0,15206.37,6831.49,0,4.2,9,Bank Transfer
ORD202600807,2026-09-02 16:34:25.721434528,2026,9,Q3,Italy,Singapore,Classic Cars,Electric,Retail,Distributor,AutoMax,Sofia,3,74486.5,223459.49,7.0,15642.16,207817.32,148547.05,59270.27,28.52,18.0,37407.12,3829.25,1,4.4,2,Cash
ORD202600808,2026-09-02 23:51:35.579649708,2026,9,Q3,UK,Brussels,Motorcycles,Petrol,Government,Direct Sales,Prime Motors,Arun,8,26156.49,209251.94,15.7,32852.55,176399.38,153808.03,22591.36,12.81,8.0,14111.95,2885.98,1,4.7,14,Credit Card
ORD202600809,2026-09-03 07:08:45.437864888,2026,9,Q3,India,New York,Vintage Cars,Diesel,Retail,Dealer,City Motors,Vikram,1,43411.2,43411.2,10.7,4645.0,38766.21,29832.22,8933.99,23.05,10.0,3876.62,1490.34,0,4.8,12,Credit Card
ORD202600810,2026-09-03 14:25:55.296080068,2026,9,Q3,Japan,Rome,Trains,Petrol,Retail,Dealer,Elite Cars,Daniel,1,58791.04,58791.04,16.5,9700.52,49090.52,37707.87,11382.65,23.19,8.0,3927.24,2490.03,1,4.1,5,UPI
ORD202600811,2026-09-03 21:43:05.154295248,2026,9,Q3,Austria,Manila,Planes,Petrol,Retail,Distributor,Elite Cars,Sofia,10,105171.68,1051716.84,7.6,79930.48,971786.36,858304.19,113482.18,11.68,10.0,97178.64,15802.35,1,4.3,12,Finance
ORD202600812,2026-09-04 05:00:15.012510424,2026,9,Q3,Germany,Zurich,Planes,Hybrid,Government,Online,AutoMax,Karthik,8,128683.09,1029464.69,8.0,82357.18,947107.51,830478.47,116629.05,12.31,10.0,94710.75,21818.19,0,4.9,6,Finance
ORD202600813,2026-09-04 12:17:24.870725604,2026,9,Q3,France,Madrid,Trucks and Buses,Hybrid,Retail,Distributor,Speed Wheels,Arun,6,70507.99,423047.94,10.7,45266.13,377781.81,335916.05,41865.76,11.08,8.0,30222.55,10827.54,1,4.4,10,Cash
ORD202600814,2026-09-04 19:34:34.728940784,2026,9,Q3,France,London,Vintage Cars,Petrol,Corporate,Direct Sales,Speed Wheels,Meera,7,65885.33,461197.33,16.3,75175.16,386022.16,300938.06,85084.1,22.04,12.0,46322.66,14131.63,1,4.2,3,Finance
ORD202600815,2026-09-05 02:51:44.587155964,2026,9,Q3,Austria,Paris,Ships,Petrol,Government,Direct Sales,Speed Wheels,Daniel,3,66320.18,198960.54,1.6,3183.37,195777.17,163756.67,32020.5,16.36,18.0,35239.89,9692.05,0,4.6,11,Bank Transfer
ORD202600816,2026-09-05 10:08:54.445371144,2026,9,Q3,Philippines,Singapore,Trucks and Buses,Diesel,Corporate,Dealer,Prime Motors,Meera,7,43036.0,301251.97,12.0,36150.24,265101.73,224584.52,40517.21,15.28,8.0,21208.14,14251.84,0,4.3,9,Credit Card
ORD202600817,2026-09-05 17:26:04.303586324,2026,9,Q3,USA,Oslo,Classic Cars,Petrol,Retail,Online,Elite Cars,Priya,13,78736.82,1023578.65,3.6,36848.83,986729.82,788250.66,198479.16,20.11,10.0,98672.98,16210.01,1,4.5,3,Credit Card
ORD202600818,2026-09-06 00:43:14.161801500,2026,9,Q3,Austria,Toronto,Motorcycles,Hybrid,Corporate,Direct Sales,AutoMax,Sneha,9,13434.64,120911.74,0.8,967.29,119944.44,103225.35,16719.09,13.94,8.0,9595.56,2103.62,0,4.4,3,UPI
ORD202600819,2026-09-06 08:00:24.020016680,2026,9,Q3,Switzerland,Vienna,Classic Cars,Electric,Retail,Online,City Motors,Vikram,15,48280.49,724207.36,2.4,17380.98,706826.39,589935.17,116891.22,16.54,8.0,56546.11,36478.38,0,3.9,14,Finance
ORD202600820,2026-09-06 15:17:33.878231860,2026,9,Q3,Switzerland,London,Classic Cars,Petrol,Retail,Dealer,City Motors,Arun,13,48987.58,636838.51,16.1,102531.0,534307.51,413758.08,120549.43,22.56,18.0,96175.35,25587.98,0,3.6,14,UPI
ORD202600821,2026-09-06 22:34:43.736447040,2026,9,Q3,Italy,Brussels,Trains,Hybrid,Retail,Direct Sales,Elite Cars,Rahul,5,52541.34,262706.69,8.0,21016.53,241690.15,177806.08,63884.07,26.43,10.0,24169.02,4603.49,0,3.7,3,UPI
ORD202600822,2026-09-07 05:51:53.594662220,2026,9,Q3,USA,Manila,Motorcycles,Hybrid,Fleet,Distributor,Prime Motors,Sofia,11,35906.47,394971.22,10.6,41866.95,353104.27,280789.36,72314.91,20.48,10.0,35310.43,15252.49,0,4.4,5,Cash
ORD202600823,2026-09-07 13:09:03.452877400,2026,9,Q3,Austria,Mumbai,Classic Cars,Diesel,Fleet,Dealer,City Motors,Rahul,1,38401.02,38401.02,1.4,537.61,37863.41,28703.11,9160.3,24.19,5.0,1893.17,668.56,1,3.5,8,Bank Transfer
ORD202600824,2026-09-07 20:26:13.311092576,2026,9,Q3,Australia,Manila,Motorcycles,Petrol,Retail,Direct Sales,Speed Wheels,Rahul,1,19482.02,19482.02,5.0,974.1,18507.92,15543.23,2964.69,16.02,10.0,1850.79,997.37,1,4.6,12,Cash
ORD202600825,2026-09-08 03:43:23.169307756,2026,9,Q3,Norway,Manila,Trains,Petrol,Government,Distributor,Elite Cars,Rahul,14,26583.87,372174.21,9.4,34984.38,337189.84,247941.62,89248.21,26.47,12.0,40462.78,15150.6,0,3.3,8,Bank Transfer
ORD202600826,2026-09-08 11:00:33.027522936,2026,9,Q3,Italy,Oslo,Classic Cars,Petrol,Retail,Dealer,Speed Wheels,Vikram,10,76434.52,764345.17,0.4,3057.38,761287.79,616937.47,144350.32,18.96,10.0,76128.78,33501.59,0,3.4,3,Finance
ORD202600827,2026-09-08 18:17:42.885738116,2026,9,Q3,Singapore,Brussels,Trucks and Buses,Diesel,Government,Online,City Motors,Vikram,14,38124.63,533744.8,6.9,36828.39,496916.41,432484.03,64432.38,12.97,8.0,39753.31,19940.86,0,3.9,4,Cash
ORD202600828,2026-09-09 01:34:52.743953296,2026,9,Q3,Japan,Mumbai,Classic Cars,Petrol,Retail,Online,Elite Cars,Priya,7,83854.98,586984.88,4.0,23479.4,563505.49,429022.1,134483.38,23.87,12.0,67620.66,24121.25,0,4.1,13,Finance
ORD202600829,2026-09-09 08:52:02.602168472,2026,9,Q3,UK,New York,Classic Cars,Petrol,Fleet,Direct Sales,AutoMax,Ananya,12,60997.48,731969.76,15.9,116383.19,615586.57,421305.58,194280.99,31.56,12.0,73870.39,24983.03,0,3.9,2,Credit Card
ORD202600830,2026-09-09 16:09:12.460383652,2026,9,Q3,UK,Copenhagen,Trucks and Buses,Diesel,Corporate,Distributor,Prime Motors,Arun,9,67597.93,608381.36,11.2,68138.71,540242.65,375348.48,164894.17,30.52,8.0,43219.41,18096.39,1,4.9,10,Cash
ORD202600831,2026-09-09 23:26:22.318598832,2026,9,Q3,Sweden,Tokyo,Classic Cars,Diesel,Retail,Dealer,AutoMax,Priya,9,46209.23,415883.1,12.3,51153.62,364729.48,317029.55,47699.93,13.08,5.0,18236.47,9408.11,0,3.4,9,Finance
ORD202600832,2026-09-10 06:43:32.176814012,2026,9,Q3,USA,Sydney,Trucks and Buses,Petrol,Retail,Dealer,AutoMax,Arun,11,118284.08,1301124.84,8.8,114498.99,1186625.85,837528.62,349097.23,29.42,12.0,142395.1,50002.23,0,4.4,5,Finance
ORD202600833,2026-09-10 14:00:42.035029192,2026,9,Q3,France,Mumbai,Vintage Cars,Diesel,Government,Direct Sales,Elite Cars,Ananya,8,60984.74,487877.88,6.3,30736.31,457141.57,368466.03,88675.55,19.4,18.0,82285.48,9371.25,1,3.6,15,UPI
ORD202600834,2026-09-10 21:17:51.893244372,2026,9,Q3,Japan,Mumbai,Classic Cars,Petrol,Retail,Dealer,AutoMax,Daniel,14,57436.02,804104.26,2.5,20102.61,784001.65,614418.25,169583.41,21.63,18.0,141120.3,12630.73,0,4.0,5,UPI
ORD202600835,2026-09-11 04:35:01.751459548,2026,9,Q3,Belgium,Mumbai,Motorcycles,Electric,Retail,Direct Sales,Speed Wheels,Arun,15,19227.13,288406.99,15.7,45279.9,243127.09,167819.52,75307.57,30.97,10.0,24312.71,12003.12,1,3.8,15,Cash
ORD202600836,2026-09-11 11:52:11.609674728,2026,9,Q3,Finland,Berlin,Classic Cars,Petrol,Retail,Distributor,Speed Wheels,Priya,11,29828.92,328118.14,2.9,9515.43,318602.72,262345.14,56257.57,17.66,5.0,15930.14,5144.14,0,3.2,8,UPI
ORD202600837,2026-09-11 19:09:21.467889908,2026,9,Q3,India,Paris,Classic Cars,Diesel,Government,Online,Global Auto,Sofia,13,87804.77,1141462.01,0.6,6848.77,1134613.24,891673.08,242940.16,21.41,18.0,204230.38,52497.57,0,5.0,3,Bank Transfer
ORD202600838,2026-09-12 02:26:31.326105088,2026,9,Q3,Belgium,Zurich,Vintage Cars,Electric,Corporate,Dealer,Prime Motors,Karthik,15,30992.75,464891.29,1.3,6043.59,458847.7,350478.99,108368.72,23.62,8.0,36707.82,19842.57,0,4.5,4,Finance
ORD202600839,2026-09-12 09:43:41.184320268,2026,9,Q3,France,Paris,Trucks and Buses,Electric,Fleet,Dealer,Prime Motors,Karthik,1,80884.21,80884.21,6.8,5500.13,75384.08,54777.53,20606.56,27.34,10.0,7538.41,3879.48,1,3.5,11,Credit Card
ORD202600840,2026-09-12 17:00:51.042535448,2026,9,Q3,Germany,Berlin,Planes,Petrol,Retail,Direct Sales,AutoMax,Vikram,15,169312.65,2539689.81,3.4,86349.45,2453340.36,1865097.06,588243.3,23.98,10.0,245334.04,59581.02,0,4.6,9,Cash
ORD202600841,2026-09-13 00:18:00.900750624,2026,9,Q3,Spain,Brussels,Motorcycles,Petrol,Fleet,Direct Sales,Speed Wheels,Rahul,14,22493.27,314905.75,3.8,11966.42,302939.33,233855.12,69084.21,22.8,18.0,54529.08,13613.29,1,4.6,6,Bank Transfer
ORD202600842,2026-09-13 07:35:10.758965804,2026,9,Q3,Australia,Stockholm,Vintage Cars,Diesel,Retail,Direct Sales,Prime Motors,Priya,13,31964.5,415538.49,5.1,21192.46,394346.03,329811.86,64534.17,16.36,8.0,31547.68,15524.46,0,4.2,5,Finance
ORD202600843,2026-09-13 14:52:20.617180984,2026,9,Q3,Sweden,Stockholm,Planes,Diesel,Fleet,Direct Sales,Global Auto,Arun,8,83289.63,666317.08,14.6,97282.29,569034.78,405624.9,163409.89,28.72,10.0,56903.48,24204.09,0,3.8,8,Finance
ORD202600844,2026-09-13 22:09:30.475396164,2026,9,Q3,UK,Sydney,Trucks and Buses,Diesel,Retail,Distributor,Speed Wheels,Arun,7,100615.74,704310.2,6.0,42258.61,662051.59,592989.48,69062.12,10.43,18.0,119169.29,26721.14,0,4.0,10,UPI
ORD202600845,2026-09-14 05:26:40.333611344,2026,9,Q3,India,Berlin,Motorcycles,Hybrid,Fleet,Online,AutoMax,Vikram,8,30782.69,246261.54,13.0,32014.0,214247.54,180265.75,33981.79,15.86,12.0,25709.71,6420.09,0,3.6,8,Cash
ORD202600846,2026-09-14 12:43:50.191826524,2026,9,Q3,UK,Manila,Vintage Cars,Hybrid,Retail,Dealer,Global Auto,Priya,13,56695.59,737042.62,6.7,49381.86,687660.77,605923.62,81737.15,11.89,10.0,68766.08,10425.29,0,5.0,15,UPI
ORD202600847,2026-09-14 20:01:00.050041700,2026,9,Q3,Switzerland,Madrid,Planes,Diesel,Retail,Direct Sales,Speed Wheels,Vikram,5,80487.15,402435.77,16.8,67609.21,334826.56,294022.15,40804.41,12.19,10.0,33482.66,10334.3,0,3.5,4,UPI
ORD202600848,2026-09-15 03:18:09.908256880,2026,9,Q3,Germany,Brussels,Classic Cars,Diesel,Corporate,Dealer,Global Auto,Sofia,3,77890.81,233672.42,0.2,467.34,233205.08,207019.02,26186.05,11.23,12.0,27984.61,12364.47,0,3.9,8,Cash
ORD202600849,2026-09-15 10:35:19.766472060,2026,9,Q3,Philippines,Paris,Vintage Cars,Hybrid,Fleet,Distributor,Prime Motors,Rahul,2,33466.89,66933.78,1.5,1004.01,65929.77,46555.66,19374.11,29.39,12.0,7911.57,2251.23,0,4.1,5,Bank Transfer
ORD202600850,2026-09-15 17:52:29.624687240,2026,9,Q3,Japan,New York,Motorcycles,Diesel,Fleet,Online,Elite Cars,Rahul,1,32769.69,32769.69,15.7,5144.84,27624.85,22769.93,4854.92,17.57,12.0,3314.98,1190.74,1,3.7,7,Cash
ORD202600851,2026-09-16 01:09:39.482902420,2026,9,Q3,Spain,Manila,Vintage Cars,Diesel,Retail,Dealer,AutoMax,Vikram,6,50054.14,300324.85,16.1,48352.3,251972.55,183348.16,68624.39,27.23,12.0,30236.71,11678.0,0,3.8,14,Credit Card
ORD202600852,2026-09-16 08:26:49.341117600,2026,9,Q3,Australia,Zurich,Classic Cars,Petrol,Corporate,Dealer,City Motors,Ananya,7,51727.0,362089.02,11.6,42002.33,320086.7,281966.53,38120.17,11.91,10.0,32008.67,6201.1,0,3.2,13,Finance
ORD202600853,2026-09-16 15:43:59.199332776,2026,9,Q3,Germany,Copenhagen,Classic Cars,Petrol,Retail,Dealer,Global Auto,Vikram,12,64198.61,770383.27,4.5,34667.25,735716.03,564073.51,171642.52,23.33,18.0,132428.88,29615.19,0,3.9,4,Bank Transfer
ORD202600854,2026-09-16 23:01:09.057547956,2026,9,Q3,Philippines,Singapore,Vintage Cars,Hybrid,Corporate,Distributor,AutoMax,Ananya,15,29876.19,448142.9,8.6,38540.29,409602.61,278824.74,130777.87,31.93,12.0,49152.31,10370.42,0,3.8,8,UPI
ORD202600855,2026-09-17 06:18:18.915763136,2026,9,Q3,Denmark,Tokyo,Classic Cars,Petrol,Fleet,Online,Global Auto,Daniel,7,44078.1,308546.72,13.1,40419.62,268127.1,201977.19,66149.92,24.67,10.0,26812.71,5204.65,0,3.2,8,UPI
ORD202600856,2026-09-17 13:35:28.773978316,2026,9,Q3,Philippines,Berlin,Vintage Cars,Petrol,Corporate,Direct Sales,City Motors,Rahul,3,24857.51,74572.53,1.1,820.3,73752.24,63330.4,10421.84,14.13,5.0,3687.61,1317.86,1,3.7,8,UPI
ORD202600857,2026-09-17 20:52:38.632193496,2026,9,Q3,Germany,New York,Trucks and Buses,Petrol,Retail,Direct Sales,Speed Wheels,Rahul,11,91197.43,1003171.75,14.3,143453.56,859718.19,599679.12,260039.07,30.25,12.0,103166.18,21451.83,0,3.8,14,Finance
ORD202600858,2026-09-18 04:09:48.490408676,2026,9,Q3,India,Helsinki,Ships,Petrol,Corporate,Dealer,Prime Motors,Rahul,2,150184.86,300369.71,13.5,40549.91,259819.8,225136.63,34683.17,13.35,10.0,25981.98,12866.16,0,5.0,14,Credit Card
ORD202600859,2026-09-18 11:26:58.348623852,2026,9,Q3,Australia,Helsinki,Vintage Cars,Diesel,Retail,Direct Sales,Prime Motors,Priya,15,39800.55,597008.24,6.1,36417.5,560590.74,459639.61,100951.13,18.01,12.0,67270.89,18262.22,0,4.6,11,Bank Transfer
ORD202600860,2026-09-18 18:44:08.206839032,2026,9,Q3,Canada,Copenhagen,Trains,Diesel,Corporate,Distributor,Prime Motors,Sofia,4,38918.14,155672.57,5.7,8873.34,146799.23,117073.79,29725.44,20.25,10.0,14679.92,6961.84,0,4.3,14,Cash
ORD202600861,2026-09-19 02:01:18.065054212,2026,9,Q3,Spain,Sydney,Trucks and Buses,Hybrid,Government,Online,Elite Cars,Arun,3,76056.49,228169.47,5.9,13462.0,214707.47,161433.9,53273.57,24.81,5.0,10735.37,3461.05,0,3.9,15,UPI
ORD202600862,2026-09-19 09:18:27.923269392,2026,9,Q3,USA,Brussels,Trucks and Buses,Electric,Retail,Dealer,AutoMax,Rahul,4,79334.37,317337.46,14.5,46013.93,271323.53,203649.09,67674.44,24.94,12.0,32558.82,12534.36,0,3.1,3,Credit Card
ORD202600863,2026-09-19 16:35:37.781484572,2026,9,Q3,Japan,Vienna,Trains,Petrol,Fleet,Online,Speed Wheels,Sofia,8,52998.73,423989.86,10.3,43670.96,380318.9,323020.52,57298.38,15.07,10.0,38031.89,18872.28,1,3.7,15,Finance
ORD202600864,2026-09-19 23:52:47.639699752,2026,9,Q3,Italy,Copenhagen,Classic Cars,Diesel,Government,Dealer,Speed Wheels,Ananya,13,57779.16,751129.13,0.7,5257.9,745871.23,656978.94,88892.29,11.92,10.0,74587.12,34079.67,0,3.8,8,UPI
ORD202600865,2026-09-20 07:09:57.497914928,2026,9,Q3,Singapore,Copenhagen,Vintage Cars,Petrol,Government,Dealer,City Motors,Arun,4,41538.56,166154.25,8.3,13790.8,152363.45,105465.41,46898.04,30.78,10.0,15236.34,2602.33,1,4.1,15,Credit Card
ORD202600866,2026-09-20 14:27:07.356130108,2026,9,Q3,France,Copenhagen,Ships,Petrol,Retail,Direct Sales,Prime Motors,Arun,8,89789.74,718317.92,8.3,59620.39,658697.53,479637.73,179059.79,27.18,8.0,52695.8,19405.33,1,4.2,3,Credit Card
ORD202600867,2026-09-20 21:44:17.214345288,2026,9,Q3,Japan,Vienna,Classic Cars,Petrol,Retail,Dealer,AutoMax,Ananya,10,95322.86,953228.59,10.3,98182.54,855046.04,644658.43,210387.61,24.61,12.0,102605.53,26502.91,0,4.8,9,Bank Transfer
ORD202600868,2026-09-21 05:01:27.072560468,2026,9,Q3,Australia,Brussels,Classic Cars,Hybrid,Fleet,Distributor,Global Auto,Ananya,9,46393.43,417540.86,13.8,57620.64,359920.22,308628.39,51291.83,14.25,12.0,43190.43,15617.12,0,4.7,2,Cash
ORD202600869,2026-09-21 12:18:36.930775648,2026,9,Q3,Japan,Tokyo,Motorcycles,Petrol,Retail,Online,Elite Cars,Rahul,14,25187.7,352627.77,8.8,31031.24,321596.52,243818.1,77778.42,24.19,18.0,57887.37,8394.46,1,4.6,9,Finance
ORD202600870,2026-09-21 19:35:46.788990824,2026,9,Q3,Singapore,Oslo,Classic Cars,Petrol,Retail,Online,AutoMax,Vikram,11,39155.34,430708.78,16.9,72789.78,357918.99,282355.81,75563.18,21.11,18.0,64425.42,10762.01,1,4.3,6,Credit Card
ORD202600871,2026-09-22 02:52:56.647206004,2026,9,Q3,Spain,Tokyo,Trains,Diesel,Retail,Direct Sales,Speed Wheels,Vikram,14,55076.04,771064.59,8.8,67853.68,703210.9,522777.93,180432.97,25.66,10.0,70321.09,25745.22,1,4.5,6,Finance
ORD202600872,2026-09-22 10:10:06.505421184,2026,9,Q3,Switzerland,Singapore,Vintage Cars,Petrol,Fleet,Distributor,Prime Motors,Rahul,12,47859.18,574310.2,13.8,79254.81,495055.39,370390.55,124664.84,25.18,5.0,24752.77,13551.75,1,3.8,15,UPI
ORD202600873,2026-09-22 17:27:16.363636364,2026,9,Q3,UK,Zurich,Motorcycles,Petrol,Corporate,Distributor,Speed Wheels,Ananya,9,28245.25,254207.26,15.3,38893.71,215313.55,188346.95,26966.6,12.52,18.0,38756.44,9918.19,0,3.5,10,Finance
ORD202600874,2026-09-23 00:44:26.221851544,2026,9,Q3,UK,Rome,Classic Cars,Petrol,Government,Distributor,Prime Motors,Vikram,9,89644.13,806797.17,7.6,61316.58,745480.58,537105.31,208375.27,27.95,5.0,37274.03,23125.72,0,4.0,5,Finance
ORD202600875,2026-09-23 08:01:36.080066724,2026,9,Q3,UK,Toronto,Trains,Electric,Retail,Dealer,Elite Cars,Meera,6,44579.52,267477.13,9.3,24875.37,242601.75,179065.05,63536.71,26.19,12.0,29112.21,8652.98,0,3.6,5,Cash
ORD202600876,2026-09-23 15:18:45.938281900,2026,9,Q3,Norway,Toronto,Ships,Petrol,Fleet,Online,AutoMax,Arun,15,81804.27,1227063.98,6.8,83440.35,1143623.63,811548.97,332074.66,29.04,10.0,114362.36,23936.18,0,4.4,7,UPI
ORD202600877,2026-09-23 22:35:55.796497080,2026,9,Q3,Switzerland,New York,Classic Cars,Hybrid,Corporate,Dealer,AutoMax,Arun,6,40239.99,241439.93,16.9,40803.35,200636.59,153780.2,46856.38,23.35,10.0,20063.66,8532.91,0,3.4,2,UPI
ORD202600878,2026-09-24 05:53:05.654712260,2026,9,Q3,India,Mumbai,Vintage Cars,Petrol,Retail,Dealer,Prime Motors,Rahul,6,45294.53,271767.17,7.8,21197.84,250569.33,196582.42,53986.91,21.55,18.0,45102.48,12490.02,0,3.4,7,Credit Card
ORD202600879,2026-09-24 13:10:15.512927440,2026,9,Q3,Singapore,Toronto,Vintage Cars,Diesel,Corporate,Dealer,Speed Wheels,Meera,11,25317.32,278490.57,1.6,4455.85,274034.72,207702.27,66332.45,24.21,10.0,27403.47,7452.48,1,4.0,11,Bank Transfer
ORD202600880,2026-09-24 20:27:25.371142620,2026,9,Q3,Norway,Rome,Trucks and Buses,Diesel,Government,Online,Prime Motors,Sofia,15,52951.03,794265.45,12.0,95311.85,698953.6,523571.15,175382.45,25.09,8.0,55916.29,31044.14,1,3.7,9,Bank Transfer
ORD202600881,2026-09-25 03:44:35.229357800,2026,9,Q3,France,Manila,Trucks and Buses,Electric,Fleet,Online,City Motors,Meera,12,58691.96,704303.46,13.1,92263.75,612039.71,523114.25,88925.46,14.53,8.0,48963.18,26379.65,0,4.2,8,Bank Transfer
ORD202600882,2026-09-25 11:01:45.087572976,2026,9,Q3,Italy,Brussels,Motorcycles,Petrol,Corporate,Dealer,Elite Cars,Ananya,12,17093.87,205126.49,12.3,25230.56,179895.93,123569.81,56326.12,31.31,10.0,17989.59,8548.44,1,5.0,5,Cash
ORD202600883,2026-09-25 18:18:54.945788156,2026,9,Q3,Finland,Zurich,Classic Cars,Hybrid,Retail,Dealer,City Motors,Sneha,11,43775.49,481530.4,12.5,60191.3,421339.1,303706.2,117632.9,27.92,12.0,50560.69,23087.53,0,4.1,13,UPI
ORD202600884,2026-09-26 01:36:04.804003336,2026,9,Q3,Germany,Helsinki,Motorcycles,Petrol,Retail,Direct Sales,Global Auto,Daniel,10,32934.49,329344.88,4.8,15808.55,313536.33,232672.18,80864.15,25.79,12.0,37624.36,11963.89,0,4.4,7,Bank Transfer
ORD202600885,2026-09-26 08:53:14.662218516,2026,9,Q3,Norway,Vienna,Planes,Petrol,Fleet,Dealer,City Motors,Karthik,15,77493.77,1162406.56,16.0,185985.05,976421.51,766158.19,210263.32,21.53,18.0,175755.87,29403.28,0,4.6,10,UPI
ORD202600886,2026-09-26 16:10:24.520433696,2026,9,Q3,Germany,Singapore,Planes,Hybrid,Fleet,Distributor,AutoMax,Rahul,2,115000.65,230001.3,12.0,27600.16,202401.14,167972.14,34429.01,17.01,18.0,36432.21,9944.53,0,4.2,5,Bank Transfer
ORD202600887,2026-09-26 23:27:34.378648876,2026,9,Q3,Norway,Zurich,Classic Cars,Petrol,Government,Online,City Motors,Sneha,8,39140.11,313120.91,16.4,51351.83,261769.08,226285.21,35483.87,13.56,10.0,26176.91,11032.1,0,4.8,8,Bank Transfer
ORD202600888,2026-09-27 06:44:44.236864052,2026,9,Q3,Switzerland,Paris,Ships,Diesel,Retail,Direct Sales,Elite Cars,Karthik,6,74554.43,447326.58,14.2,63520.37,383806.2,279585.25,104220.96,27.15,18.0,69085.12,19288.27,0,4.4,8,Bank Transfer
ORD202600889,2026-09-27 14:01:54.095079232,2026,9,Q3,Australia,Helsinki,Trains,Hybrid,Retail,Dealer,Speed Wheels,Arun,2,46159.09,92318.18,4.3,3969.68,88348.5,68840.97,19507.53,22.08,8.0,7067.88,1880.57,1,3.1,7,Cash
ORD202600890,2026-09-27 21:19:03.953294412,2026,9,Q3,France,London,Classic Cars,Petrol,Retail,Online,Elite Cars,Sneha,10,79968.77,799687.69,14.6,116754.4,682933.29,548118.83,134814.46,19.74,10.0,68293.33,35600.53,1,4.3,2,Finance
ORD202600891,2026-09-28 04:36:13.811509592,2026,9,Q3,Canada,Stockholm,Vintage Cars,Hybrid,Retail,Distributor,AutoMax,Karthik,10,31532.11,315321.11,3.9,12297.52,303023.59,248923.9,54099.69,17.85,8.0,24241.89,7555.71,1,3.8,10,Cash
ORD202600892,2026-09-28 11:53:23.669724772,2026,9,Q3,Belgium,Rome,Motorcycles,Electric,Corporate,Direct Sales,City Motors,Rahul,6,14398.44,86390.62,7.7,6652.08,79738.55,68052.06,11686.49,14.66,12.0,9568.63,2591.31,1,4.6,6,Bank Transfer
ORD202600893,2026-09-28 19:10:33.527939952,2026,9,Q3,Canada,Singapore,Trains,Electric,Corporate,Online,Prime Motors,Ananya,11,47354.88,520903.7,8.3,43235.01,477668.69,335779.45,141889.25,29.7,18.0,85980.36,23702.99,0,4.4,2,Cash
ORD202600894,2026-09-29 02:27:43.386155128,2026,9,Q3,USA,Helsinki,Trucks and Buses,Petrol,Retail,Dealer,Global Auto,Rahul,15,89213.97,1338209.58,13.3,177981.87,1160227.71,954503.8,205723.9,17.73,5.0,58011.39,25795.99,0,4.0,8,Credit Card
ORD202600895,2026-09-29 09:44:53.244370308,2026,9,Q3,Japan,New York,Vintage Cars,Electric,Retail,Direct Sales,Speed Wheels,Arun,2,47346.23,94692.45,14.2,13446.33,81246.12,59086.87,22159.25,27.27,10.0,8124.61,2095.43,0,3.6,8,Credit Card
ORD202600896,2026-09-29 17:02:03.102585488,2026,9,Q3,Australia,Manila,Trains,Petrol,Fleet,Dealer,Global Auto,Ananya,10,49378.36,493783.62,7.5,37033.77,456749.84,395882.59,60867.25,13.33,18.0,82214.97,9606.83,0,3.3,11,Finance
ORD202600897,2026-09-30 00:19:12.960800668,2026,9,Q3,Spain,Stockholm,Trains,Electric,Retail,Dealer,Prime Motors,Vikram,1,55618.09,55618.09,1.4,778.65,54839.44,37667.94,17171.49,31.31,18.0,9871.1,1633.17,0,3.8,13,Credit Card
ORD202600898,2026-09-30 07:36:22.819015848,2026,9,Q3,Italy,New York,Planes,Hybrid,Government,Distributor,Prime Motors,Sofia,14,136578.61,1912100.53,2.6,49714.61,1862385.91,1451665.67,410720.24,22.05,5.0,93119.3,56432.2,1,3.8,13,UPI
ORD202600899,2026-09-30 14:53:32.677231028,2026,9,Q3,Denmark,Copenhagen,Classic Cars,Petrol,Retail,Online,Speed Wheels,Vikram,9,43627.16,392644.45,11.9,46724.69,345919.76,280516.09,65403.67,18.91,12.0,41510.37,15472.34,0,4.4,7,Credit Card
ORD202600900,2026-09-30 22:10:42.535446204,2026,9,Q3,Germany,Madrid,Trucks and Buses,Petrol,Fleet,Dealer,Speed Wheels,Meera,13,72674.39,944767.06,1.6,15116.27,929650.79,731538.08,198112.71,21.31,12.0,111558.1,34646.14,1,3.3,9,Credit Card
ORD202600901,2026-10-01 05:27:52.393661384,2026,10,Q4,Australia,Manila,Trains,Hybrid,Retail,Online,City Motors,Sneha,14,37340.03,522760.45,10.5,54889.85,467870.6,408063.27,59807.33,12.78,5.0,23393.53,20825.83,0,4.8,9,Cash
ORD202600902,2026-10-01 12:45:02.251876564,2026,10,Q4,Norway,Tokyo,Trucks and Buses,Hybrid,Retail,Dealer,AutoMax,Ananya,13,39763.14,516920.76,5.3,27396.8,489523.96,379680.94,109843.02,22.44,10.0,48952.4,26391.16,0,3.5,13,Credit Card
ORD202600903,2026-10-01 20:02:12.110091744,2026,10,Q4,Norway,Toronto,Classic Cars,Petrol,Retail,Dealer,Speed Wheels,Rahul,2,52403.63,104807.26,12.9,13520.14,91287.13,72252.48,19034.64,20.85,5.0,4564.36,3459.83,1,3.8,12,UPI
ORD202600904,2026-10-02 03:19:21.968306924,2026,10,Q4,Belgium,Singapore,Planes,Petrol,Retail,Direct Sales,Speed Wheels,Meera,5,112041.97,560209.84,11.0,61623.08,498586.76,439330.69,59256.07,11.88,10.0,49858.68,8009.6,0,4.7,2,UPI
ORD202600905,2026-10-02 10:36:31.826522104,2026,10,Q4,Sweden,New York,Vintage Cars,Electric,Retail,Dealer,Global Auto,Arun,15,26084.2,391262.98,14.3,55950.61,335312.38,230286.09,105026.29,31.32,12.0,40237.49,7623.67,0,4.1,2,Finance
ORD202600906,2026-10-02 17:53:41.684737280,2026,10,Q4,Italy,Copenhagen,Vintage Cars,Petrol,Retail,Distributor,AutoMax,Ananya,9,55302.94,497726.43,9.1,45293.11,452433.33,314631.33,137802.0,30.46,8.0,36194.67,18355.46,0,5.0,3,UPI
ORD202600907,2026-10-03 01:10:51.542952460,2026,10,Q4,Belgium,London,Trucks and Buses,Hybrid,Retail,Dealer,City Motors,Sofia,1,68698.56,68698.56,8.5,5839.38,62859.18,56486.86,6372.32,10.14,18.0,11314.65,1420.48,0,4.8,13,Cash
ORD202600908,2026-10-03 08:28:01.401167640,2026,10,Q4,Belgium,Oslo,Trucks and Buses,Hybrid,Government,Direct Sales,AutoMax,Meera,7,52302.86,366120.05,1.2,4393.44,361726.61,288139.63,73586.97,20.34,18.0,65110.79,5961.56,0,4.1,15,Finance
ORD202600909,2026-10-03 15:45:11.259382820,2026,10,Q4,India,Rome,Trucks and Buses,Petrol,Retail,Online,Speed Wheels,Arun,15,67055.84,1005837.6,1.4,14081.73,991755.87,724704.24,267051.63,26.93,12.0,119010.7,33233.19,0,4.1,14,Bank Transfer
ORD202600910,2026-10-03 23:02:21.117598000,2026,10,Q4,Japan,Oslo,Ships,Petrol,Retail,Distributor,Prime Motors,Rahul,15,160917.75,2413766.32,11.0,265514.3,2148252.02,1589610.28,558641.74,26.0,12.0,257790.24,85783.08,0,4.0,5,Finance
ORD202600911,2026-10-04 06:19:30.975813176,2026,10,Q4,Norway,Rome,Vintage Cars,Petrol,Corporate,Dealer,Speed Wheels,Arun,9,36935.82,332422.38,17.6,58506.34,273916.04,213510.53,60405.5,22.05,12.0,32869.92,12432.87,1,4.2,3,Finance
ORD202600912,2026-10-04 13:36:40.834028356,2026,10,Q4,India,Brussels,Motorcycles,Electric,Corporate,Distributor,Global Auto,Meera,10,24033.06,240330.58,10.0,24033.06,216297.52,183276.15,33021.37,15.27,12.0,25955.7,6021.73,0,3.4,8,Cash
ORD202600913,2026-10-04 20:53:50.692243536,2026,10,Q4,Austria,Helsinki,Vintage Cars,Electric,Retail,Dealer,Elite Cars,Karthik,15,41517.48,622762.19,8.1,50443.74,572318.45,465424.39,106894.06,18.68,12.0,68678.21,26674.97,0,3.9,14,Credit Card
ORD202600914,2026-10-05 04:11:00.550458716,2026,10,Q4,Austria,Stockholm,Ships,Electric,Retail,Direct Sales,Elite Cars,Arun,13,80938.74,1052203.58,11.9,125212.23,926991.35,812886.13,114105.22,12.31,10.0,92699.14,37886.64,0,4.8,15,UPI
ORD202600915,2026-10-05 11:28:10.408673896,2026,10,Q4,Denmark,Toronto,Vintage Cars,Hybrid,Corporate,Direct Sales,Speed Wheels,Ananya,10,35385.5,353854.96,6.0,21231.3,332623.67,238206.29,94417.38,28.39,12.0,39914.84,13308.33,0,4.4,10,Credit Card
ORD202600916,2026-10-05 18:45:20.266889076,2026,10,Q4,India,Helsinki,Trucks and Buses,Petrol,Retail,Dealer,Prime Motors,Vikram,10,73813.29,738132.88,10.7,78980.22,659152.66,452662.75,206489.92,31.33,18.0,118647.48,18365.81,0,4.9,5,UPI
ORD202600917,2026-10-06 02:02:30.125104252,2026,10,Q4,Japan,Zurich,Classic Cars,Diesel,Retail,Dealer,Global Auto,Meera,2,92339.07,184678.14,7.6,14035.54,170642.6,137746.96,32895.64,19.28,18.0,30715.67,6184.57,0,4.2,13,Finance
ORD202600918,2026-10-06 09:19:39.983319432,2026,10,Q4,Finland,Toronto,Vintage Cars,Petrol,Corporate,Dealer,Elite Cars,Daniel,12,23883.33,286600.01,5.6,16049.6,270550.41,213817.29,56733.12,20.97,18.0,48699.07,9059.23,0,4.0,12,Cash
ORD202600919,2026-10-06 16:36:49.841534612,2026,10,Q4,Switzerland,Mumbai,Motorcycles,Diesel,Retail,Direct Sales,AutoMax,Sofia,9,22736.09,204624.79,17.7,36218.59,168406.2,139620.6,28785.61,17.09,10.0,16840.62,4858.21,0,3.9,2,Bank Transfer
ORD202600920,2026-10-06 23:53:59.699749792,2026,10,Q4,Germany,Madrid,Classic Cars,Petrol,Retail,Direct Sales,Speed Wheels,Priya,4,78759.03,315036.12,5.3,16696.91,298339.21,234955.17,63384.04,21.25,18.0,53701.06,8582.55,0,4.7,2,Finance
ORD202600921,2026-10-07 07:11:09.557964972,2026,10,Q4,Singapore,Sydney,Vintage Cars,Petrol,Retail,Dealer,Elite Cars,Sofia,1,42023.41,42023.41,10.2,4286.39,37737.02,33598.76,4138.26,10.97,18.0,6792.66,689.28,1,3.5,7,Finance
ORD202600922,2026-10-07 14:28:19.416180152,2026,10,Q4,Singapore,Singapore,Trains,Petrol,Retail,Distributor,City Motors,Sofia,14,30046.78,420654.95,18.0,75717.89,344937.06,259500.25,85436.81,24.77,18.0,62088.67,14932.7,1,3.0,7,Credit Card
ORD202600923,2026-10-07 21:45:29.274395328,2026,10,Q4,Austria,Copenhagen,Classic Cars,Hybrid,Fleet,Direct Sales,Global Auto,Daniel,14,55069.7,770975.82,17.6,135691.75,635284.08,545087.88,90196.2,14.2,10.0,63528.41,12618.71,0,5.0,3,Finance
ORD202600924,2026-10-08 05:02:39.132610508,2026,10,Q4,Germany,New York,Ships,Hybrid,Retail,Distributor,City Motors,Priya,4,100984.21,403936.83,13.0,52511.79,351425.05,288579.36,62845.68,17.88,8.0,28114.0,14644.12,0,4.2,9,Credit Card
ORD202600925,2026-10-08 12:19:48.990825688,2026,10,Q4,USA,New York,Planes,Petrol,Retail,Direct Sales,Global Auto,Priya,9,162128.19,1459153.75,1.7,24805.61,1434348.13,1097550.84,336797.3,23.48,12.0,172121.78,75999.97,0,5.0,14,Credit Card
ORD202600926,2026-10-08 19:36:58.849040868,2026,10,Q4,Singapore,Manila,Classic Cars,Petrol,Corporate,Online,Elite Cars,Sofia,12,50538.65,606463.85,16.3,98853.61,507610.25,408339.4,99270.84,19.56,18.0,91369.84,20806.1,1,3.3,5,Cash
ORD202600927,2026-10-09 02:54:08.707256048,2026,10,Q4,Japan,Zurich,Classic Cars,Petrol,Corporate,Dealer,Elite Cars,Meera,4,80823.38,323293.51,4.0,12931.74,310361.77,214199.38,96162.39,30.98,5.0,15518.09,8188.62,0,3.7,11,Cash
ORD202600928,2026-10-09 10:11:18.565471228,2026,10,Q4,Australia,Manila,Trucks and Buses,Electric,Government,Online,Speed Wheels,Ananya,1,64971.65,64971.65,8.0,5197.73,59773.92,40915.82,18858.1,31.55,8.0,4781.91,2144.44,0,4.3,6,Finance
ORD202600929,2026-10-09 17:28:28.423686404,2026,10,Q4,Denmark,Singapore,Trucks and Buses,Electric,Corporate,Direct Sales,Prime Motors,Ananya,1,46477.43,46477.43,12.7,5902.63,40574.79,30407.97,10166.82,25.06,12.0,4868.98,2127.7,0,4.0,15,Credit Card
ORD202600930,2026-10-10 00:45:38.281901584,2026,10,Q4,Philippines,Zurich,Classic Cars,Petrol,Corporate,Dealer,Elite Cars,Arun,11,44028.63,484314.97,12.9,62476.63,421838.34,301306.97,120531.37,28.57,10.0,42183.83,20924.37,0,5.0,15,Bank Transfer
ORD202600931,2026-10-10 08:02:48.140116764,2026,10,Q4,Philippines,Paris,Planes,Petrol,Corporate,Dealer,Prime Motors,Arun,7,85759.16,600314.11,10.1,60631.73,539682.39,385534.74,154147.65,28.56,12.0,64761.89,27289.12,0,4.3,4,UPI
ORD202600932,2026-10-10 15:19:57.998331944,2026,10,Q4,Denmark,Toronto,Trucks and Buses,Hybrid,Corporate,Distributor,Prime Motors,Rahul,8,53151.47,425211.73,13.8,58679.22,366532.51,300242.33,66290.18,18.09,18.0,65975.85,18848.08,0,3.6,2,Bank Transfer
ORD202600933,2026-10-10 22:37:07.856547124,2026,10,Q4,Sweden,Paris,Trucks and Buses,Hybrid,Retail,Direct Sales,City Motors,Vikram,15,63796.95,956954.25,17.6,168423.95,788530.3,642936.13,145594.17,18.46,12.0,94623.64,21751.91,0,4.2,8,Finance
ORD202600934,2026-10-11 05:54:17.714762304,2026,10,Q4,Spain,Stockholm,Classic Cars,Diesel,Retail,Distributor,Speed Wheels,Karthik,1,74594.33,74594.33,13.8,10294.02,64300.31,44786.61,19513.7,30.35,12.0,7716.04,3299.59,0,4.0,2,Credit Card
ORD202600935,2026-10-11 13:11:27.572977480,2026,10,Q4,Japan,Singapore,Vintage Cars,Hybrid,Fleet,Online,Global Auto,Priya,14,65645.96,919043.46,2.0,18380.87,900662.59,693175.79,207486.81,23.04,10.0,90066.26,14468.91,0,3.8,10,Bank Transfer
ORD202600936,2026-10-11 20:28:37.431192660,2026,10,Q4,France,Mumbai,Vintage Cars,Petrol,Retail,Online,Speed Wheels,Sofia,2,64044.78,128089.56,6.4,8197.73,119891.83,104851.71,15040.12,12.54,18.0,21580.53,1811.82,0,4.1,12,Bank Transfer
ORD202600937,2026-10-12 03:45:47.289407840,2026,10,Q4,Finland,Toronto,Motorcycles,Diesel,Fleet,Direct Sales,Elite Cars,Ananya,1,14197.07,14197.07,16.6,2356.71,11840.36,9274.42,2565.94,21.67,10.0,1184.04,594.31,1,3.7,13,Cash
ORD202600938,2026-10-12 11:02:57.147623020,2026,10,Q4,Germany,Stockholm,Motorcycles,Electric,Fleet,Dealer,City Motors,Vikram,12,23259.61,279115.37,16.0,44658.46,234456.91,204232.07,30224.84,12.89,12.0,28134.83,11079.99,1,4.6,2,Cash
ORD202600939,2026-10-12 18:20:07.005838200,2026,10,Q4,Singapore,Manila,Trucks and Buses,Diesel,Retail,Online,Elite Cars,Meera,4,52158.3,208633.19,8.4,17525.19,191108.0,156288.24,34819.76,18.22,18.0,34399.44,9101.29,0,3.8,11,Credit Card
ORD202600940,2026-10-13 01:37:16.864053380,2026,10,Q4,Singapore,Toronto,Vintage Cars,Electric,Corporate,Direct Sales,Prime Motors,Arun,4,36846.21,147384.85,17.8,26234.5,121150.34,90002.55,31147.8,25.71,8.0,9692.03,2485.36,1,5.0,9,Bank Transfer
ORD202600941,2026-10-13 08:54:26.722268556,2026,10,Q4,France,Toronto,Vintage Cars,Hybrid,Retail,Distributor,Global Auto,Vikram,2,51715.69,103431.39,10.0,10343.14,93088.25,77615.17,15473.08,16.62,8.0,7447.06,2059.25,1,3.7,6,Finance
ORD202600942,2026-10-13 16:11:36.580483736,2026,10,Q4,Philippines,Toronto,Motorcycles,Petrol,Retail,Dealer,AutoMax,Meera,12,17170.71,206048.57,10.3,21223.0,184825.56,160286.52,24539.04,13.28,12.0,22179.07,7215.82,0,3.4,2,Bank Transfer
ORD202600943,2026-10-13 23:28:46.438698916,2026,10,Q4,Philippines,Toronto,Planes,Hybrid,Retail,Online,City Motors,Arun,1,95260.26,95260.26,13.3,12669.62,82590.65,71740.61,10850.04,13.14,5.0,4129.53,2953.84,0,3.5,5,Finance
ORD202600944,2026-10-14 06:45:56.296914096,2026,10,Q4,Finland,Madrid,Classic Cars,Petrol,Retail,Dealer,Global Auto,Rahul,3,28307.31,84921.94,12.2,10360.48,74561.47,58793.0,15768.47,21.15,12.0,8947.38,2277.15,0,4.8,10,Bank Transfer
ORD202600945,2026-10-14 14:03:06.155129276,2026,10,Q4,UK,Toronto,Trains,Diesel,Retail,Direct Sales,Global Auto,Vikram,5,74890.05,374450.26,13.7,51299.69,323150.58,254658.33,68492.25,21.2,12.0,38778.07,10418.75,1,3.9,8,Credit Card
ORD202600946,2026-10-14 21:20:16.013344456,2026,10,Q4,France,Sydney,Classic Cars,Petrol,Retail,Direct Sales,Prime Motors,Sneha,9,75382.61,678443.45,13.6,92268.31,586175.14,500181.36,85993.78,14.67,10.0,58617.51,14136.58,0,4.8,3,Bank Transfer
ORD202600947,2026-10-15 04:37:25.871559632,2026,10,Q4,Switzerland,Copenhagen,Vintage Cars,Petrol,Fleet,Dealer,City Motors,Karthik,13,45820.3,595663.94,4.6,27400.54,568263.4,437261.44,131001.96,23.05,10.0,56826.34,17240.82,0,3.3,9,Credit Card
ORD202600948,2026-10-15 11:54:35.729774812,2026,10,Q4,Sweden,New York,Motorcycles,Electric,Corporate,Direct Sales,City Motors,Priya,8,15075.28,120602.25,8.2,9889.38,110712.86,79392.86,31320.01,28.29,18.0,19928.32,5591.56,1,3.3,6,Cash
ORD202600949,2026-10-15 19:11:45.587989992,2026,10,Q4,UK,Mumbai,Motorcycles,Petrol,Fleet,Dealer,Speed Wheels,Arun,12,24736.19,296834.27,1.4,4155.68,292678.59,233505.41,59173.18,20.22,10.0,29267.86,13044.76,0,4.6,8,Credit Card
ORD202600950,2026-10-16 02:28:55.446205172,2026,10,Q4,Italy,Vienna,Trains,Diesel,Corporate,Dealer,Elite Cars,Sneha,9,51479.59,463316.31,16.1,74593.93,388722.39,284997.79,103724.6,26.68,5.0,19436.12,14021.21,0,4.1,3,Bank Transfer
ORD202600951,2026-10-16 09:46:05.304420352,2026,10,Q4,Australia,Vienna,Trucks and Buses,Diesel,Retail,Online,Global Auto,Sneha,3,70119.28,210357.85,1.1,2313.94,208043.91,159826.31,48217.6,23.18,18.0,37447.9,3556.06,0,3.3,3,UPI
ORD202600952,2026-10-16 17:03:15.162635528,2026,10,Q4,France,Copenhagen,Trucks and Buses,Diesel,Corporate,Dealer,AutoMax,Priya,4,74741.69,298966.78,12.0,35876.01,263090.77,227373.59,35717.17,13.58,10.0,26309.08,12969.47,0,4.2,6,Bank Transfer
ORD202600953,2026-10-17 00:20:25.020850708,2026,10,Q4,Canada,Berlin,Trucks and Buses,Petrol,Corporate,Dealer,Global Auto,Priya,4,59721.12,238884.5,6.9,16483.03,222401.47,168265.92,54135.54,24.34,10.0,22240.15,5275.9,0,3.6,11,Finance
ORD202600954,2026-10-17 07:37:34.879065888,2026,10,Q4,USA,Oslo,Trucks and Buses,Petrol,Government,Dealer,AutoMax,Karthik,11,121907.31,1340980.39,11.2,150189.8,1190790.59,959622.99,231167.6,19.41,10.0,119079.06,42243.68,1,3.7,9,Credit Card
ORD202600955,2026-10-17 14:54:44.737281068,2026,10,Q4,Philippines,Mumbai,Trains,Electric,Corporate,Online,Speed Wheels,Vikram,5,30999.71,154998.56,13.7,21234.8,133763.76,107290.87,26472.9,19.79,8.0,10701.1,6659.55,0,3.7,13,Credit Card
ORD202600956,2026-10-17 22:11:54.595496248,2026,10,Q4,Germany,Rome,Trucks and Buses,Electric,Retail,Direct Sales,Elite Cars,Daniel,15,111625.64,1674384.66,3.9,65301.0,1609083.66,1179435.67,429647.99,26.7,18.0,289635.06,82928.23,0,3.9,5,Credit Card
ORD202600957,2026-10-18 05:29:04.453711428,2026,10,Q4,Italy,Helsinki,Trucks and Buses,Hybrid,Corporate,Online,Speed Wheels,Karthik,7,80351.63,562461.44,10.5,59058.45,503402.99,389983.93,113419.06,22.53,12.0,60408.36,18641.07,0,4.2,2,Cash
ORD202600958,2026-10-18 12:46:14.311926604,2026,10,Q4,Germany,Berlin,Vintage Cars,Petrol,Retail,Online,AutoMax,Daniel,9,64275.39,578478.51,13.1,75780.69,502697.83,398555.61,104142.22,20.72,10.0,50269.78,21148.96,1,3.8,10,Credit Card
ORD202600959,2026-10-18 20:03:24.170141784,2026,10,Q4,Sweden,Copenhagen,Ships,Electric,Corporate,Online,Speed Wheels,Arun,5,58507.59,292537.95,3.7,10823.9,281714.05,238175.39,43538.66,15.45,8.0,22537.12,13094.29,0,4.5,9,Bank Transfer
ORD202600960,2026-10-19 03:20:34.028356964,2026,10,Q4,Denmark,Paris,Classic Cars,Diesel,Corporate,Direct Sales,Global Auto,Arun,10,46395.36,463953.57,5.7,26445.35,437508.21,363917.36,73590.85,16.82,8.0,35000.66,22141.93,0,4.3,7,Credit Card
ORD202600961,2026-10-19 10:37:43.886572144,2026,10,Q4,Finland,Rome,Classic Cars,Electric,Retail,Dealer,Global Auto,Sofia,12,42998.45,515981.41,5.2,26831.03,489150.38,370977.14,118173.24,24.16,18.0,88047.07,24191.3,0,4.5,13,Credit Card
ORD202600962,2026-10-19 17:54:53.744787324,2026,10,Q4,Philippines,London,Vintage Cars,Petrol,Retail,Direct Sales,Global Auto,Ananya,10,21280.04,212800.4,13.2,28089.65,184710.74,126229.27,58481.47,31.66,18.0,33247.93,7850.44,0,3.9,6,Credit Card
ORD202600963,2026-10-20 01:12:03.603002504,2026,10,Q4,Japan,Sydney,Classic Cars,Petrol,Corporate,Distributor,Prime Motors,Sofia,14,64153.8,898153.26,5.2,46703.97,851449.29,699743.37,151705.91,17.82,18.0,153260.87,20605.1,0,3.7,2,Cash
ORD202600964,2026-10-20 08:29:13.461217680,2026,10,Q4,Canada,Brussels,Trucks and Buses,Electric,Fleet,Dealer,City Motors,Sneha,8,72735.2,581881.63,17.2,100083.64,481797.99,419191.68,62606.31,12.99,18.0,86723.64,15790.23,0,3.9,2,Cash
ORD202600965,2026-10-20 15:46:23.319432860,2026,10,Q4,Norway,Sydney,Classic Cars,Electric,Corporate,Dealer,Speed Wheels,Priya,6,30782.26,184693.54,3.5,6464.27,178229.27,141959.6,36269.67,20.35,18.0,32081.27,5381.66,0,4.7,6,Credit Card
ORD202600966,2026-10-20 23:03:33.177648040,2026,10,Q4,Norway,Oslo,Planes,Electric,Government,Direct Sales,AutoMax,Arun,1,97308.15,97308.15,9.4,9146.97,88161.19,74147.38,14013.81,15.9,10.0,8816.12,3161.45,0,4.1,5,Bank Transfer
ORD202600967,2026-10-21 06:20:43.035863220,2026,10,Q4,Japan,London,Classic Cars,Diesel,Fleet,Distributor,Elite Cars,Ananya,14,85288.01,1194032.12,12.0,143283.85,1050748.26,842283.77,208464.5,19.84,10.0,105074.83,33275.05,1,4.8,3,UPI
ORD202600968,2026-10-21 13:37:52.894078400,2026,10,Q4,Austria,Zurich,Vintage Cars,Diesel,Government,Online,Global Auto,Daniel,1,40823.06,40823.06,10.8,4408.89,36414.17,28370.1,8044.06,22.09,10.0,3641.42,1622.82,0,3.3,8,Finance
ORD202600969,2026-10-21 20:55:02.752293580,2026,10,Q4,Norway,Tokyo,Planes,Petrol,Corporate,Direct Sales,Global Auto,Meera,2,61087.55,122175.1,0.2,244.35,121930.75,97559.67,24371.08,19.99,5.0,6096.54,2373.42,0,4.2,15,Credit Card
ORD202600970,2026-10-22 04:12:12.610508756,2026,10,Q4,UK,Paris,Vintage Cars,Diesel,Government,Direct Sales,Speed Wheels,Ananya,14,57322.33,802512.68,13.3,106734.19,695778.49,567595.11,128183.38,18.42,5.0,34788.92,10789.47,1,4.6,8,Finance
ORD202600971,2026-10-22 11:29:22.468723936,2026,10,Q4,Finland,London,Trains,Hybrid,Government,Distributor,Prime Motors,Rahul,7,39607.23,277250.59,12.3,34101.82,243148.77,173347.76,69801.01,28.71,18.0,43766.78,6705.96,0,4.0,15,Cash
ORD202600972,2026-10-22 18:46:32.326939116,2026,10,Q4,Canada,Helsinki,Classic Cars,Diesel,Fleet,Online,AutoMax,Sneha,4,74116.3,296465.21,4.6,13637.4,282827.81,197110.8,85717.01,30.31,10.0,28282.78,14441.18,1,4.6,2,UPI
ORD202600973,2026-10-23 02:03:42.185154296,2026,10,Q4,France,Manila,Ships,Hybrid,Retail,Online,AutoMax,Ananya,12,101428.34,1217140.08,8.0,97371.21,1119768.87,986993.05,132775.82,11.86,5.0,55988.44,27382.1,1,4.3,15,Finance
ORD202600974,2026-10-23 09:20:52.043369476,2026,10,Q4,Canada,Mumbai,Classic Cars,Petrol,Fleet,Distributor,Prime Motors,Meera,13,64689.45,840962.81,7.0,58867.4,782095.41,682536.13,99559.29,12.73,12.0,93851.45,40331.73,0,4.2,5,Finance
ORD202600975,2026-10-23 16:38:01.901584656,2026,10,Q4,Germany,Paris,Planes,Hybrid,Fleet,Online,Speed Wheels,Rahul,3,147613.56,442840.67,3.9,17270.79,425569.89,330330.12,95239.76,22.38,8.0,34045.59,19333.72,0,3.4,10,UPI
ORD202600976,2026-10-23 23:55:11.759799832,2026,10,Q4,Singapore,Toronto,Classic Cars,Hybrid,Fleet,Dealer,Elite Cars,Karthik,9,50692.98,456236.82,11.1,50642.29,405594.53,283470.74,122123.79,30.11,10.0,40559.45,18071.01,1,3.5,8,Bank Transfer
ORD202600977,2026-10-24 07:12:21.618015012,2026,10,Q4,Germany,Sydney,Motorcycles,Diesel,Corporate,Direct Sales,AutoMax,Sneha,5,23560.95,117804.76,6.4,7539.5,110265.25,84411.89,25853.37,23.45,8.0,8821.22,2272.07,0,3.2,4,UPI
ORD202600978,2026-10-24 14:29:31.476230192,2026,10,Q4,Finland,London,Trucks and Buses,Petrol,Retail,Online,City Motors,Meera,8,40807.55,326460.42,9.2,30034.36,296426.06,218938.78,77487.29,26.14,10.0,29642.61,5850.1,0,4.9,11,UPI
ORD202600979,2026-10-24 21:46:41.334445372,2026,10,Q4,Japan,Singapore,Motorcycles,Petrol,Retail,Direct Sales,City Motors,Sneha,1,32514.44,32514.44,0.1,32.51,32481.93,23272.44,9209.49,28.35,18.0,5846.75,1694.2,0,4.5,2,Cash
ORD202600980,2026-10-25 05:03:51.192660552,2026,10,Q4,France,Berlin,Classic Cars,Diesel,Fleet,Dealer,City Motors,Meera,3,78340.48,235021.45,3.5,8225.75,226795.7,181324.6,45471.09,20.05,18.0,40823.23,4955.92,1,4.4,14,Cash
ORD202600981,2026-10-25 12:21:01.050875732,2026,10,Q4,India,Oslo,Planes,Petrol,Retail,Distributor,Elite Cars,Arun,9,117001.61,1053014.51,1.2,12636.17,1040378.33,798495.54,241882.79,23.25,12.0,124845.4,24129.88,0,4.3,4,Bank Transfer
ORD202600982,2026-10-25 19:38:10.909090908,2026,10,Q4,Japan,Copenhagen,Classic Cars,Hybrid,Retail,Online,Global Auto,Sofia,3,92527.37,277582.1,10.4,28868.54,248713.56,177195.35,71518.21,28.76,8.0,19897.08,6526.55,0,4.3,9,Credit Card
ORD202600983,2026-10-26 02:55:20.767306088,2026,10,Q4,USA,Berlin,Ships,Petrol,Fleet,Dealer,Global Auto,Arun,5,171906.2,859531.01,2.5,21488.28,838042.74,686711.24,151331.5,18.06,18.0,150847.69,15537.89,0,3.9,15,Finance
ORD202600984,2026-10-26 10:12:30.625521268,2026,10,Q4,UK,Brussels,Vintage Cars,Electric,Fleet,Online,City Motors,Arun,10,54165.06,541650.57,14.9,80705.94,460944.64,314574.53,146370.1,31.75,10.0,46094.46,16282.28,1,4.2,11,Cash
ORD202600985,2026-10-26 17:29:40.483736448,2026,10,Q4,France,Berlin,Classic Cars,Electric,Fleet,Dealer,Elite Cars,Rahul,11,73834.07,812174.78,16.6,134821.01,677353.77,501957.54,175396.23,25.89,8.0,54188.3,18603.18,1,4.3,12,Bank Transfer
ORD202600986,2026-10-27 00:46:50.341951628,2026,10,Q4,Austria,Oslo,Classic Cars,Petrol,Retail,Online,Elite Cars,Priya,1,44616.63,44616.63,17.3,7718.68,36897.95,27566.77,9331.18,25.29,10.0,3689.8,1988.07,0,4.3,12,Cash
ORD202600987,2026-10-27 08:04:00.200166804,2026,10,Q4,Australia,Rome,Classic Cars,Electric,Retail,Dealer,Global Auto,Sofia,10,40890.15,408901.52,9.4,38436.74,370464.77,317083.95,53380.83,14.41,10.0,37046.48,14711.75,0,3.8,5,Bank Transfer
ORD202600988,2026-10-27 15:21:10.058381984,2026,10,Q4,France,Brussels,Trucks and Buses,Petrol,Corporate,Direct Sales,Prime Motors,Daniel,10,82556.55,825565.5,7.3,60266.28,765299.22,641302.94,123996.28,16.2,10.0,76529.92,27783.42,0,3.4,14,Cash
ORD202600989,2026-10-27 22:38:19.916597164,2026,10,Q4,Finland,Rome,Planes,Hybrid,Corporate,Direct Sales,Prime Motors,Priya,6,91492.68,548956.08,11.8,64776.82,484179.26,393565.46,90613.8,18.71,8.0,38734.34,8575.81,1,3.7,2,Bank Transfer
ORD202600990,2026-10-28 05:55:29.774812344,2026,10,Q4,Canada,Rome,Vintage Cars,Petrol,Retail,Online,Elite Cars,Rahul,11,50940.49,560345.37,1.8,10086.22,550259.16,462781.78,87477.37,15.9,18.0,99046.65,27286.7,0,4.0,15,Finance
ORD202600991,2026-10-28 13:12:39.633027524,2026,10,Q4,Denmark,Madrid,Motorcycles,Hybrid,Retail,Online,AutoMax,Rahul,10,12377.54,123775.35,10.1,12501.31,111274.04,92880.95,18393.1,16.53,18.0,20029.33,2540.9,1,4.8,8,Bank Transfer
ORD202600992,2026-10-28 20:29:49.491242704,2026,10,Q4,Spain,Berlin,Classic Cars,Diesel,Retail,Distributor,Speed Wheels,Rahul,3,70328.41,210985.23,4.2,8861.38,202123.85,143250.49,58873.36,29.13,8.0,16169.91,6327.32,0,4.9,8,Cash
ORD202600993,2026-10-29 03:46:59.349457880,2026,10,Q4,India,Sydney,Classic Cars,Petrol,Retail,Direct Sales,Prime Motors,Sneha,4,74933.15,299732.59,14.5,43461.23,256271.37,220271.74,35999.62,14.05,10.0,25627.14,13489.58,0,4.9,6,Bank Transfer
ORD202600994,2026-10-29 11:04:09.207673060,2026,10,Q4,India,Mumbai,Vintage Cars,Hybrid,Fleet,Dealer,City Motors,Karthik,11,56705.38,623759.15,7.8,48653.21,575105.94,439286.76,135819.17,23.62,18.0,103519.07,31031.44,0,4.1,11,Credit Card
ORD202600995,2026-10-29 18:21:19.065888240,2026,10,Q4,Finland,Berlin,Classic Cars,Diesel,Fleet,Online,City Motors,Rahul,12,31201.27,374415.23,0.8,2995.32,371419.91,300119.51,71300.39,19.2,18.0,66855.58,11688.54,0,4.9,13,Credit Card
ORD202600996,2026-10-30 01:38:28.924103420,2026,10,Q4,Austria,London,Ships,Petrol,Retail,Online,AutoMax,Ananya,15,73730.72,1105960.81,14.6,161470.28,944490.53,663362.74,281127.79,29.77,10.0,94449.05,34086.46,1,4.0,14,Finance
ORD202600997,2026-10-30 08:55:38.782318600,2026,10,Q4,Switzerland,Sydney,Ships,Petrol,Government,Dealer,AutoMax,Karthik,4,105051.46,420205.83,0.4,1680.82,418525.0,371243.71,47281.29,11.3,5.0,20926.25,21733.61,0,4.0,5,UPI
ORD202600998,2026-10-30 16:12:48.640533780,2026,10,Q4,Canada,Tokyo,Planes,Petrol,Retail,Dealer,City Motors,Priya,15,140402.26,2106033.92,13.3,280102.51,1825931.41,1397776.52,428154.9,23.45,10.0,182593.14,97962.09,1,4.1,7,Credit Card
ORD202600999,2026-10-30 23:29:58.498748956,2026,10,Q4,India,Tokyo,Planes,Diesel,Retail,Dealer,Elite Cars,Arun,12,154786.21,1857434.53,15.1,280472.61,1576961.91,1313603.02,263358.89,16.7,10.0,157696.19,32246.31,0,4.6,9,Bank Transfer
ORD202601000,2026-10-31 06:47:08.356964136,2026,10,Q4,France,Toronto,Planes,Petrol,Government,Dealer,City Motors,Karthik,1,99442.98,99442.98,10.1,10043.74,89399.24,68864.41,20534.83,22.97,10.0,8939.92,4303.53,0,4.5,12,Finance
ORD202601001,2026-10-31 14:04:18.215179316,2026,10,Q4,Germany,Stockholm,Classic Cars,Petrol,Retail,Dealer,Prime Motors,Daniel,14,59872.62,838216.68,3.9,32690.45,805526.23,683178.84,122347.39,15.19,12.0,96663.15,43295.67,0,4.0,3,UPI
ORD202601002,2026-10-31 21:21:28.073394496,2026,10,Q4,Austria,Helsinki,Motorcycles,Hybrid,Retail,Online,AutoMax,Priya,8,18413.8,147310.4,3.2,4713.93,142596.47,102211.28,40385.19,28.32,12.0,17111.58,2791.89,0,3.7,7,Bank Transfer
ORD202601003,2026-11-01 04:38:37.931609676,2026,11,Q4,India,New York,Vintage Cars,Diesel,Government,Online,City Motors,Daniel,13,41753.35,542793.57,3.8,20626.16,522167.42,396823.25,125344.16,24.0,12.0,62660.09,11444.65,0,4.6,5,Finance
ORD202601004,2026-11-01 11:55:47.789824856,2026,11,Q4,Spain,Stockholm,Classic Cars,Electric,Retail,Direct Sales,Prime Motors,Priya,10,52899.1,528991.05,9.9,52370.11,476620.94,423127.04,53493.9,11.22,10.0,47662.09,12873.86,0,3.9,3,Bank Transfer
ORD202601005,2026-11-01 19:12:57.648040032,2026,11,Q4,USA,Toronto,Trucks and Buses,Diesel,Government,Distributor,Global Auto,Karthik,5,122462.16,612310.81,3.9,23880.12,588430.69,402710.26,185720.43,31.56,12.0,70611.68,17843.69,0,3.8,6,Cash
ORD202601006,2026-11-02 02:30:07.506255212,2026,11,Q4,Switzerland,Tokyo,Vintage Cars,Hybrid,Government,Dealer,Elite Cars,Karthik,9,38314.7,344832.32,15.2,52414.51,292417.81,261624.89,30792.92,10.53,10.0,29241.78,7956.45,1,4.3,13,UPI
ORD202601007,2026-11-02 09:47:17.364470392,2026,11,Q4,Belgium,Paris,Trucks and Buses,Petrol,Retail,Direct Sales,Elite Cars,Karthik,12,55640.23,667682.79,0.7,4673.78,663009.01,537622.64,125386.36,18.91,10.0,66300.9,31379.36,0,3.3,3,Cash
ORD202601008,2026-11-02 17:04:27.222685572,2026,11,Q4,Italy,Singapore,Planes,Diesel,Government,Dealer,Speed Wheels,Sneha,8,117821.4,942571.22,16.5,155524.25,787046.97,626967.67,160079.3,20.34,5.0,39352.35,15284.07,0,3.7,11,Credit Card
ORD202601009,2026-11-03 00:21:37.080900752,2026,11,Q4,Philippines,Madrid,Ships,Petrol,Retail,Direct Sales,Prime Motors,Sneha,3,60459.28,181377.83,4.2,7617.87,173759.96,139951.5,33808.46,19.46,10.0,17376.0,5164.72,1,4.7,12,Cash
ORD202601010,2026-11-03 07:38:46.939115932,2026,11,Q4,UK,Oslo,Trucks and Buses,Petrol,Retail,Dealer,Elite Cars,Daniel,9,101257.49,911317.43,10.3,93865.69,817451.73,686300.12,131151.61,16.04,10.0,81745.17,30785.33,0,4.3,10,UPI
ORD202601011,2026-11-03 14:55:56.797331108,2026,11,Q4,Denmark,Brussels,Classic Cars,Petrol,Government,Direct Sales,Global Auto,Vikram,9,38707.37,348366.35,7.2,25082.38,323283.97,258068.64,65215.33,20.17,8.0,25862.72,16091.42,0,4.6,2,Credit Card
ORD202601012,2026-11-03 22:13:06.655546288,2026,11,Q4,Philippines,Singapore,Motorcycles,Petrol,Corporate,Direct Sales,Global Auto,Ananya,11,13715.53,150870.87,4.4,6638.32,144232.55,125471.59,18760.96,13.01,12.0,17307.91,3656.74,0,4.1,9,Cash
ORD202601013,2026-11-04 05:30:16.513761468,2026,11,Q4,Switzerland,Helsinki,Trucks and Buses,Electric,Retail,Dealer,Elite Cars,Sneha,10,59030.52,590305.16,3.0,17709.15,572596.0,500094.47,72501.53,12.66,10.0,57259.6,13310.87,0,3.8,8,UPI
ORD202601014,2026-11-04 12:47:26.371976648,2026,11,Q4,Denmark,Singapore,Motorcycles,Electric,Retail,Dealer,Elite Cars,Sneha,8,16295.97,130367.76,16.2,21119.58,109248.19,89635.32,19612.87,17.95,10.0,10924.82,2871.64,0,4.1,3,Cash
ORD202601015,2026-11-04 20:04:36.230191828,2026,11,Q4,Sweden,Manila,Classic Cars,Diesel,Government,Direct Sales,AutoMax,Priya,13,33324.36,433216.71,9.6,41588.8,391627.91,282940.63,108687.28,27.75,12.0,46995.35,10580.24,0,4.5,13,Bank Transfer
ORD202601016,2026-11-05 03:21:46.088407008,2026,11,Q4,Italy,Stockholm,Motorcycles,Petrol,Corporate,Dealer,AutoMax,Sneha,12,17132.24,205586.84,6.0,12335.21,193251.63,138871.09,54380.54,28.14,12.0,23190.2,6039.05,1,4.0,6,Finance
ORD202601017,2026-11-05 10:38:55.946622184,2026,11,Q4,Canada,Helsinki,Trucks and Buses,Electric,Corporate,Online,Global Auto,Sneha,2,57253.31,114506.62,9.0,10305.6,104201.03,86361.46,17839.57,17.12,8.0,8336.08,5399.09,0,3.9,6,Cash
ORD202601018,2026-11-05 17:56:05.804837364,2026,11,Q4,Germany,Toronto,Vintage Cars,Hybrid,Retail,Distributor,AutoMax,Sofia,5,52691.11,263455.57,0.9,2371.1,261084.47,221563.29,39521.18,15.14,10.0,26108.45,5777.64,1,3.7,7,Cash
ORD202601019,2026-11-06 01:13:15.663052544,2026,11,Q4,Philippines,Stockholm,Classic Cars,Diesel,Retail,Distributor,Global Auto,Karthik,6,46613.88,279683.27,1.5,4195.25,275488.02,201060.73,74427.29,27.02,18.0,49587.84,11977.82,1,5.0,14,Finance
ORD202601020,2026-11-06 08:30:25.521267724,2026,11,Q4,Australia,Berlin,Vintage Cars,Petrol,Retail,Direct Sales,AutoMax,Sneha,14,34442.93,482200.98,11.2,54006.51,428194.47,305440.47,122754.0,28.67,10.0,42819.45,17609.91,0,4.6,15,UPI
ORD202601021,2026-11-06 15:47:35.379482904,2026,11,Q4,Germany,Brussels,Planes,Diesel,Corporate,Dealer,AutoMax,Sofia,3,191116.41,573349.24,12.7,72815.35,500533.89,447102.78,53431.11,10.67,12.0,60064.07,12030.4,0,4.2,6,Cash
ORD202601022,2026-11-06 23:04:45.237698084,2026,11,Q4,Finland,Vienna,Classic Cars,Petrol,Retail,Distributor,City Motors,Sofia,11,46196.46,508161.04,12.4,63011.97,445149.07,370730.21,74418.86,16.72,12.0,53417.89,10916.89,0,4.8,13,Bank Transfer
ORD202601023,2026-11-07 06:21:55.095913260,2026,11,Q4,Japan,Oslo,Motorcycles,Petrol,Corporate,Dealer,AutoMax,Daniel,12,34060.68,408728.17,10.8,44142.64,364585.52,256177.82,108407.7,29.73,18.0,65625.39,7734.1,0,3.6,3,Bank Transfer
ORD202601024,2026-11-07 13:39:04.954128440,2026,11,Q4,UK,Rome,Ships,Petrol,Corporate,Online,Global Auto,Rahul,8,137965.43,1103723.47,3.9,43045.22,1060678.26,846904.61,213773.64,20.15,12.0,127281.39,32811.2,0,3.6,4,UPI
ORD202601025,2026-11-07 20:56:14.812343620,2026,11,Q4,India,Toronto,Trucks and Buses,Hybrid,Fleet,Dealer,AutoMax,Rahul,8,92035.75,736285.98,3.6,26506.3,709779.68,582917.1,126862.59,17.87,5.0,35488.98,19021.7,1,3.8,4,Cash
ORD202601026,2026-11-08 04:13:24.670558800,2026,11,Q4,Australia,Zurich,Trains,Diesel,Fleet,Direct Sales,City Motors,Ananya,4,41802.18,167208.7,15.3,25582.93,141625.77,117056.65,24569.12,17.35,18.0,25492.64,4286.5,0,4.3,10,Cash
ORD202601027,2026-11-08 11:30:34.528773980,2026,11,Q4,Norway,Paris,Ships,Diesel,Retail,Online,Prime Motors,Daniel,2,73163.59,146327.18,17.6,25753.58,120573.6,86288.95,34284.65,28.43,5.0,6028.68,5527.0,0,3.6,8,Cash
ORD202601028,2026-11-08 18:47:44.386989156,2026,11,Q4,Switzerland,Helsinki,Classic Cars,Hybrid,Retail,Dealer,City Motors,Vikram,6,51644.74,309868.47,8.2,25409.21,284459.25,198883.59,85575.67,30.08,10.0,28445.93,6613.86,1,3.4,7,Cash
ORD202601029,2026-11-09 02:04:54.245204336,2026,11,Q4,Philippines,Zurich,Vintage Cars,Petrol,Corporate,Dealer,Elite Cars,Vikram,2,31499.83,62999.66,13.1,8252.96,54746.71,37738.12,17008.58,31.07,8.0,4379.74,1401.23,0,4.3,11,Cash
ORD202601030,2026-11-09 09:22:04.103419516,2026,11,Q4,Sweden,Toronto,Classic Cars,Diesel,Retail,Distributor,Speed Wheels,Meera,8,46383.41,371067.28,5.4,20037.63,351029.65,280183.32,70846.33,20.18,12.0,42123.56,10175.04,0,4.1,9,UPI
ORD202601031,2026-11-09 16:39:13.961634696,2026,11,Q4,Finland,Copenhagen,Motorcycles,Petrol,Retail,Dealer,Global Auto,Daniel,15,14945.66,224184.92,3.9,8743.21,215441.71,191754.63,23687.08,10.99,18.0,38779.51,7443.7,0,4.7,6,Finance
ORD202601032,2026-11-09 23:56:23.819849876,2026,11,Q4,Japan,Singapore,Trucks and Buses,Electric,Retail,Distributor,Speed Wheels,Daniel,1,92470.86,92470.86,7.4,6842.84,85628.02,65298.74,20329.28,23.74,8.0,6850.24,2063.25,0,3.9,10,UPI
ORD202601033,2026-11-10 07:13:33.678065056,2026,11,Q4,Switzerland,Helsinki,Trains,Petrol,Retail,Direct Sales,Elite Cars,Priya,4,51319.83,205279.3,0.6,1231.68,204047.63,180251.75,23795.88,11.66,12.0,24485.72,5120.5,1,4.3,6,UPI
ORD202601034,2026-11-10 14:30:43.536280232,2026,11,Q4,Austria,Zurich,Trains,Diesel,Retail,Distributor,Speed Wheels,Arun,7,33115.13,231805.89,4.5,10431.26,221374.62,186947.76,34426.87,15.55,8.0,17709.97,3443.54,0,4.8,4,Bank Transfer
ORD202601035,2026-11-10 21:47:53.394495412,2026,11,Q4,UK,Helsinki,Vintage Cars,Petrol,Retail,Online,Speed Wheels,Arun,4,60411.66,241646.63,17.3,41804.87,199841.77,158307.16,41534.61,20.78,5.0,9992.09,4958.03,0,4.4,2,UPI
ORD202601036,2026-11-11 05:05:03.252710592,2026,11,Q4,Italy,Zurich,Trucks and Buses,Hybrid,Corporate,Distributor,AutoMax,Daniel,12,81806.62,981679.41,9.6,94241.22,887438.19,750000.04,137438.15,15.49,8.0,70995.05,14822.73,0,4.9,6,UPI
ORD202601037,2026-11-11 12:22:13.110925772,2026,11,Q4,Italy,New York,Vintage Cars,Hybrid,Corporate,Direct Sales,Speed Wheels,Priya,6,54774.19,328645.12,13.4,44038.45,284606.67,244270.56,40336.11,14.17,10.0,28460.67,5065.3,0,4.0,7,Bank Transfer
ORD202601038,2026-11-11 19:39:22.969140952,2026,11,Q4,India,Brussels,Trucks and Buses,Petrol,Retail,Online,Global Auto,Vikram,1,101780.97,101780.97,7.6,7735.35,94045.62,68378.93,25666.68,27.29,12.0,11285.47,2365.72,0,4.8,11,Credit Card
ORD202601039,2026-11-12 02:56:32.827356132,2026,11,Q4,Norway,Oslo,Vintage Cars,Electric,Retail,Direct Sales,Prime Motors,Priya,11,30964.47,340609.16,3.5,11921.32,328687.84,268037.3,60650.54,18.45,10.0,32868.78,11199.0,0,4.2,3,Cash
ORD202601040,2026-11-12 10:13:42.685571308,2026,11,Q4,Canada,Stockholm,Trains,Petrol,Government,Online,City Motors,Sneha,11,50136.83,551505.12,13.5,74453.19,477051.93,347949.6,129102.33,27.06,10.0,47705.19,19226.98,0,3.6,12,Credit Card
ORD202601041,2026-11-12 17:30:52.543786488,2026,11,Q4,Finland,Vienna,Trucks and Buses,Petrol,Retail,Dealer,AutoMax,Sneha,2,41123.38,82246.75,8.1,6661.99,75584.77,59909.84,15674.92,20.74,18.0,13605.26,1595.93,0,4.1,12,Credit Card
ORD202601042,2026-11-13 00:48:02.402001668,2026,11,Q4,France,Mumbai,Classic Cars,Hybrid,Retail,Distributor,Speed Wheels,Ananya,8,82439.41,659515.31,4.8,31656.73,627858.57,435913.43,191945.15,30.57,10.0,62785.86,32366.07,1,3.2,7,Credit Card
ORD202601043,2026-11-13 08:05:12.260216848,2026,11,Q4,Norway,Copenhagen,Planes,Electric,Corporate,Dealer,AutoMax,Karthik,4,82315.84,329263.34,12.4,40828.65,288434.69,248138.77,40295.92,13.97,18.0,51918.24,13530.56,0,4.1,13,Credit Card
ORD202601044,2026-11-13 15:22:22.118432028,2026,11,Q4,Singapore,Paris,Motorcycles,Hybrid,Retail,Direct Sales,Global Auto,Daniel,15,13936.18,209042.68,14.1,29475.02,179567.67,126687.09,52880.58,29.45,12.0,21548.12,3005.46,0,3.7,14,Credit Card
ORD202601045,2026-11-13 22:39:31.976647208,2026,11,Q4,Austria,Manila,Ships,Petrol,Retail,Dealer,Speed Wheels,Rahul,7,59839.18,418874.24,11.9,49846.03,369028.2,304400.03,64628.17,17.51,18.0,66425.08,6917.96,1,3.4,3,UPI
ORD202601046,2026-11-14 05:56:41.834862384,2026,11,Q4,Italy,Rome,Trains,Petrol,Fleet,Direct Sales,Speed Wheels,Vikram,2,42951.8,85903.6,12.9,11081.56,74822.03,57327.35,17494.69,23.38,18.0,13467.97,3005.61,1,4.2,10,Cash
ORD202601047,2026-11-14 13:13:51.693077564,2026,11,Q4,Finland,Berlin,Ships,Diesel,Retail,Dealer,Elite Cars,Sneha,10,60067.71,600677.1,2.2,13214.9,587462.2,451272.5,136189.7,23.18,10.0,58746.22,32270.82,0,2.7,5,UPI
ORD202601048,2026-11-14 20:31:01.551292744,2026,11,Q4,Spain,Oslo,Motorcycles,Diesel,Fleet,Online,City Motors,Karthik,5,17930.73,89653.66,2.1,1882.73,87770.93,76137.77,11633.16,13.25,10.0,8777.09,1421.34,0,4.1,7,Credit Card
ORD202601049,2026-11-15 03:48:11.409507924,2026,11,Q4,USA,Madrid,Vintage Cars,Petrol,Retail,Distributor,Elite Cars,Ananya,9,73694.06,663246.51,0.3,1989.74,661256.77,460184.58,201072.2,30.41,12.0,79350.81,30283.8,1,4.5,14,Credit Card
ORD202601050,2026-11-15 11:05:21.267723104,2026,11,Q4,Japan,Rome,Trucks and Buses,Hybrid,Fleet,Direct Sales,Prime Motors,Karthik,9,85733.77,771603.93,6.5,50154.26,721449.67,512313.19,209136.48,28.99,12.0,86573.96,30077.14,0,5.0,4,Finance
ORD202601051,2026-11-15 18:22:31.125938284,2026,11,Q4,Japan,London,Trucks and Buses,Electric,Corporate,Dealer,AutoMax,Sofia,1,108802.73,108802.73,11.1,12077.1,96725.63,73108.32,23617.31,24.42,10.0,9672.56,3439.53,1,4.1,11,Bank Transfer
ORD202601052,2026-11-16 01:39:40.984153460,2026,11,Q4,Spain,Berlin,Classic Cars,Petrol,Fleet,Online,Global Auto,Sneha,12,59822.26,717867.11,7.9,56711.5,661155.61,582753.14,78402.47,11.86,10.0,66115.56,21438.74,1,3.3,9,UPI
ORD202601053,2026-11-16 08:56:50.842368640,2026,11,Q4,Spain,Copenhagen,Trains,Petrol,Retail,Online,Global Auto,Rahul,2,48114.63,96229.27,4.7,4522.78,91706.49,75838.48,15868.01,17.3,10.0,9170.65,2382.64,0,5.0,14,UPI
ORD202601054,2026-11-16 16:14:00.700583820,2026,11,Q4,Finland,London,Trains,Hybrid,Retail,Distributor,Elite Cars,Vikram,5,36949.43,184747.17,13.0,24017.13,160730.04,141827.59,18902.46,11.76,8.0,12858.4,6965.42,0,3.4,9,UPI
ORD202601055,2026-11-16 23:31:10.558799000,2026,11,Q4,Japan,Vienna,Classic Cars,Electric,Retail,Dealer,Elite Cars,Vikram,7,73788.23,516517.64,11.9,61465.6,455052.04,365095.16,89956.88,19.77,5.0,22752.6,24473.7,0,3.3,4,UPI
ORD202601056,2026-11-17 06:48:20.417014180,2026,11,Q4,Finland,Manila,Motorcycles,Electric,Retail,Dealer,Global Auto,Ananya,12,17592.62,211111.4,3.3,6966.68,204144.73,178866.39,25278.34,12.38,10.0,20414.47,5625.74,0,2.6,3,Credit Card
ORD202601057,2026-11-17 14:05:30.275229360,2026,11,Q4,Australia,Sydney,Planes,Hybrid,Retail,Dealer,Prime Motors,Meera,11,75564.53,831209.79,15.3,127175.1,704034.69,511831.65,192203.04,27.3,12.0,84484.16,36854.73,1,4.4,15,Cash
ORD202601058,2026-11-17 21:22:40.133444536,2026,11,Q4,Sweden,Toronto,Planes,Petrol,Fleet,Distributor,AutoMax,Sofia,14,107764.69,1508705.62,8.5,128239.98,1380465.64,1046369.18,334096.46,24.2,18.0,248483.82,46649.37,1,4.4,9,Bank Transfer
ORD202601059,2026-11-18 04:39:49.991659716,2026,11,Q4,Norway,Vienna,Ships,Petrol,Fleet,Dealer,AutoMax,Sofia,5,89879.07,449395.33,14.2,63814.14,385581.19,303220.19,82361.01,21.36,8.0,30846.5,12098.24,1,4.3,13,Finance
ORD202601060,2026-11-18 11:56:59.849874896,2026,11,Q4,Japan,Helsinki,Trucks and Buses,Petrol,Retail,Online,AutoMax,Sofia,12,68608.3,823299.56,0.3,2469.9,820829.66,620542.55,200287.11,24.4,10.0,82082.97,30254.57,1,4.6,6,UPI
ORD202601061,2026-11-18 19:14:09.708090076,2026,11,Q4,Austria,Singapore,Trucks and Buses,Hybrid,Fleet,Dealer,Elite Cars,Ananya,9,40630.74,365676.63,15.4,56314.2,309362.43,222553.64,86808.79,28.06,12.0,37123.49,5648.18,0,4.0,11,Bank Transfer
ORD202601062,2026-11-19 02:31:19.566305256,2026,11,Q4,Austria,Helsinki,Classic Cars,Diesel,Corporate,Online,AutoMax,Rahul,14,50096.8,701355.24,9.5,66628.75,634726.49,522030.76,112695.73,17.76,8.0,50778.12,20231.12,0,2.8,2,Cash
ORD202601063,2026-11-19 09:48:29.424520436,2026,11,Q4,UK,New York,Motorcycles,Diesel,Retail,Dealer,Speed Wheels,Vikram,9,31478.25,283304.21,3.7,10482.26,272821.95,233657.44,39164.51,14.36,5.0,13641.1,9413.97,1,3.9,2,UPI
ORD202601064,2026-11-19 17:05:39.282735612,2026,11,Q4,Finland,Copenhagen,Motorcycles,Electric,Corporate,Direct Sales,Elite Cars,Karthik,8,13926.1,111408.78,3.8,4233.53,107175.25,95025.57,12149.68,11.34,12.0,12861.03,3642.85,0,3.5,10,UPI
ORD202601065,2026-11-20 00:22:49.140950792,2026,11,Q4,Philippines,Toronto,Vintage Cars,Petrol,Corporate,Distributor,City Motors,Arun,1,27726.58,27726.58,2.8,776.34,26950.23,22308.75,4641.48,17.22,5.0,1347.51,1112.78,0,4.2,7,UPI
ORD202601066,2026-11-20 07:39:58.999165972,2026,11,Q4,Philippines,Helsinki,Trains,Petrol,Corporate,Distributor,City Motors,Arun,3,25114.05,75342.15,17.7,13335.56,62006.59,45581.64,16424.95,26.49,8.0,4960.53,2460.81,1,4.7,4,Finance
ORD202601067,2026-11-20 14:57:08.857381152,2026,11,Q4,Finland,Copenhagen,Classic Cars,Diesel,Retail,Dealer,Prime Motors,Meera,15,49503.84,742557.64,11.5,85394.13,657163.51,553774.85,103388.67,15.73,12.0,78859.62,29712.57,0,4.9,11,UPI
ORD202601068,2026-11-20 22:14:18.715596332,2026,11,Q4,Singapore,Singapore,Classic Cars,Petrol,Retail,Dealer,AutoMax,Arun,1,43177.67,43177.67,9.0,3885.99,39291.68,27141.55,12150.13,30.92,18.0,7072.5,2060.05,0,4.4,12,Finance
ORD202601069,2026-11-21 05:31:28.573811508,2026,11,Q4,Denmark,London,Ships,Diesel,Retail,Dealer,Prime Motors,Vikram,10,57195.16,571951.55,13.7,78357.36,493594.19,389787.19,103807.0,21.03,10.0,49359.42,13167.64,1,4.8,3,Finance
ORD202601070,2026-11-21 12:48:38.432026688,2026,11,Q4,Sweden,Helsinki,Planes,Electric,Fleet,Direct Sales,City Motors,Sneha,11,79332.07,872652.73,1.6,13962.44,858690.29,686565.9,172124.39,20.04,10.0,85869.03,43509.33,1,4.2,12,Cash
ORD202601071,2026-11-21 20:05:48.290241868,2026,11,Q4,Norway,Copenhagen,Classic Cars,Diesel,Retail,Direct Sales,Global Auto,Daniel,1,38544.34,38544.34,6.3,2428.29,36116.05,30194.04,5922.01,16.4,18.0,6500.89,1664.1,0,4.3,14,Bank Transfer
ORD202601072,2026-11-22 03:22:58.148457048,2026,11,Q4,Italy,Paris,Trains,Hybrid,Fleet,Direct Sales,City Motors,Vikram,6,35529.66,213177.93,11.8,25155.0,188022.94,158497.12,29525.82,15.7,18.0,33844.13,8947.04,0,4.0,12,UPI
ORD202601073,2026-11-22 10:40:08.006672228,2026,11,Q4,Philippines,Toronto,Vintage Cars,Petrol,Government,Direct Sales,Speed Wheels,Daniel,9,31231.7,281085.32,14.7,41319.54,239765.78,185450.72,54315.06,22.65,12.0,28771.89,9322.15,0,4.2,13,Credit Card
ORD202601074,2026-11-22 17:57:17.864887408,2026,11,Q4,Belgium,Copenhagen,Planes,Hybrid,Retail,Online,Global Auto,Ananya,8,86012.7,688101.63,3.5,24083.56,664018.08,559817.25,104200.83,15.69,10.0,66401.81,32070.45,0,4.1,4,Finance
ORD202601075,2026-11-23 01:14:27.723102584,2026,11,Q4,Belgium,Berlin,Trucks and Buses,Hybrid,Retail,Online,Elite Cars,Vikram,4,41408.73,165634.92,3.0,4969.05,160665.87,129992.59,30673.28,19.09,12.0,19279.9,2579.41,0,3.5,13,Credit Card
ORD202601076,2026-11-23 08:31:37.581317764,2026,11,Q4,Australia,Madrid,Motorcycles,Electric,Retail,Online,Elite Cars,Ananya,2,18751.32,37502.65,15.5,5812.91,31689.74,26402.02,5287.71,16.69,10.0,3168.97,595.29,0,4.5,13,UPI
ORD202601077,2026-11-23 15:48:47.439532944,2026,11,Q4,Austria,Mumbai,Trains,Electric,Fleet,Direct Sales,Speed Wheels,Meera,6,32718.06,196308.35,7.6,14919.43,181388.92,155679.66,25709.25,14.17,10.0,18138.89,7580.21,0,4.0,2,Cash
ORD202601078,2026-11-23 23:05:57.297748124,2026,11,Q4,Philippines,Vienna,Motorcycles,Petrol,Retail,Direct Sales,AutoMax,Sofia,11,15417.63,169593.92,6.6,11193.2,158400.72,137762.17,20638.54,13.03,18.0,28512.13,8232.65,0,3.9,11,Cash
ORD202601079,2026-11-24 06:23:07.155963304,2026,11,Q4,Spain,Rome,Vintage Cars,Petrol,Corporate,Dealer,Prime Motors,Sneha,13,46848.72,609033.39,5.5,33496.84,575536.56,427013.5,148523.06,25.81,10.0,57553.66,9062.83,1,4.5,8,Credit Card
ORD202601080,2026-11-24 13:40:17.014178484,2026,11,Q4,Philippines,Berlin,Planes,Diesel,Retail,Dealer,Elite Cars,Rahul,4,95483.6,381934.41,11.1,42394.72,339539.69,278538.32,61001.38,17.97,10.0,33953.97,9788.72,0,3.8,12,UPI
ORD202601081,2026-11-24 20:57:26.872393660,2026,11,Q4,India,New York,Trucks and Buses,Diesel,Fleet,Dealer,Prime Motors,Vikram,3,99602.92,298808.76,0.1,298.81,298509.95,265207.56,33302.39,11.16,18.0,53731.79,11219.68,0,4.8,15,Credit Card
ORD202601082,2026-11-25 04:14:36.730608840,2026,11,Q4,Canada,Oslo,Motorcycles,Petrol,Corporate,Dealer,Global Auto,Sofia,10,25040.24,250402.37,16.2,40565.18,209837.18,159537.53,50299.65,23.97,18.0,37770.69,10515.38,0,2.5,11,Credit Card
ORD202601083,2026-11-25 11:31:46.588824020,2026,11,Q4,Philippines,Paris,Vintage Cars,Diesel,Retail,Dealer,Global Auto,Daniel,8,24255.33,194042.68,4.1,7955.75,186086.93,166261.81,19825.12,10.65,8.0,14886.95,5857.37,0,4.2,2,UPI
ORD202601084,2026-11-25 18:48:56.447039200,2026,11,Q4,Austria,Vienna,Vintage Cars,Electric,Retail,Dealer,Elite Cars,Rahul,7,28286.07,198002.47,7.0,13860.17,184142.3,141741.59,42400.71,23.03,10.0,18414.23,4422.55,1,3.4,9,Bank Transfer
ORD202601085,2026-11-26 02:06:06.305254380,2026,11,Q4,Spain,Berlin,Ships,Diesel,Fleet,Online,Prime Motors,Vikram,3,98979.06,296937.19,4.2,12471.36,284465.82,199354.63,85111.19,29.92,8.0,22757.27,8322.53,1,3.7,5,Finance
ORD202601086,2026-11-26 09:23:16.163469560,2026,11,Q4,Norway,Rome,Classic Cars,Petrol,Retail,Online,AutoMax,Sneha,5,52200.94,261004.71,4.6,12006.22,248998.49,223724.6,25273.89,10.15,12.0,29879.82,6820.94,1,4.8,10,Credit Card
ORD202601087,2026-11-26 16:40:26.021684736,2026,11,Q4,Germany,Singapore,Motorcycles,Diesel,Retail,Direct Sales,Speed Wheels,Karthik,13,26104.79,339362.28,12.4,42080.92,297281.36,220582.29,76699.07,25.8,18.0,53510.64,12226.28,0,2.8,10,Cash
ORD202601088,2026-11-26 23:57:35.879899916,2026,11,Q4,Singapore,Mumbai,Classic Cars,Petrol,Retail,Online,Elite Cars,Priya,4,43295.59,173182.36,14.5,25111.44,148070.92,130661.11,17409.81,11.76,10.0,14807.09,3508.59,0,4.7,9,Bank Transfer
ORD202601089,2026-11-27 07:14:45.738115096,2026,11,Q4,Australia,Zurich,Ships,Diesel,Retail,Dealer,Speed Wheels,Rahul,9,71421.54,642793.86,11.0,70707.32,572086.54,422494.72,149591.82,26.15,10.0,57208.65,14323.78,0,4.6,5,Finance
ORD202601090,2026-11-27 14:31:55.596330276,2026,11,Q4,Switzerland,Sydney,Vintage Cars,Hybrid,Fleet,Distributor,Elite Cars,Karthik,6,40137.35,240824.11,5.0,12041.21,228782.91,158742.77,70040.14,30.61,10.0,22878.29,11279.74,0,4.3,11,Cash
ORD202601091,2026-11-27 21:49:05.454545456,2026,11,Q4,Philippines,Helsinki,Classic Cars,Diesel,Fleet,Distributor,City Motors,Meera,1,29954.6,29954.6,17.7,5301.96,24652.64,21321.38,3331.26,13.51,5.0,1232.63,1307.54,0,5.0,13,Finance
ORD202601092,2026-11-28 05:06:15.312760636,2026,11,Q4,Canada,New York,Planes,Electric,Fleet,Direct Sales,Elite Cars,Daniel,6,125618.95,753713.7,8.4,63311.95,690401.75,612348.53,78053.22,11.31,8.0,55232.14,13115.63,1,4.3,7,Bank Transfer
ORD202601093,2026-11-28 12:23:25.170975812,2026,11,Q4,Canada,Toronto,Ships,Hybrid,Fleet,Online,City Motors,Sofia,10,99418.89,994188.9,17.9,177959.81,816229.09,575399.05,240830.04,29.51,8.0,65298.33,20298.85,0,3.4,10,Finance
ORD202601094,2026-11-28 19:40:35.029190992,2026,11,Q4,Finland,New York,Planes,Petrol,Retail,Distributor,AutoMax,Vikram,10,72614.48,726144.84,0.3,2178.43,723966.41,569734.61,154231.79,21.3,8.0,57917.31,27222.89,0,3.2,12,UPI
ORD202601095,2026-11-29 02:57:44.887406172,2026,11,Q4,Philippines,Singapore,Vintage Cars,Diesel,Corporate,Direct Sales,Elite Cars,Arun,7,26358.87,184512.06,17.9,33027.66,151484.4,108843.23,42641.17,28.15,10.0,15148.44,7337.67,0,4.6,3,UPI
ORD202601096,2026-11-29 10:14:54.745621352,2026,11,Q4,Finland,Paris,Vintage Cars,Petrol,Retail,Online,AutoMax,Daniel,5,24824.17,124120.83,15.1,18742.25,105378.58,71850.01,33528.57,31.82,12.0,12645.43,4171.98,0,3.6,14,Credit Card
ORD202601097,2026-11-29 17:32:04.603836532,2026,11,Q4,Switzerland,Madrid,Trains,Petrol,Retail,Direct Sales,Prime Motors,Ananya,8,40355.3,322842.4,7.0,22598.97,300243.43,242112.76,58130.67,19.36,10.0,30024.34,16284.17,1,5.0,15,Credit Card
ORD202601098,2026-11-30 00:49:14.462051712,2026,11,Q4,Spain,Rome,Motorcycles,Petrol,Corporate,Online,Global Auto,Karthik,8,22241.78,177934.27,6.3,11209.86,166724.41,113969.83,52754.57,31.64,18.0,30010.39,6016.45,0,3.9,3,Finance
ORD202601099,2026-11-30 08:06:24.320266888,2026,11,Q4,Switzerland,London,Vintage Cars,Diesel,Retail,Dealer,Speed Wheels,Daniel,5,33094.51,165472.54,17.4,28792.22,136680.32,102221.44,34458.88,25.21,18.0,24602.46,3484.7,0,4.6,2,Cash
ORD202601100,2026-11-30 15:23:34.178482068,2026,11,Q4,Canada,New York,Ships,Hybrid,Fleet,Online,Elite Cars,Rahul,2,97165.99,194331.98,4.5,8744.94,185587.04,145682.89,39904.15,21.5,8.0,14846.96,4426.46,1,3.1,4,Cash
ORD202601101,2026-11-30 22:40:44.036697248,2026,11,Q4,Switzerland,Rome,Classic Cars,Hybrid,Fleet,Online,Prime Motors,Vikram,2,42233.19,84466.37,1.0,844.66,83621.71,68249.4,15372.31,18.38,18.0,15051.91,1529.09,0,4.9,14,UPI
ORD202601102,2026-12-01 05:57:53.894912428,2026,12,Q4,France,Sydney,Vintage Cars,Hybrid,Retail,Dealer,Prime Motors,Priya,3,59603.75,178811.26,3.2,5721.96,173089.3,148586.01,24503.29,14.16,10.0,17308.93,3329.66,0,3.7,3,UPI
ORD202601103,2026-12-01 13:15:03.753127608,2026,12,Q4,Australia,Vienna,Classic Cars,Diesel,Corporate,Distributor,Speed Wheels,Arun,10,52672.21,526722.06,10.5,55305.82,471416.25,404500.27,66915.98,14.19,18.0,84854.92,13743.76,0,3.9,14,Credit Card
ORD202601104,2026-12-01 20:32:13.611342784,2026,12,Q4,Finland,Toronto,Planes,Petrol,Fleet,Dealer,Speed Wheels,Sofia,1,85110.66,85110.66,16.2,13787.93,71322.74,58694.74,12628.0,17.71,5.0,3566.14,3416.48,0,4.2,12,Cash
ORD202601105,2026-12-02 03:49:23.469557964,2026,12,Q4,Singapore,Helsinki,Ships,Petrol,Government,Direct Sales,Elite Cars,Vikram,9,103945.16,935506.42,11.7,109454.25,826052.17,646830.3,179221.87,21.7,8.0,66084.17,39544.58,1,4.7,10,Finance
ORD202601106,2026-12-02 11:06:33.327773144,2026,12,Q4,Australia,Stockholm,Classic Cars,Electric,Fleet,Online,Elite Cars,Vikram,12,55123.42,661481.05,15.2,100545.12,560935.93,433632.87,127303.06,22.69,10.0,56093.59,28273.21,1,4.7,8,Cash
ORD202601107,2026-12-02 18:23:43.185988324,2026,12,Q4,Australia,Sydney,Classic Cars,Petrol,Retail,Dealer,Speed Wheels,Rahul,14,56026.27,784367.76,14.0,109811.49,674556.27,596350.51,78205.76,11.59,5.0,33727.81,35082.17,1,4.6,2,Cash
ORD202601108,2026-12-03 01:40:53.044203504,2026,12,Q4,Singapore,New York,Vintage Cars,Electric,Retail,Dealer,Global Auto,Priya,14,29337.27,410721.74,13.4,55036.71,355685.03,262324.81,93360.22,26.25,12.0,42682.2,13363.97,0,3.1,11,Cash
ORD202601109,2026-12-03 08:58:02.902418684,2026,12,Q4,Spain,Stockholm,Planes,Diesel,Corporate,Dealer,Elite Cars,Vikram,12,113658.56,1363902.67,12.3,167760.03,1196142.65,1007673.14,188469.5,15.76,18.0,215305.68,61721.02,0,4.4,8,Credit Card
ORD202601110,2026-12-03 16:15:12.760633860,2026,12,Q4,Australia,Mumbai,Trains,Hybrid,Retail,Direct Sales,Speed Wheels,Priya,7,36725.79,257080.52,9.1,23394.33,233686.19,163482.86,70203.33,30.04,10.0,23368.62,10211.89,0,3.1,15,Bank Transfer
ORD202601111,2026-12-03 23:32:22.618849040,2026,12,Q4,Canada,Zurich,Planes,Petrol,Retail,Dealer,Prime Motors,Vikram,12,106136.09,1273633.08,2.0,25472.66,1248160.42,1089131.58,159028.84,12.74,8.0,99852.83,28633.74,1,4.3,11,UPI
ORD202601112,2026-12-04 06:49:32.477064220,2026,12,Q4,Philippines,Berlin,Classic Cars,Petrol,Corporate,Online,Elite Cars,Ananya,15,31308.49,469627.32,3.6,16906.58,452720.74,358548.69,94172.05,20.8,10.0,45272.07,8800.12,1,4.5,2,Cash
ORD202601113,2026-12-04 14:06:42.335279400,2026,12,Q4,Spain,London,Classic Cars,Hybrid,Retail,Dealer,Global Auto,Ananya,5,68584.7,342923.51,7.6,26062.19,316861.32,224746.7,92114.63,29.07,5.0,15843.07,7696.03,1,3.5,9,UPI
ORD202601114,2026-12-04 21:23:52.193494580,2026,12,Q4,India,Mumbai,Vintage Cars,Diesel,Fleet,Online,City Motors,Vikram,11,62288.16,685169.79,11.8,80850.03,604319.75,456620.07,147699.68,24.44,12.0,72518.37,17478.52,1,4.8,9,Cash
ORD202601115,2026-12-05 04:41:02.051709760,2026,12,Q4,Germany,Copenhagen,Classic Cars,Diesel,Corporate,Online,Elite Cars,Daniel,2,68025.43,136050.87,13.9,18911.07,117139.8,98042.44,19097.36,16.3,8.0,9371.18,5626.4,0,3.8,8,Cash
ORD202601116,2026-12-05 11:58:11.909924936,2026,12,Q4,Spain,Copenhagen,Classic Cars,Petrol,Government,Dealer,City Motors,Rahul,8,66376.98,531015.82,16.8,89210.66,441805.17,384792.69,57012.48,12.9,12.0,53016.62,13487.44,0,3.8,2,Bank Transfer
ORD202601117,2026-12-05 19:15:21.768140116,2026,12,Q4,Belgium,Brussels,Motorcycles,Hybrid,Corporate,Direct Sales,Global Auto,Rahul,6,13622.56,81735.36,7.8,6375.36,75360.0,58225.75,17134.25,22.74,18.0,13564.8,2716.86,0,3.9,8,Bank Transfer
ORD202601118,2026-12-06 02:32:31.626355296,2026,12,Q4,Germany,Rome,Trucks and Buses,Hybrid,Retail,Dealer,Speed Wheels,Ananya,8,112171.62,897372.93,12.1,108582.12,788790.81,557188.51,231602.29,29.36,8.0,63103.26,14525.61,0,4.6,13,Cash
ORD202601119,2026-12-06 09:49:41.484570476,2026,12,Q4,USA,Mumbai,Planes,Petrol,Retail,Direct Sales,AutoMax,Rahul,14,142699.68,1997795.51,1.3,25971.34,1971824.16,1400705.32,571118.84,28.96,18.0,354928.35,58629.39,1,4.3,10,UPI
ORD202601120,2026-12-06 17:06:51.342785656,2026,12,Q4,Italy,Oslo,Vintage Cars,Petrol,Fleet,Distributor,Global Auto,Priya,13,54636.44,710273.78,12.3,87363.68,622910.11,453017.89,169892.21,27.27,10.0,62291.01,29628.61,1,3.9,2,Credit Card
ORD202601121,2026-12-07 00:24:01.201000836,2026,12,Q4,Sweden,Paris,Vintage Cars,Hybrid,Corporate,Online,Elite Cars,Priya,5,38570.94,192854.68,12.5,24106.83,168747.84,115801.12,52946.73,31.38,12.0,20249.74,6738.66,0,3.8,9,Cash
ORD202601122,2026-12-07 07:41:11.059216012,2026,12,Q4,Denmark,Oslo,Classic Cars,Petrol,Retail,Dealer,Global Auto,Arun,15,51692.01,775380.09,16.9,131039.24,644340.85,540003.18,104337.68,16.19,12.0,77320.9,30527.34,1,4.2,10,Credit Card
ORD202601123,2026-12-07 14:58:20.917431192,2026,12,Q4,Japan,Berlin,Trucks and Buses,Diesel,Retail,Online,Prime Motors,Sneha,7,92152.36,645066.5,0.9,5805.6,639260.9,503505.05,135755.85,21.24,18.0,115066.96,34576.45,0,3.4,4,Cash
ORD202601124,2026-12-07 22:15:30.775646372,2026,12,Q4,Canada,Copenhagen,Trucks and Buses,Hybrid,Retail,Dealer,City Motors,Sofia,7,58386.57,408705.96,17.0,69480.01,339225.95,242209.1,97016.85,28.6,10.0,33922.59,9901.39,0,4.4,5,Cash
ORD202601125,2026-12-08 05:32:40.633861552,2026,12,Q4,Austria,Sydney,Classic Cars,Petrol,Retail,Direct Sales,Prime Motors,Vikram,6,47115.63,282693.78,1.4,3957.71,278736.06,229969.02,48767.05,17.5,12.0,33448.33,10900.29,0,4.3,11,Finance
ORD202601126,2026-12-08 12:49:50.492076732,2026,12,Q4,USA,Berlin,Classic Cars,Electric,Corporate,Dealer,AutoMax,Rahul,7,68646.57,480525.96,7.6,36519.97,444005.98,333111.72,110894.26,24.98,12.0,53280.72,13338.03,0,5.0,10,UPI
ORD202601127,2026-12-08 20:07:00.350291912,2026,12,Q4,Austria,Paris,Classic Cars,Petrol,Corporate,Online,Speed Wheels,Sofia,5,39548.9,197744.52,11.4,22542.88,175201.65,148011.13,27190.52,15.52,10.0,17520.16,9270.63,0,4.1,2,Bank Transfer
ORD202601128,2026-12-09 03:24:10.208507088,2026,12,Q4,France,Toronto,Vintage Cars,Hybrid,Fleet,Online,City Motors,Arun,13,39948.5,519330.51,9.1,47259.08,472071.44,358845.48,113225.96,23.98,18.0,84972.86,21068.67,0,3.5,15,Cash
ORD202601129,2026-12-09 10:41:20.066722268,2026,12,Q4,Belgium,Brussels,Classic Cars,Petrol,Retail,Dealer,Prime Motors,Ananya,14,50892.76,712498.64,9.3,66262.37,646236.26,509192.69,137043.57,21.21,18.0,116322.53,34131.12,1,3.9,4,Cash
ORD202601130,2026-12-09 17:58:29.924937448,2026,12,Q4,USA,Zurich,Motorcycles,Petrol,Retail,Dealer,City Motors,Priya,12,31660.14,379921.7,0.3,1139.77,378781.94,327571.94,51210.0,13.52,12.0,45453.83,11738.15,0,3.9,7,UPI
ORD202601131,2026-12-10 01:15:39.783152628,2026,12,Q4,Sweden,Oslo,Vintage Cars,Diesel,Retail,Distributor,Global Auto,Daniel,12,35894.79,430737.52,16.6,71502.43,359235.09,320341.87,38893.22,10.83,12.0,43108.21,6481.37,0,4.2,4,Credit Card
ORD202601132,2026-12-10 08:32:49.641367808,2026,12,Q4,India,Brussels,Trucks and Buses,Diesel,Retail,Online,City Motors,Vikram,3,87129.26,261387.79,15.5,40515.11,220872.69,166451.04,54421.64,24.64,8.0,17669.81,9568.61,0,4.2,9,Bank Transfer
ORD202601133,2026-12-10 15:49:59.499582988,2026,12,Q4,Australia,Stockholm,Motorcycles,Diesel,Corporate,Dealer,AutoMax,Sofia,10,18368.41,183684.06,0.4,734.74,182949.32,148437.96,34511.36,18.86,8.0,14635.95,8783.11,0,5.0,8,Cash
ORD202601134,2026-12-10 23:07:09.357798164,2026,12,Q4,Austria,Paris,Motorcycles,Hybrid,Corporate,Distributor,Global Auto,Karthik,14,13411.52,187761.24,5.1,9575.82,178185.42,159499.04,18686.38,10.49,18.0,32073.38,7454.76,0,4.0,11,Finance
ORD202601135,2026-12-11 06:24:19.216013344,2026,12,Q4,Japan,Paris,Planes,Electric,Retail,Direct Sales,City Motors,Sofia,11,125667.37,1382341.03,15.7,217027.54,1165313.49,851225.75,314087.74,26.95,18.0,209756.43,43753.65,0,3.3,5,Credit Card
ORD202601136,2026-12-11 13:41:29.074228524,2026,12,Q4,Sweden,Vienna,Vintage Cars,Electric,Retail,Dealer,City Motors,Karthik,12,40607.55,487290.63,3.8,18517.04,468773.59,417332.77,51440.82,10.97,18.0,84379.25,20708.59,1,3.0,9,Bank Transfer
ORD202601137,2026-12-11 20:58:38.932443704,2026,12,Q4,Sweden,Oslo,Trains,Petrol,Fleet,Dealer,Global Auto,Ananya,11,26627.56,292903.18,6.4,18745.8,274157.37,202243.77,71913.6,26.23,12.0,32898.88,5957.51,1,4.4,9,Finance
ORD202601138,2026-12-12 04:15:48.790658884,2026,12,Q4,Germany,Oslo,Vintage Cars,Diesel,Government,Online,AutoMax,Daniel,14,67683.39,947567.44,10.1,95704.31,851863.13,617292.05,234571.08,27.54,8.0,68149.05,29941.74,0,3.6,4,Finance
ORD202601139,2026-12-12 11:32:58.648874064,2026,12,Q4,Italy,Brussels,Trucks and Buses,Electric,Fleet,Dealer,Global Auto,Meera,13,83454.67,1084910.71,16.1,174670.62,910240.08,775719.32,134520.76,14.78,5.0,45512.0,28684.65,0,4.2,5,UPI
ORD202601140,2026-12-12 18:50:08.507089240,2026,12,Q4,Spain,Singapore,Motorcycles,Diesel,Retail,Online,Global Auto,Priya,13,24646.73,320407.55,1.3,4165.3,316242.25,269332.99,46909.27,14.83,5.0,15812.11,16999.28,0,3.5,11,UPI
ORD202601141,2026-12-13 02:07:18.365304420,2026,12,Q4,Japan,Oslo,Trucks and Buses,Diesel,Retail,Online,Global Auto,Vikram,13,65129.68,846685.88,8.5,71968.3,774717.58,693448.51,81269.07,10.49,18.0,139449.16,16830.38,0,4.6,6,Credit Card
ORD202601142,2026-12-13 09:24:28.223519600,2026,12,Q4,Singapore,Manila,Motorcycles,Petrol,Retail,Online,AutoMax,Vikram,14,15069.3,210970.18,9.5,20042.17,190928.01,171698.03,19229.98,10.07,12.0,22911.36,4083.37,0,3.8,2,Credit Card
ORD202601143,2026-12-13 16:41:38.081734780,2026,12,Q4,Switzerland,Berlin,Vintage Cars,Petrol,Corporate,Distributor,Speed Wheels,Meera,12,41286.77,495441.21,9.5,47066.91,448374.29,310530.27,137844.03,30.74,8.0,35869.94,23423.66,0,3.0,7,Cash
ORD202601144,2026-12-13 23:58:47.939949960,2026,12,Q4,Switzerland,Madrid,Planes,Petrol,Retail,Dealer,Prime Motors,Arun,13,87795.87,1141346.29,8.0,91307.7,1050038.59,920976.45,129062.13,12.29,18.0,189006.95,18752.27,1,3.1,4,UPI
ORD202601145,2026-12-14 07:15:57.798165136,2026,12,Q4,Sweden,Tokyo,Vintage Cars,Electric,Retail,Dealer,Speed Wheels,Vikram,15,36381.14,545717.14,8.1,44203.09,501514.05,436745.7,64768.36,12.91,5.0,25075.7,12343.69,0,4.1,10,Credit Card
ORD202601146,2026-12-14 14:33:07.656380316,2026,12,Q4,Germany,Singapore,Vintage Cars,Diesel,Retail,Distributor,AutoMax,Karthik,11,65324.67,718571.4,16.2,116408.57,602162.83,500658.88,101503.96,16.86,5.0,30108.14,17978.72,0,4.7,14,Finance
ORD202601147,2026-12-14 21:50:17.514595496,2026,12,Q4,Finland,Stockholm,Motorcycles,Petrol,Retail,Direct Sales,City Motors,Sofia,6,15664.31,93985.86,7.7,7236.91,86748.95,74028.77,12720.18,14.66,18.0,15614.81,2101.83,0,4.7,7,Credit Card
ORD202601148,2026-12-15 05:07:27.372810676,2026,12,Q4,Italy,Zurich,Trucks and Buses,Hybrid,Government,Dealer,Global Auto,Rahul,4,52717.5,210869.98,4.0,8434.8,202435.18,149320.73,53114.45,26.24,18.0,36438.33,8530.04,1,3.7,9,Bank Transfer
ORD202601149,2026-12-15 12:24:37.231025856,2026,12,Q4,Denmark,Vienna,Planes,Petrol,Retail,Distributor,Prime Motors,Arun,10,76441.75,764417.46,11.0,84085.92,680331.54,595655.98,84675.56,12.45,12.0,81639.79,24204.41,0,3.7,2,Finance
ORD202601150,2026-12-15 19:41:47.089241036,2026,12,Q4,Finland,Brussels,Trucks and Buses,Petrol,Corporate,Online,Prime Motors,Sofia,9,54586.72,491280.49,14.7,72218.23,419062.26,328999.0,90063.26,21.49,18.0,75431.21,14538.38,0,4.5,14,Credit Card
ORD202601151,2026-12-16 02:58:56.947456212,2026,12,Q4,Spain,Tokyo,Vintage Cars,Diesel,Corporate,Dealer,City Motors,Rahul,5,52139.43,260697.13,2.0,5213.94,255483.18,208416.18,47067.01,18.42,12.0,30657.98,13944.85,0,5.0,12,Cash
ORD202601152,2026-12-16 10:16:06.805671392,2026,12,Q4,Italy,Tokyo,Classic Cars,Electric,Retail,Online,Elite Cars,Vikram,13,70151.65,911971.45,0.3,2735.91,909235.53,805537.84,103697.69,11.4,8.0,72738.84,23105.91,1,4.1,8,Credit Card
ORD202601153,2026-12-16 17:33:16.663886572,2026,12,Q4,Norway,Madrid,Ships,Electric,Retail,Distributor,Speed Wheels,Meera,14,82834.96,1159689.46,12.2,141482.11,1018207.34,873383.24,144824.1,14.22,18.0,183277.32,51201.2,0,4.3,12,UPI
ORD202601154,2026-12-17 00:50:26.522101752,2026,12,Q4,Austria,New York,Classic Cars,Petrol,Retail,Online,AutoMax,Karthik,14,57457.3,804402.18,8.5,68374.18,736027.99,582032.36,153995.63,20.92,18.0,132485.04,29360.4,1,3.2,2,UPI
ORD202601155,2026-12-17 08:07:36.380316932,2026,12,Q4,Germany,Sydney,Planes,Petrol,Government,Direct Sales,Elite Cars,Priya,13,160940.67,2092228.74,10.5,219684.02,1872544.72,1452336.41,420208.31,22.44,10.0,187254.47,84855.02,0,4.7,5,UPI
ORD202601156,2026-12-17 15:24:46.238532112,2026,12,Q4,UK,London,Vintage Cars,Electric,Retail,Online,Prime Motors,Sneha,11,57450.83,631959.09,5.1,32229.91,599729.17,435159.54,164569.63,27.44,10.0,59972.92,13427.29,0,4.1,9,Cash
ORD202601157,2026-12-17 22:41:56.096747288,2026,12,Q4,Italy,Madrid,Motorcycles,Hybrid,Retail,Distributor,Speed Wheels,Sneha,15,19911.06,298665.89,4.7,14037.3,284628.59,214369.51,70259.09,24.68,10.0,28462.86,14179.99,0,4.2,9,Credit Card
ORD202601158,2026-12-18 05:59:05.954962468,2026,12,Q4,Philippines,Tokyo,Planes,Hybrid,Retail,Online,Elite Cars,Priya,7,93724.51,656071.58,10.5,68887.52,587184.06,427952.08,159231.98,27.12,8.0,46974.72,31852.89,0,4.0,2,UPI
ORD202601159,2026-12-18 13:16:15.813177648,2026,12,Q4,Belgium,Stockholm,Classic Cars,Hybrid,Retail,Dealer,Elite Cars,Daniel,7,36404.35,254830.46,4.7,11977.03,242853.42,178097.69,64755.73,26.66,12.0,29142.41,9464.09,1,4.3,5,Bank Transfer
ORD202601160,2026-12-18 20:33:25.671392828,2026,12,Q4,Sweden,Toronto,Vintage Cars,Hybrid,Fleet,Online,Global Auto,Ananya,11,35188.22,387070.37,16.0,61931.26,325139.11,224087.85,101051.26,31.08,12.0,39016.69,7880.56,0,3.5,3,Finance
ORD202601161,2026-12-19 03:50:35.529608008,2026,12,Q4,USA,Toronto,Trains,Diesel,Corporate,Dealer,City Motors,Karthik,8,71012.29,568098.31,13.0,73852.78,494245.53,430451.39,63794.14,12.91,8.0,39539.64,26817.38,0,4.6,7,Finance
ORD202601162,2026-12-19 11:07:45.387823188,2026,12,Q4,Denmark,Madrid,Vintage Cars,Diesel,Fleet,Distributor,Elite Cars,Daniel,13,38788.71,504253.19,9.6,48408.31,455844.88,350998.13,104846.75,23.0,12.0,54701.39,16692.56,0,4.0,15,Bank Transfer
ORD202601163,2026-12-19 18:24:55.246038364,2026,12,Q4,UK,London,Motorcycles,Electric,Corporate,Dealer,City Motors,Ananya,2,23975.37,47950.74,15.8,7576.22,40374.53,31311.32,9063.21,22.45,18.0,7267.41,1875.68,1,3.7,2,Finance
ORD202601164,2026-12-20 01:42:05.104253544,2026,12,Q4,Sweden,Stockholm,Motorcycles,Diesel,Corporate,Online,Elite Cars,Arun,10,15695.68,156956.83,17.3,27153.53,129803.3,107723.45,22079.85,17.01,18.0,23364.59,2141.53,0,5.0,4,Cash
ORD202601165,2026-12-20 08:59:14.962468724,2026,12,Q4,Denmark,Vienna,Vintage Cars,Electric,Corporate,Direct Sales,Prime Motors,Arun,11,27863.27,306495.94,14.3,43828.92,262667.02,178703.51,83963.51,31.97,12.0,31520.04,11206.33,0,3.7,10,UPI
ORD202601166,2026-12-20 16:16:24.820683904,2026,12,Q4,Canada,Berlin,Classic Cars,Electric,Government,Dealer,AutoMax,Meera,15,57795.38,866930.68,13.0,112700.99,754229.69,657187.02,97042.68,12.87,8.0,60338.38,13228.34,0,3.2,13,Credit Card
ORD202601167,2026-12-20 23:33:34.678899084,2026,12,Q4,India,Manila,Classic Cars,Electric,Corporate,Dealer,City Motors,Vikram,9,61720.88,555487.95,8.4,46660.99,508826.96,348811.39,160015.57,31.45,12.0,61059.23,17572.42,1,4.2,11,Credit Card
ORD202601168,2026-12-21 06:50:44.537114264,2026,12,Q4,Germany,Oslo,Trucks and Buses,Hybrid,Retail,Dealer,AutoMax,Sneha,2,113853.55,227707.09,8.9,20265.93,207441.16,176935.72,30505.44,14.71,10.0,20744.12,7527.24,0,3.9,4,UPI
ORD202601169,2026-12-21 14:07:54.395329440,2026,12,Q4,Italy,Stockholm,Motorcycles,Petrol,Corporate,Dealer,City Motors,Meera,11,20070.86,220779.47,1.5,3311.69,217467.78,188203.6,29264.18,13.46,10.0,21746.78,7971.88,0,3.3,6,Cash
ORD202601170,2026-12-21 21:25:04.253544620,2026,12,Q4,Belgium,Paris,Vintage Cars,Hybrid,Retail,Online,Speed Wheels,Priya,6,27323.27,163939.62,9.9,16230.02,147709.6,132006.3,15703.3,10.63,18.0,26587.73,7716.78,0,3.3,5,Cash
ORD202601171,2026-12-22 04:42:14.111759800,2026,12,Q4,Belgium,Vienna,Trucks and Buses,Diesel,Retail,Dealer,Prime Motors,Vikram,15,60265.09,903976.36,9.0,81357.87,822618.49,665989.39,156629.1,19.04,18.0,148071.33,37848.46,0,4.5,12,Bank Transfer
ORD202601172,2026-12-22 11:59:23.969974980,2026,12,Q4,France,Zurich,Motorcycles,Diesel,Fleet,Dealer,Global Auto,Sofia,11,22207.2,244279.24,17.4,42504.59,201774.65,180578.64,21196.01,10.5,8.0,16141.97,9932.16,0,4.5,15,Cash
ORD202601173,2026-12-22 19:16:33.828190160,2026,12,Q4,Denmark,London,Trains,Petrol,Retail,Dealer,Global Auto,Meera,9,28711.55,258403.95,6.1,15762.64,242641.31,212905.29,29736.02,12.26,10.0,24264.13,6735.91,0,4.1,12,Credit Card
ORD202601174,2026-12-23 02:33:43.686405340,2026,12,Q4,Denmark,Sydney,Motorcycles,Diesel,Retail,Dealer,Prime Motors,Sofia,12,13361.44,160337.28,0.1,160.34,160176.94,120839.09,39337.85,24.56,10.0,16017.69,5937.76,1,4.6,9,Bank Transfer
ORD202601175,2026-12-23 09:50:53.544620516,2026,12,Q4,Spain,Madrid,Trucks and Buses,Petrol,Retail,Dealer,Elite Cars,Rahul,3,75578.02,226734.06,14.0,31742.77,194991.29,160080.52,34910.77,17.9,8.0,15599.3,5826.53,0,4.5,15,Bank Transfer
ORD202601176,2026-12-23 17:08:03.402835696,2026,12,Q4,Austria,Toronto,Trucks and Buses,Diesel,Corporate,Dealer,AutoMax,Sofia,7,54617.39,382321.75,15.5,59259.87,323061.88,261541.34,61520.54,19.04,10.0,32306.19,15564.6,0,4.8,6,UPI
ORD202601177,2026-12-24 00:25:13.261050876,2026,12,Q4,India,Stockholm,Classic Cars,Hybrid,Corporate,Distributor,Speed Wheels,Rahul,14,80127.61,1121786.56,6.9,77403.27,1044383.29,855970.88,188412.41,18.04,8.0,83550.66,56435.44,1,3.9,8,Bank Transfer
ORD202601178,2026-12-24 07:42:23.119266056,2026,12,Q4,Italy,Vienna,Classic Cars,Hybrid,Retail,Online,Prime Motors,Meera,8,53610.44,428883.56,2.5,10722.09,418161.47,368531.23,49630.24,11.87,12.0,50179.38,21951.55,0,4.6,7,UPI
ORD202601179,2026-12-24 14:59:32.977481236,2026,12,Q4,Austria,Mumbai,Trucks and Buses,Petrol,Corporate,Online,AutoMax,Arun,9,45382.4,408441.56,5.5,22464.29,385977.27,338263.09,47714.18,12.36,8.0,30878.18,17373.65,1,4.5,9,Cash
ORD202601180,2026-12-24 22:16:42.835696416,2026,12,Q4,India,Vienna,Classic Cars,Hybrid,Retail,Online,Prime Motors,Sneha,7,53727.9,376095.31,12.2,45883.63,330211.68,296862.0,33349.68,10.1,5.0,16510.58,9424.41,0,4.1,12,Credit Card
ORD202601181,2026-12-25 05:33:52.693911592,2026,12,Q4,Sweden,Helsinki,Classic Cars,Hybrid,Corporate,Distributor,Prime Motors,Priya,3,50479.15,151437.46,3.0,4543.12,146894.33,117438.5,29455.83,20.05,5.0,7344.72,5282.43,0,4.2,4,Cash
ORD202601182,2026-12-25 12:51:02.552126772,2026,12,Q4,Singapore,Mumbai,Motorcycles,Petrol,Retail,Online,Speed Wheels,Rahul,3,15476.48,46429.45,4.4,2042.9,44386.55,31703.37,12683.18,28.57,8.0,3550.92,732.93,1,3.8,13,Credit Card
ORD202601183,2026-12-25 20:08:12.410341952,2026,12,Q4,Finland,Toronto,Trucks and Buses,Diesel,Retail,Dealer,Elite Cars,Sofia,13,38998.29,506977.81,3.1,15716.31,491261.5,370742.36,120519.14,24.53,5.0,24563.07,24352.7,1,4.0,13,UPI
ORD202601184,2026-12-26 03:25:22.268557132,2026,12,Q4,Sweden,Stockholm,Motorcycles,Electric,Retail,Dealer,AutoMax,Karthik,11,14260.44,156864.86,14.2,22274.81,134590.05,100672.71,33917.34,25.2,8.0,10767.2,5594.96,0,4.0,2,Bank Transfer
ORD202601185,2026-12-26 10:42:32.126772312,2026,12,Q4,Canada,Singapore,Trains,Hybrid,Corporate,Distributor,City Motors,Vikram,9,45888.87,412999.86,5.3,21888.99,391110.86,336297.39,54813.47,14.01,8.0,31288.87,11971.14,0,4.7,13,Credit Card
ORD202601186,2026-12-26 17:59:41.984987488,2026,12,Q4,Germany,Rome,Vintage Cars,Diesel,Corporate,Dealer,Prime Motors,Vikram,8,64179.53,513436.26,1.0,5134.36,508301.9,400071.07,108230.83,21.29,8.0,40664.15,22903.01,0,2.7,10,Finance
ORD202601187,2026-12-27 01:16:51.843202668,2026,12,Q4,Finland,Madrid,Trucks and Buses,Hybrid,Retail,Direct Sales,Prime Motors,Priya,15,34756.19,521342.86,8.7,45356.83,475986.03,336769.14,139216.89,29.25,5.0,23799.3,11353.96,0,4.5,5,Credit Card
ORD202601188,2026-12-27 08:34:01.701417848,2026,12,Q4,Sweden,Vienna,Trucks and Buses,Petrol,Corporate,Online,Elite Cars,Meera,11,39281.66,432098.24,3.8,16419.73,415678.5,332943.26,82735.24,19.9,5.0,20783.93,19775.87,0,3.7,2,Bank Transfer
ORD202601189,2026-12-27 15:51:11.559633028,2026,12,Q4,Canada,Paris,Classic Cars,Petrol,Corporate,Distributor,Global Auto,Priya,13,64743.97,841671.67,0.4,3366.69,838304.98,632909.31,205395.67,24.5,18.0,150894.9,18085.71,0,4.1,4,Cash
ORD202601190,2026-12-27 23:08:21.417848208,2026,12,Q4,Italy,Madrid,Planes,Hybrid,Retail,Distributor,Elite Cars,Arun,7,143740.27,1006181.86,2.6,26160.73,980021.13,837538.18,142482.95,14.54,18.0,176403.8,16440.35,0,3.8,9,Finance
ORD202601191,2026-12-28 06:25:31.276063388,2026,12,Q4,Spain,London,Classic Cars,Petrol,Corporate,Distributor,Elite Cars,Karthik,10,43762.16,437621.62,4.9,21443.46,416178.16,298374.58,117803.57,28.31,12.0,49941.38,11915.53,0,4.0,12,Finance
ORD202601192,2026-12-28 13:42:41.134278564,2026,12,Q4,Norway,Mumbai,Classic Cars,Electric,Fleet,Dealer,Global Auto,Arun,8,43440.64,347525.08,16.4,56994.11,290530.97,206458.32,84072.65,28.94,18.0,52295.57,8610.28,0,4.1,5,Finance
ORD202601193,2026-12-28 20:59:50.992493744,2026,12,Q4,Singapore,Manila,Planes,Petrol,Retail,Direct Sales,Global Auto,Vikram,15,111961.22,1679418.24,10.3,172980.08,1506438.16,1332746.6,173691.56,11.53,12.0,180772.58,51480.2,0,3.7,3,Finance
ORD202601194,2026-12-29 04:17:00.850708924,2026,12,Q4,Finland,Paris,Trains,Petrol,Retail,Dealer,Prime Motors,Sneha,11,28908.14,317989.55,13.2,41974.62,276014.93,196757.81,79257.13,28.71,10.0,27601.49,5877.84,0,3.5,4,Finance
ORD202601195,2026-12-29 11:34:10.708924104,2026,12,Q4,Austria,London,Classic Cars,Electric,Retail,Dealer,City Motors,Rahul,3,54855.74,164567.22,10.8,17773.26,146793.96,120572.83,26221.13,17.86,10.0,14679.4,6321.44,0,4.8,11,Cash
ORD202601196,2026-12-29 18:51:20.567139284,2026,12,Q4,Denmark,Tokyo,Classic Cars,Electric,Fleet,Dealer,Prime Motors,Daniel,12,38189.48,458273.76,4.6,21080.59,437193.17,301646.47,135546.7,31.0,10.0,43719.32,7306.64,1,3.3,7,Finance
ORD202601197,2026-12-30 02:08:30.425354464,2026,12,Q4,Japan,New York,Classic Cars,Petrol,Retail,Direct Sales,Prime Motors,Arun,4,89887.35,359549.4,1.8,6471.89,353077.51,265698.31,87379.2,24.75,12.0,42369.3,6844.26,1,4.0,7,Cash
ORD202601198,2026-12-30 09:25:40.283569640,2026,12,Q4,Italy,Copenhagen,Vintage Cars,Petrol,Retail,Dealer,Speed Wheels,Ananya,13,58759.64,763875.28,16.9,129094.92,634780.36,461104.03,173676.33,27.36,12.0,76173.64,12234.08,1,5.0,13,Credit Card
ORD202601199,2026-12-30 16:42:50.141784820,2026,12,Q4,India,Sydney,Trucks and Buses,Electric,Corporate,Online,Elite Cars,Sneha,13,64615.36,839999.72,12.6,105839.96,734159.75,538377.18,195782.58,26.67,12.0,88099.17,15154.62,0,4.4,2,Bank Transfer
ORD202601200,2026-12-31 00:00:00.000000000,2026,12,Q4,Italy,Paris,Classic Cars,Petrol,Retail,Distributor,Prime Motors,Rahul,14,78846.14,1103845.92,3.1,34219.22,1069626.7,763009.26,306617.44,28.67,18.0,192532.81,45434.84,1,3.6,14,UPI
