Order_ID,Order_Date,Year,Month,Quarter,Country,City,Product,Fuel_Type,Customer_Segment,Sales_Channel,Dealer,Salesperson,Quantity,Unit_Price,Gross_Sales,Discount_Pct,Discount_Amount,Sales,Cost,Profit,Profit_Margin_Pct,Tax_Rate_Pct,Tax,Shipping_Cost,Returns,Customer_Rating,Delivery_Days,Payment_Method
ORD202400001,2024-01-01 00:00:00.000000000,2024,1,Q1,Italy,Mumbai,Ships,Petrol,Fleet,Distributor,Speed Wheels,Ananya,3,102875.23,308625.7,1.7,5246.64,303379.07,250081.42,53297.65,17.57,18.0,54608.23,12908.57,0,4.3,13,Finance
ORD202400002,2024-01-01 14:36:43.836530442,2024,1,Q1,Switzerland,Madrid,Ships,Hybrid,Retail,Online,Speed Wheels,Sneha,3,72558.64,217675.92,15.4,33522.09,184153.83,131110.6,53043.23,28.8,18.0,33147.69,5336.72,0,4.1,5,Finance
ORD202400003,2024-01-02 05:13:27.673060884,2024,1,Q1,Germany,Helsinki,Vintage Cars,Petrol,Retail,Dealer,AutoMax,Karthik,3,53350.64,160051.93,7.3,11683.79,148368.14,109196.18,39171.96,26.4,12.0,17804.18,2905.22,0,4.3,6,UPI
ORD202400004,2024-01-02 19:50:11.509591326,2024,1,Q1,Japan,Madrid,Planes,Petrol,Retail,Online,Elite Cars,Arun,1,176109.2,176109.2,14.6,25711.94,150397.26,120113.07,30284.19,20.14,5.0,7519.86,2650.25,0,3.6,11,UPI
ORD202400005,2024-01-03 10:26:55.346121768,2024,1,Q1,Philippines,Berlin,Classic Cars,Hybrid,Retail,Dealer,Prime Motors,Sofia,14,48624.52,680743.24,15.4,104834.46,575908.78,470536.16,105372.62,18.3,8.0,46072.7,20469.86,0,4.7,5,Finance
ORD202400006,2024-01-04 01:03:39.182652210,2024,1,Q1,Austria,New York,Classic Cars,Petrol,Retail,Online,Prime Motors,Karthik,11,57369.83,631068.1,10.3,65000.01,566068.09,490799.8,75268.29,13.3,18.0,101892.26,23702.03,1,4.0,6,Credit Card
ORD202400007,2024-01-04 15:40:23.019182652,2024,1,Q1,Australia,Singapore,Ships,Petrol,Government,Online,Prime Motors,Vikram,12,83553.05,1002636.55,16.0,160421.85,842214.7,699754.75,142459.94,16.91,10.0,84221.47,35758.44,0,3.5,3,Credit Card
ORD202400008,2024-01-05 06:17:06.855713094,2024,1,Q1,France,Singapore,Vintage Cars,Diesel,Retail,Dealer,AutoMax,Rahul,8,46312.44,370499.54,6.7,24823.47,345676.07,300286.83,45389.24,13.13,5.0,17283.8,11582.92,0,4.2,6,Finance
ORD202400009,2024-01-05 20:53:50.692243536,2024,1,Q1,Spain,Toronto,Vintage Cars,Diesel,Corporate,Online,Prime Motors,Priya,14,47030.07,658420.99,10.6,69792.62,588628.36,486936.41,101691.95,17.28,12.0,70635.4,15455.91,1,4.9,11,UPI
ORD202400010,2024-01-06 11:30:34.528773978,2024,1,Q1,Denmark,Toronto,Vintage Cars,Petrol,Fleet,Dealer,City Motors,Arun,10,33630.83,336308.33,14.4,48428.4,287879.93,244237.73,43642.2,15.16,18.0,51818.39,5636.66,0,4.3,7,UPI
ORD202400011,2024-01-07 02:07:18.365304420,2024,1,Q1,Singapore,Singapore,Classic Cars,Hybrid,Fleet,Online,City Motors,Arun,6,36211.94,217271.64,16.4,35632.55,181639.09,155581.04,26058.05,14.35,18.0,32695.04,7449.72,0,3.6,13,Credit Card
ORD202400012,2024-01-07 16:44:02.201834862,2024,1,Q1,Austria,Stockholm,Vintage Cars,Hybrid,Fleet,Online,AutoMax,Rahul,2,40775.29,81550.58,16.7,13618.95,67931.63,53502.37,14429.26,21.24,18.0,12227.69,1740.54,0,3.9,10,UPI
ORD202400013,2024-01-08 07:20:46.038365304,2024,1,Q1,UK,Brussels,Vintage Cars,Diesel,Retail,Online,City Motors,Sneha,13,48789.62,634265.0,8.0,50741.2,583523.8,443063.35,140460.45,24.07,10.0,58352.38,22803.17,0,3.9,12,Cash
ORD202400014,2024-01-08 21:57:29.874895746,2024,1,Q1,Norway,Copenhagen,Planes,Diesel,Retail,Direct Sales,Prime Motors,Meera,4,75681.19,302724.75,2.0,6054.5,296670.26,209259.48,87410.78,29.46,12.0,35600.43,16238.4,0,4.1,15,Credit Card
ORD202400015,2024-01-09 12:34:13.711426188,2024,1,Q1,Belgium,Toronto,Trucks and Buses,Electric,Retail,Direct Sales,Prime Motors,Karthik,8,42292.76,338342.1,1.3,4398.45,333943.66,264721.05,69222.61,20.73,18.0,60109.86,7330.32,0,4.9,8,UPI
ORD202400016,2024-01-10 03:10:57.547956630,2024,1,Q1,Spain,Paris,Motorcycles,Hybrid,Retail,Direct Sales,Elite Cars,Meera,5,21927.83,109639.14,15.7,17213.34,92425.79,69681.76,22744.03,24.61,12.0,11091.09,4150.55,1,3.0,2,Cash
ORD202400017,2024-01-10 17:47:41.384487072,2024,1,Q1,Austria,Stockholm,Vintage Cars,Petrol,Retail,Distributor,City Motors,Sneha,1,32853.05,32853.05,7.0,2299.71,30553.34,26034.03,4519.31,14.79,10.0,3055.33,688.48,1,4.0,11,UPI
ORD202400018,2024-01-11 08:24:25.221017514,2024,1,Q1,Sweden,New York,Classic Cars,Petrol,Corporate,Online,Global Auto,Rahul,15,49319.21,739788.18,5.8,42907.71,696880.46,510954.14,185926.32,26.68,12.0,83625.66,25267.71,0,3.5,9,Cash
ORD202400019,2024-01-11 23:01:09.057547956,2024,1,Q1,Norway,Singapore,Vintage Cars,Electric,Retail,Direct Sales,Global Auto,Daniel,12,37627.71,451532.53,17.3,78115.13,373417.4,264942.69,108474.71,29.05,12.0,44810.09,18387.94,0,4.7,13,Credit Card
ORD202400020,2024-01-12 13:37:52.894078398,2024,1,Q1,Sweden,New York,Motorcycles,Petrol,Retail,Online,Speed Wheels,Ananya,2,15127.11,30254.21,14.7,4447.37,25806.84,23221.58,2585.26,10.02,12.0,3096.82,475.84,1,4.4,6,Bank Transfer
ORD202400021,2024-01-13 04:14:36.730608840,2024,1,Q1,UK,Zurich,Vintage Cars,Petrol,Retail,Direct Sales,Speed Wheels,Sneha,4,68677.58,274710.33,8.1,22251.54,252458.79,202313.83,50144.96,19.86,12.0,30295.06,11360.46,0,4.0,12,UPI
ORD202400022,2024-01-13 18:51:20.567139282,2024,1,Q1,Singapore,Paris,Ships,Hybrid,Retail,Distributor,Prime Motors,Rahul,15,70291.12,1054366.78,5.6,59044.54,995322.24,715056.24,280266.0,28.16,12.0,119438.67,30239.23,0,4.4,6,Finance
ORD202400023,2024-01-14 09:28:04.403669724,2024,1,Q1,USA,New York,Planes,Diesel,Retail,Distributor,Speed Wheels,Meera,2,163841.25,327682.5,12.0,39321.9,288360.6,204085.09,84275.51,29.23,10.0,28836.06,13599.13,0,3.6,12,Cash
ORD202400024,2024-01-15 00:04:48.240200166,2024,1,Q1,Switzerland,London,Trains,Diesel,Corporate,Online,Elite Cars,Arun,10,43681.83,436818.32,4.3,18783.19,418035.13,327387.35,90647.79,21.68,10.0,41803.51,15785.76,0,4.1,11,Cash
ORD202400025,2024-01-15 14:41:32.076730608,2024,1,Q1,Finland,Rome,Motorcycles,Electric,Government,Dealer,Speed Wheels,Daniel,13,15328.68,199272.9,15.6,31086.57,168186.33,145556.92,22629.41,13.45,10.0,16818.63,7056.56,0,3.6,13,Bank Transfer
ORD202400026,2024-01-16 05:18:15.913261050,2024,1,Q1,Philippines,Stockholm,Vintage Cars,Diesel,Retail,Dealer,Speed Wheels,Arun,8,26098.52,208788.17,9.8,20461.24,188326.93,136006.39,52320.54,27.78,5.0,9416.35,6902.75,0,4.3,4,Credit Card
ORD202400027,2024-01-16 19:54:59.749791492,2024,1,Q1,Norway,Rome,Vintage Cars,Diesel,Retail,Direct Sales,Global Auto,Sofia,9,38758.26,348824.34,9.0,31394.19,317430.15,227994.35,89435.8,28.17,12.0,38091.62,6890.1,0,5.0,10,Bank Transfer
ORD202400028,2024-01-17 10:31:43.586321934,2024,1,Q1,India,Rome,Classic Cars,Petrol,Fleet,Dealer,Global Auto,Rahul,10,85504.6,855046.04,3.5,29926.61,825119.43,578357.07,246762.36,29.91,18.0,148521.5,38379.12,0,3.6,13,Credit Card
ORD202400029,2024-01-18 01:08:27.422852377,2024,1,Q1,Norway,Paris,Trucks and Buses,Petrol,Corporate,Dealer,AutoMax,Daniel,15,55978.93,839683.94,13.9,116716.07,722967.87,584219.43,138748.44,19.19,5.0,36148.39,18693.33,0,4.1,12,Cash
ORD202400030,2024-01-18 15:45:11.259382819,2024,1,Q1,Norway,Mumbai,Vintage Cars,Hybrid,Retail,Direct Sales,City Motors,Sofia,13,34900.48,453706.18,2.3,10435.24,443270.94,343495.4,99775.55,22.51,12.0,53192.51,10816.23,1,4.4,3,Bank Transfer
ORD202400031,2024-01-19 06:21:55.095913261,2024,1,Q1,Denmark,Madrid,Classic Cars,Hybrid,Retail,Distributor,AutoMax,Ananya,7,49760.76,348325.3,4.1,14281.34,334043.96,235609.31,98434.65,29.47,12.0,40085.28,11338.03,0,3.9,10,Finance
ORD202400032,2024-01-19 20:58:38.932443703,2024,1,Q1,India,Copenhagen,Vintage Cars,Hybrid,Retail,Dealer,AutoMax,Daniel,2,45100.83,90201.65,8.3,7486.74,82714.91,56433.68,26281.24,31.77,5.0,4135.75,2814.01,0,4.1,2,UPI
ORD202400033,2024-01-20 11:35:22.768974145,2024,1,Q1,Finland,Mumbai,Trucks and Buses,Electric,Fleet,Dealer,Global Auto,Vikram,13,35066.62,455866.07,0.6,2735.2,453130.87,377208.07,75922.8,16.76,10.0,45313.09,13959.25,0,3.1,2,Cash
ORD202400034,2024-01-21 02:12:06.605504587,2024,1,Q1,Singapore,New York,Trucks and Buses,Petrol,Corporate,Distributor,Speed Wheels,Priya,11,45780.51,503585.57,14.5,73019.91,430565.66,318659.31,111906.36,25.99,10.0,43056.57,6466.05,1,3.1,14,Finance
ORD202400035,2024-01-21 16:48:50.442035029,2024,1,Q1,Philippines,Oslo,Vintage Cars,Petrol,Fleet,Dealer,Prime Motors,Ananya,9,31873.88,286864.95,7.5,21514.87,265350.08,194046.06,71304.02,26.87,18.0,47763.01,13361.83,1,3.8,4,Cash
ORD202400036,2024-01-22 07:25:34.278565471,2024,1,Q1,Italy,Mumbai,Ships,Electric,Government,Online,AutoMax,Rahul,4,88540.03,354160.1,0.6,2124.96,352035.14,240164.74,111870.4,31.78,10.0,35203.51,15274.63,0,3.4,12,Bank Transfer
ORD202400037,2024-01-22 22:02:18.115095913,2024,1,Q1,Italy,Zurich,Trucks and Buses,Electric,Retail,Online,Speed Wheels,Ananya,2,59630.71,119261.43,7.5,8944.61,110316.82,99152.57,11164.25,10.12,5.0,5515.84,2816.09,1,3.6,11,Bank Transfer
ORD202400038,2024-01-23 12:39:01.951626355,2024,1,Q1,Austria,Oslo,Planes,Diesel,Corporate,Dealer,City Motors,Vikram,8,86171.73,689373.87,1.0,6893.74,682480.13,466266.61,216213.52,31.68,18.0,122846.42,31331.99,0,4.1,6,Bank Transfer
ORD202400039,2024-01-24 03:15:45.788156797,2024,1,Q1,Philippines,New York,Ships,Petrol,Fleet,Online,AutoMax,Ananya,12,83201.84,998422.11,0.4,3993.69,994428.42,798829.15,195599.28,19.67,18.0,178997.12,36202.07,0,4.3,15,Credit Card
ORD202400040,2024-01-24 17:52:29.624687239,2024,1,Q1,Austria,Rome,Vintage Cars,Electric,Fleet,Online,City Motors,Ananya,8,28137.98,225103.8,17.8,40068.48,185035.32,161300.25,23735.07,12.83,12.0,22204.24,2875.42,0,4.6,8,Finance
ORD202400041,2024-01-25 08:29:13.461217681,2024,1,Q1,Germany,Berlin,Ships,Hybrid,Retail,Online,Speed Wheels,Arun,4,167788.88,671155.51,5.4,36242.4,634913.11,561307.1,73606.01,11.59,8.0,50793.05,15602.56,1,4.0,4,Cash
ORD202400042,2024-01-25 23:05:57.297748123,2024,1,Q1,Finland,Toronto,Trains,Petrol,Corporate,Dealer,Elite Cars,Sofia,6,38301.04,229806.26,10.4,23899.85,205906.41,161078.73,44827.68,21.77,12.0,24708.77,8760.97,0,4.8,7,Finance
ORD202400043,2024-01-26 13:42:41.134278565,2024,1,Q1,Italy,Mumbai,Classic Cars,Petrol,Retail,Distributor,AutoMax,Meera,6,49878.73,299272.38,17.6,52671.94,246600.44,204552.73,42047.72,17.05,5.0,12330.02,8357.99,0,3.8,3,Credit Card
ORD202400044,2024-01-27 04:19:24.970809007,2024,1,Q1,Philippines,Oslo,Vintage Cars,Hybrid,Retail,Dealer,Prime Motors,Rahul,2,35517.41,71034.82,16.7,11862.81,59172.0,42480.35,16691.65,28.21,18.0,10650.96,2015.04,0,3.8,3,Bank Transfer
ORD202400045,2024-01-27 18:56:08.807339449,2024,1,Q1,Japan,Rome,Trucks and Buses,Diesel,Government,Online,City Motors,Sofia,10,73740.45,737404.49,8.4,61941.98,675462.51,504062.19,171400.32,25.38,12.0,81055.5,29150.36,0,4.4,8,Cash
ORD202400046,2024-01-28 09:32:52.643869891,2024,1,Q1,Denmark,Helsinki,Planes,Hybrid,Retail,Distributor,Global Auto,Karthik,9,70995.31,638957.82,16.8,107344.91,531612.91,473297.65,58315.26,10.97,8.0,42529.03,18640.08,0,4.1,12,Bank Transfer
ORD202400047,2024-01-29 00:09:36.480400333,2024,1,Q1,UK,Manila,Classic Cars,Hybrid,Retail,Dealer,City Motors,Sneha,2,69855.15,139710.3,15.9,22213.94,117496.37,82197.26,35299.11,30.04,8.0,9399.71,2473.69,0,4.9,11,UPI
ORD202400048,2024-01-29 14:46:20.316930775,2024,1,Q1,Germany,Manila,Classic Cars,Petrol,Fleet,Dealer,City Motors,Vikram,15,71611.45,1074171.8,11.4,122455.59,951716.22,827494.2,124222.02,13.05,5.0,47585.81,45427.61,0,4.5,9,Credit Card
ORD202400049,2024-01-30 05:23:04.153461217,2024,1,Q1,Australia,Zurich,Ships,Hybrid,Fleet,Dealer,Speed Wheels,Arun,2,82796.92,165593.84,9.0,14903.45,150690.4,128740.11,21950.28,14.57,5.0,7534.52,3218.0,0,4.0,15,Cash
ORD202400050,2024-01-30 19:59:47.989991659,2024,1,Q1,Spain,Paris,Motorcycles,Electric,Retail,Direct Sales,Elite Cars,Sneha,2,19754.91,39509.81,14.3,5649.9,33859.91,28313.25,5546.66,16.38,8.0,2708.79,1588.8,1,4.4,2,Cash
ORD202400051,2024-01-31 10:36:31.826522101,2024,1,Q1,Singapore,Brussels,Planes,Petrol,Corporate,Online,Global Auto,Priya,12,70927.0,851123.97,7.2,61280.93,789843.05,537527.09,252315.95,31.95,8.0,63187.44,31619.51,0,3.8,3,Cash
ORD202400052,2024-02-01 01:13:15.663052543,2024,2,Q1,Switzerland,Rome,Trains,Electric,Retail,Distributor,Prime Motors,Karthik,7,37449.31,262145.18,6.2,16253.0,245892.18,171507.67,74384.51,30.25,18.0,44260.59,6173.79,1,3.7,15,Credit Card
ORD202400053,2024-02-01 15:49:59.499582985,2024,2,Q1,Germany,New York,Vintage Cars,Hybrid,Government,Direct Sales,Prime Motors,Sofia,12,72529.58,870354.94,13.2,114886.85,755468.09,641091.53,114376.56,15.14,18.0,135984.26,25106.07,0,4.5,7,Bank Transfer
ORD202400054,2024-02-02 06:26:43.336113427,2024,2,Q1,India,Brussels,Motorcycles,Diesel,Retail,Online,AutoMax,Vikram,7,22583.82,158086.72,2.1,3319.82,154766.89,127158.87,27608.03,17.84,12.0,18572.03,6047.63,0,4.0,15,Bank Transfer
ORD202400055,2024-02-02 21:03:27.172643869,2024,2,Q1,India,Stockholm,Vintage Cars,Petrol,Corporate,Direct Sales,AutoMax,Sneha,5,45890.75,229453.75,3.1,7113.07,222340.68,167686.47,54654.21,24.58,10.0,22234.07,11479.08,0,3.9,13,Bank Transfer
ORD202400056,2024-02-03 11:40:11.009174311,2024,2,Q1,Denmark,Oslo,Classic Cars,Diesel,Retail,Online,Elite Cars,Meera,1,33840.68,33840.68,12.9,4365.45,29475.23,21989.94,7485.3,25.4,18.0,5305.54,800.12,1,4.4,14,Bank Transfer
ORD202400057,2024-02-04 02:16:54.845704754,2024,2,Q1,Japan,Rome,Vintage Cars,Hybrid,Corporate,Direct Sales,City Motors,Karthik,14,55156.33,772188.62,3.0,23165.66,749022.96,569593.07,179429.89,23.96,12.0,89882.76,17538.95,0,3.7,13,Bank Transfer
ORD202400058,2024-02-04 16:53:38.682235196,2024,2,Q1,Sweden,Madrid,Motorcycles,Electric,Retail,Online,Elite Cars,Vikram,2,18624.6,37249.2,9.0,3352.43,33896.77,29231.77,4665.0,13.76,12.0,4067.61,1585.26,0,2.7,13,UPI
ORD202400059,2024-02-05 07:30:22.518765638,2024,2,Q1,UK,Brussels,Trains,Petrol,Retail,Dealer,AutoMax,Karthik,8,71373.3,570986.44,14.5,82793.03,488193.4,347285.92,140907.48,28.86,10.0,48819.34,19235.19,0,4.9,5,UPI
ORD202400060,2024-02-05 22:07:06.355296080,2024,2,Q1,Switzerland,New York,Classic Cars,Diesel,Retail,Dealer,Elite Cars,Arun,4,42017.66,168070.65,14.0,23529.89,144540.76,126986.64,17554.12,12.14,18.0,26017.34,6756.95,0,4.3,11,Finance
ORD202400061,2024-02-06 12:43:50.191826522,2024,2,Q1,Switzerland,London,Trucks and Buses,Petrol,Fleet,Direct Sales,City Motors,Meera,3,43389.8,130169.39,8.1,10543.72,119625.67,102150.29,17475.38,14.61,10.0,11962.57,3550.72,0,3.8,11,Credit Card
ORD202400062,2024-02-07 03:20:34.028356964,2024,2,Q1,Denmark,Mumbai,Classic Cars,Petrol,Government,Dealer,Elite Cars,Meera,6,32777.39,196664.35,4.4,8653.23,188011.12,168151.08,19860.04,10.56,12.0,22561.33,4572.32,0,4.5,7,Credit Card
ORD202400063,2024-02-07 17:57:17.864887406,2024,2,Q1,Italy,Stockholm,Ships,Electric,Retail,Dealer,Elite Cars,Priya,14,87469.88,1224578.26,1.8,22042.41,1202535.85,1065531.08,137004.76,11.39,8.0,96202.87,65559.92,0,3.7,13,Bank Transfer
ORD202400064,2024-02-08 08:34:01.701417848,2024,2,Q1,France,Brussels,Vintage Cars,Petrol,Retail,Online,Global Auto,Sofia,11,57026.13,627287.48,17.8,111657.17,515630.31,360763.91,154866.4,30.03,12.0,61875.64,18919.84,0,4.2,5,Credit Card
ORD202400065,2024-02-08 23:10:45.537948290,2024,2,Q1,France,Paris,Vintage Cars,Petrol,Corporate,Online,Global Auto,Priya,14,50349.24,704889.4,12.4,87406.29,617483.11,533382.83,84100.28,13.62,10.0,61748.31,26867.25,0,5.0,4,UPI
ORD202400066,2024-02-09 13:47:29.374478732,2024,2,Q1,Singapore,Vienna,Trains,Petrol,Retail,Dealer,Prime Motors,Rahul,14,37417.46,523844.44,2.8,14667.64,509176.79,414925.66,94251.13,18.51,18.0,91651.82,20027.63,1,3.7,4,Finance
ORD202400067,2024-02-10 04:24:13.211009174,2024,2,Q1,Spain,Stockholm,Planes,Diesel,Corporate,Dealer,Elite Cars,Ananya,8,82924.7,663397.63,16.7,110787.4,552610.23,416682.06,135928.17,24.6,12.0,66313.23,13729.21,0,5.0,5,UPI
ORD202400068,2024-02-10 19:00:57.047539616,2024,2,Q1,Belgium,Sydney,Trains,Diesel,Retail,Online,Elite Cars,Rahul,12,28326.11,339913.35,4.2,14276.36,325636.99,265069.0,60567.99,18.6,10.0,32563.7,12022.2,1,4.4,13,Cash
ORD202400069,2024-02-11 09:37:40.884070058,2024,2,Q1,Italy,Sydney,Vintage Cars,Petrol,Corporate,Dealer,Global Auto,Sneha,3,56599.35,169798.05,16.9,28695.87,141102.18,99761.92,41340.26,29.3,12.0,16932.26,6538.88,1,4.8,8,Credit Card
ORD202400070,2024-02-12 00:14:24.720600500,2024,2,Q1,Spain,London,Vintage Cars,Petrol,Corporate,Direct Sales,Elite Cars,Vikram,12,38237.15,458845.83,6.3,28907.29,429938.55,369424.06,60514.48,14.08,18.0,77388.94,23260.12,0,3.6,4,UPI
ORD202400071,2024-02-12 14:51:08.557130942,2024,2,Q1,Sweden,Singapore,Trucks and Buses,Petrol,Retail,Dealer,Prime Motors,Vikram,8,60918.58,487348.67,3.7,18031.9,469316.77,404811.12,64505.65,13.74,10.0,46931.68,13559.44,0,3.4,12,UPI
ORD202400072,2024-02-13 05:27:52.393661384,2024,2,Q1,Finland,Rome,Planes,Petrol,Retail,Dealer,Elite Cars,Priya,12,85972.38,1031668.59,3.1,31981.73,999686.87,792960.96,206725.9,20.68,18.0,179943.64,45083.6,0,4.9,3,Bank Transfer
ORD202400073,2024-02-13 20:04:36.230191826,2024,2,Q1,India,Mumbai,Ships,Diesel,Corporate,Online,AutoMax,Ananya,4,110294.87,441179.47,14.1,62206.3,378973.16,283842.69,95130.48,25.1,10.0,37897.32,13276.0,1,5.0,10,Credit Card
ORD202400074,2024-02-14 10:41:20.066722268,2024,2,Q1,Philippines,London,Classic Cars,Hybrid,Retail,Dealer,City Motors,Karthik,6,34356.27,206137.62,14.2,29271.54,176866.07,140894.94,35971.13,20.34,10.0,17686.61,7217.25,0,4.5,10,Cash
ORD202400075,2024-02-15 01:18:03.903252710,2024,2,Q1,Belgium,Stockholm,Classic Cars,Petrol,Retail,Direct Sales,AutoMax,Daniel,2,61713.82,123427.64,11.7,14441.03,108986.61,78395.44,30591.17,28.07,8.0,8718.93,4193.29,0,3.4,7,Bank Transfer
ORD202400076,2024-02-15 15:54:47.739783152,2024,2,Q1,Spain,Stockholm,Motorcycles,Electric,Retail,Dealer,Speed Wheels,Rahul,1,17553.76,17553.76,2.3,403.74,17150.02,11759.02,5391.0,31.43,18.0,3087.0,876.99,0,4.8,2,Bank Transfer
ORD202400077,2024-02-16 06:31:31.576313594,2024,2,Q1,Denmark,Helsinki,Motorcycles,Diesel,Retail,Dealer,Prime Motors,Karthik,15,17146.41,257196.16,10.6,27262.79,229933.37,165750.56,64182.81,27.91,18.0,41388.01,11919.53,0,3.6,6,Credit Card
ORD202400078,2024-02-16 21:08:15.412844036,2024,2,Q1,Norway,Zurich,Motorcycles,Hybrid,Retail,Online,City Motors,Meera,10,12845.85,128458.48,13.0,16699.6,111758.87,85110.36,26648.51,23.84,10.0,11175.89,2449.51,0,4.0,12,UPI
ORD202400079,2024-02-17 11:44:59.249374478,2024,2,Q1,Australia,Vienna,Trains,Hybrid,Retail,Online,Global Auto,Priya,3,44094.26,132282.79,1.5,1984.24,130298.55,104384.46,25914.08,19.89,8.0,10423.88,4967.92,1,4.8,11,Cash
ORD202400080,2024-02-18 02:21:43.085904920,2024,2,Q1,Germany,New York,Trucks and Buses,Petrol,Corporate,Dealer,Elite Cars,Arun,7,102935.38,720547.64,5.3,38189.03,682358.62,569828.19,112530.43,16.49,18.0,122824.55,27397.62,0,3.6,15,Credit Card
ORD202400081,2024-02-18 16:58:26.922435362,2024,2,Q1,Belgium,Paris,Planes,Petrol,Retail,Direct Sales,AutoMax,Sofia,3,95508.71,286526.14,5.0,14326.31,272199.84,233131.71,39068.13,14.35,10.0,27219.98,11656.23,0,4.8,11,Credit Card
ORD202400082,2024-02-19 07:35:10.758965804,2024,2,Q1,Switzerland,New York,Vintage Cars,Petrol,Retail,Dealer,City Motors,Vikram,4,47319.11,189276.45,2.0,3785.53,185490.92,141507.54,43983.38,23.71,12.0,22258.91,4205.6,1,4.1,2,Credit Card
ORD202400083,2024-02-19 22:11:54.595496246,2024,2,Q1,France,Zurich,Ships,Electric,Retail,Dealer,Global Auto,Karthik,12,149628.06,1795536.69,12.2,219055.48,1576481.21,1135829.75,440651.46,27.95,18.0,283766.62,79884.78,0,3.4,11,Cash
ORD202400084,2024-02-20 12:48:38.432026688,2024,2,Q1,Austria,Brussels,Motorcycles,Petrol,Retail,Direct Sales,Global Auto,Meera,10,16109.73,161097.27,5.6,9021.45,152075.82,136476.12,15599.71,10.26,12.0,18249.1,7632.16,0,4.3,9,UPI
ORD202400085,2024-02-21 03:25:22.268557130,2024,2,Q1,Germany,Stockholm,Motorcycles,Diesel,Retail,Online,AutoMax,Ananya,12,33966.18,407594.14,17.3,70513.79,337080.35,258101.93,78978.42,23.43,10.0,33708.04,6003.66,0,4.0,15,UPI
ORD202400086,2024-02-21 18:02:06.105087572,2024,2,Q1,Singapore,Sydney,Motorcycles,Diesel,Corporate,Direct Sales,Global Auto,Arun,4,17391.83,69567.33,5.9,4104.47,65462.85,50480.5,14982.35,22.89,18.0,11783.31,1620.84,0,5.0,14,Credit Card
ORD202400087,2024-02-22 08:38:49.941618015,2024,2,Q1,France,Helsinki,Motorcycles,Hybrid,Retail,Online,Global Auto,Priya,4,23539.46,94157.84,10.0,9415.78,84742.06,64370.7,20371.36,24.04,8.0,6779.36,3443.97,1,4.0,9,Cash
ORD202400088,2024-02-22 23:15:33.778148457,2024,2,Q1,Australia,Rome,Planes,Diesel,Fleet,Online,AutoMax,Ananya,1,108802.46,108802.46,7.4,8051.38,100751.08,69762.95,30988.13,30.76,10.0,10075.11,1700.88,0,3.9,13,Credit Card
ORD202400089,2024-02-23 13:52:17.614678899,2024,2,Q1,Denmark,Rome,Classic Cars,Petrol,Corporate,Direct Sales,Global Auto,Ananya,3,32821.89,98465.68,8.4,8271.12,90194.57,69703.02,20491.54,22.72,18.0,16235.02,3720.92,1,4.2,4,UPI
ORD202400090,2024-02-24 04:29:01.451209341,2024,2,Q1,Singapore,Toronto,Trains,Petrol,Retail,Direct Sales,Elite Cars,Sofia,5,48806.62,244033.11,11.1,27087.68,216945.44,161038.2,55907.23,25.77,12.0,26033.45,7183.24,0,3.4,4,Cash
ORD202400091,2024-02-24 19:05:45.287739783,2024,2,Q1,USA,Zurich,Ships,Electric,Retail,Dealer,Prime Motors,Sneha,3,192867.59,578602.78,11.4,65960.72,512642.07,397209.01,115433.06,22.52,18.0,92275.57,19869.62,1,4.2,9,Credit Card
ORD202400092,2024-02-25 09:42:29.124270225,2024,2,Q1,Switzerland,Copenhagen,Trucks and Buses,Hybrid,Retail,Direct Sales,Global Auto,Priya,4,47884.39,191537.56,12.0,22984.51,168553.05,151139.99,17413.06,10.33,12.0,20226.37,8058.36,1,3.7,14,Credit Card
ORD202400093,2024-02-26 00:19:12.960800667,2024,2,Q1,Singapore,Sydney,Trains,Diesel,Government,Distributor,AutoMax,Ananya,12,35737.66,428851.87,2.5,10721.3,418130.57,327754.89,90375.68,21.61,18.0,75263.5,14960.04,1,5.0,3,Bank Transfer
ORD202400094,2024-02-26 14:55:56.797331109,2024,2,Q1,Singapore,Vienna,Trucks and Buses,Petrol,Fleet,Online,City Motors,Vikram,4,64733.48,258933.92,2.9,7509.08,251424.84,179029.0,72395.84,28.79,8.0,20113.99,9035.41,1,3.8,2,Cash
ORD202400095,2024-02-27 05:32:40.633861551,2024,2,Q1,Switzerland,Toronto,Classic Cars,Petrol,Government,Dealer,City Motors,Sneha,13,54996.26,714951.38,14.3,102238.05,612713.34,521766.04,90947.29,14.84,5.0,30635.67,22282.15,0,3.7,8,Finance
ORD202400096,2024-02-27 20:09:24.470391993,2024,2,Q1,France,Madrid,Trucks and Buses,Petrol,Retail,Online,Global Auto,Karthik,5,93196.11,465980.54,14.8,68965.12,397015.42,306351.48,90663.95,22.84,8.0,31761.23,20080.98,0,5.0,10,Bank Transfer
ORD202400097,2024-02-28 10:46:08.306922435,2024,2,Q1,Sweden,Singapore,Ships,Diesel,Retail,Online,City Motors,Arun,11,64267.64,706944.0,13.3,94023.55,612920.45,471963.15,140957.3,23.0,18.0,110325.68,20568.09,0,3.4,14,UPI
ORD202400098,2024-02-29 01:22:52.143452877,2024,2,Q1,Germany,Mumbai,Motorcycles,Petrol,Retail,Dealer,Speed Wheels,Sofia,10,21550.69,215506.92,16.3,35127.63,180379.29,149947.85,30431.44,16.87,8.0,14430.34,6471.47,0,4.0,8,UPI
ORD202400099,2024-02-29 15:59:35.979983319,2024,2,Q1,Italy,Stockholm,Ships,Electric,Retail,Dealer,Global Auto,Ananya,7,134200.04,939400.3,15.2,142788.85,796611.46,587570.38,209041.08,26.24,8.0,63728.92,33078.9,0,3.6,9,Finance
ORD202400100,2024-03-01 06:36:19.816513761,2024,3,Q1,Belgium,Toronto,Classic Cars,Petrol,Fleet,Dealer,City Motors,Rahul,9,39428.36,354855.25,8.5,30162.7,324692.56,280538.26,44154.3,13.6,12.0,38963.11,9888.5,0,3.8,9,Finance
ORD202400101,2024-03-01 21:13:03.653044203,2024,3,Q1,Austria,Toronto,Classic Cars,Petrol,Fleet,Distributor,Elite Cars,Daniel,5,49661.94,248309.68,3.1,7697.6,240612.08,173870.53,66741.55,27.74,18.0,43310.17,4005.02,0,3.8,10,Credit Card
ORD202400102,2024-03-02 11:49:47.489574645,2024,3,Q1,USA,Singapore,Classic Cars,Petrol,Retail,Direct Sales,Speed Wheels,Sneha,5,76544.99,382724.97,15.9,60853.27,321871.7,241885.75,79985.95,24.85,5.0,16093.58,7560.96,0,3.0,8,Finance
ORD202400103,2024-03-03 02:26:31.326105087,2024,3,Q1,Germany,Paris,Vintage Cars,Diesel,Fleet,Direct Sales,Elite Cars,Arun,5,48437.47,242187.36,9.0,21796.86,220390.5,189877.86,30512.64,13.84,8.0,17631.24,6160.78,0,2.9,9,Finance
ORD202400104,2024-03-03 17:03:15.162635529,2024,3,Q1,Austria,Sydney,Trucks and Buses,Hybrid,Retail,Online,City Motors,Vikram,11,46357.58,509933.38,2.5,12748.33,497185.05,429425.05,67760.0,13.63,12.0,59662.21,24494.94,0,3.9,11,UPI
ORD202400105,2024-03-04 07:39:58.999165971,2024,3,Q1,Switzerland,Brussels,Vintage Cars,Hybrid,Retail,Dealer,City Motors,Sofia,13,32275.72,419584.32,16.0,67133.49,352450.83,253962.02,98488.81,27.94,10.0,35245.08,17165.35,0,4.7,9,Finance
ORD202400106,2024-03-04 22:16:42.835696413,2024,3,Q1,Spain,Madrid,Planes,Petrol,Retail,Online,Speed Wheels,Sneha,9,127558.25,1148024.26,10.4,119394.52,1028629.74,842948.86,185680.87,18.05,18.0,185153.35,48987.63,0,3.6,14,Bank Transfer
ORD202400107,2024-03-05 12:53:26.672226855,2024,3,Q1,Switzerland,Stockholm,Vintage Cars,Petrol,Retail,Online,City Motors,Priya,2,47562.67,95125.33,2.4,2283.01,92842.32,71223.38,21618.94,23.29,10.0,9284.23,2750.95,0,4.9,5,Finance
ORD202400108,2024-03-06 03:30:10.508757297,2024,3,Q1,Australia,Helsinki,Trucks and Buses,Diesel,Fleet,Dealer,Elite Cars,Meera,10,49260.36,492603.59,10.5,51723.38,440880.21,353646.07,87234.15,19.79,18.0,79358.44,18089.87,0,4.4,5,Cash
ORD202400109,2024-03-06 18:06:54.345287739,2024,3,Q1,Philippines,Toronto,Motorcycles,Petrol,Retail,Dealer,Speed Wheels,Rahul,7,12393.46,86754.23,8.8,7634.37,79119.86,66303.3,12816.56,16.2,8.0,6329.59,3014.8,0,3.7,2,Credit Card
ORD202400110,2024-03-07 08:43:38.181818181,2024,3,Q1,Singapore,Singapore,Motorcycles,Petrol,Retail,Online,Global Auto,Sofia,1,17976.38,17976.38,8.3,1492.04,16484.34,12757.51,3726.83,22.61,12.0,1978.12,849.69,0,4.4,10,Credit Card
ORD202400111,2024-03-07 23:20:22.018348623,2024,3,Q1,India,Zurich,Classic Cars,Diesel,Retail,Dealer,AutoMax,Daniel,9,70246.78,632221.0,9.5,60061.0,572160.01,399890.53,172269.48,30.11,18.0,102988.8,21860.7,0,3.2,5,Credit Card
ORD202400112,2024-03-08 13:57:05.854879065,2024,3,Q1,Sweden,Oslo,Trains,Electric,Corporate,Dealer,City Motors,Vikram,15,37960.42,569406.34,12.1,68898.17,500508.17,416884.51,83623.66,16.71,12.0,60060.98,24436.76,1,3.4,14,Credit Card
ORD202400113,2024-03-09 04:33:49.691409508,2024,3,Q1,Germany,New York,Trains,Diesel,Retail,Dealer,Global Auto,Vikram,4,56068.68,224274.72,5.6,12559.38,211715.34,165608.93,46106.41,21.78,12.0,25405.84,5716.51,0,4.5,12,Credit Card
ORD202400114,2024-03-09 19:10:33.527939950,2024,3,Q1,France,Toronto,Trains,Petrol,Government,Dealer,Global Auto,Meera,8,41544.4,332355.22,4.0,13294.21,319061.01,259625.52,59435.49,18.63,10.0,31906.1,15894.22,1,3.9,4,Cash
ORD202400115,2024-03-10 09:47:17.364470392,2024,3,Q1,Australia,Copenhagen,Trucks and Buses,Electric,Fleet,Dealer,AutoMax,Ananya,2,54361.09,108722.19,5.0,5436.11,103286.08,75559.34,27726.74,26.84,12.0,12394.33,1697.06,0,3.9,14,Cash
ORD202400116,2024-03-11 00:24:01.201000834,2024,3,Q1,UK,Tokyo,Classic Cars,Petrol,Retail,Distributor,Elite Cars,Arun,12,86929.65,1043155.76,9.3,97013.49,946142.27,770304.94,175837.33,18.58,10.0,94614.23,44275.97,0,3.9,8,Credit Card
ORD202400117,2024-03-11 15:00:45.037531276,2024,3,Q1,Philippines,Mumbai,Planes,Petrol,Corporate,Online,Prime Motors,Sneha,14,61538.93,861545.06,9.7,83569.87,777975.19,577898.9,200076.29,25.72,5.0,38898.76,42318.85,0,4.3,12,Cash
ORD202400118,2024-03-12 05:37:28.874061718,2024,3,Q1,Australia,Berlin,Motorcycles,Diesel,Retail,Online,AutoMax,Vikram,5,14094.89,70474.45,14.1,9936.9,60537.55,50641.34,9896.21,16.35,18.0,10896.76,3020.18,1,3.8,7,UPI
ORD202400119,2024-03-12 20:14:12.710592160,2024,3,Q1,Norway,London,Trucks and Buses,Electric,Retail,Online,Elite Cars,Karthik,9,43696.82,393271.38,10.6,41686.77,351584.62,247649.08,103935.54,29.56,5.0,17579.23,7606.0,0,5.0,10,Bank Transfer
ORD202400120,2024-03-13 10:50:56.547122602,2024,3,Q1,India,London,Trucks and Buses,Diesel,Retail,Dealer,City Motors,Priya,4,57134.84,228539.37,12.2,27881.8,200657.57,138247.72,62409.85,31.1,10.0,20065.76,9476.89,0,3.5,2,UPI
ORD202400121,2024-03-14 01:27:40.383653044,2024,3,Q1,Finland,Paris,Motorcycles,Diesel,Corporate,Direct Sales,City Motors,Meera,12,12426.19,149114.22,17.8,26542.33,122571.89,94051.12,28520.77,23.27,12.0,14708.63,3248.37,0,3.9,13,Finance
ORD202400122,2024-03-14 16:04:24.220183486,2024,3,Q1,Singapore,Brussels,Motorcycles,Hybrid,Retail,Distributor,Elite Cars,Karthik,6,18419.33,110515.99,11.2,12377.79,98138.2,67802.31,30335.89,30.91,10.0,9813.82,2026.52,0,3.6,3,Credit Card
ORD202400123,2024-03-15 06:41:08.056713928,2024,3,Q1,Belgium,New York,Vintage Cars,Hybrid,Corporate,Dealer,Global Auto,Sneha,9,41339.95,372059.53,8.8,32741.24,339318.29,295416.42,43901.87,12.94,5.0,16965.91,11842.98,0,3.7,10,Finance
ORD202400124,2024-03-15 21:17:51.893244370,2024,3,Q1,Philippines,Stockholm,Vintage Cars,Hybrid,Fleet,Dealer,Speed Wheels,Ananya,7,24171.54,169200.79,0.7,1184.41,168016.38,123729.94,44286.44,26.36,10.0,16801.64,6076.35,0,4.0,10,Bank Transfer
ORD202400125,2024-03-16 11:54:35.729774812,2024,3,Q1,Philippines,London,Motorcycles,Hybrid,Fleet,Distributor,Global Auto,Meera,10,17759.57,177595.71,0.5,887.98,176707.73,123983.97,52723.76,29.84,18.0,31807.39,3286.25,1,3.6,4,Bank Transfer
ORD202400126,2024-03-17 02:31:19.566305254,2024,3,Q1,Germany,Oslo,Classic Cars,Hybrid,Retail,Direct Sales,AutoMax,Vikram,3,87656.35,262969.06,16.0,42075.05,220894.01,198232.27,22661.74,10.26,8.0,17671.52,9184.29,0,4.1,7,Credit Card
ORD202400127,2024-03-17 17:08:03.402835696,2024,3,Q1,Denmark,Vienna,Trucks and Buses,Electric,Retail,Online,Global Auto,Sneha,13,36695.4,477040.18,6.9,32915.77,444124.4,336745.59,107378.82,24.18,8.0,35529.95,9666.76,1,3.4,10,Cash
ORD202400128,2024-03-18 07:44:47.239366138,2024,3,Q1,Norway,Berlin,Classic Cars,Petrol,Fleet,Dealer,Speed Wheels,Daniel,3,33305.64,99916.91,13.9,13888.45,86028.46,62146.9,23881.56,27.76,5.0,4301.42,2891.02,0,4.3,13,Cash
ORD202400129,2024-03-18 22:21:31.075896580,2024,3,Q1,Germany,Toronto,Trucks and Buses,Petrol,Retail,Distributor,Elite Cars,Daniel,6,103141.96,618851.74,0.4,2475.41,616376.34,491362.65,125013.69,20.28,18.0,110947.74,27964.95,0,3.6,2,Finance
ORD202400130,2024-03-19 12:58:14.912427022,2024,3,Q1,India,Tokyo,Vintage Cars,Petrol,Corporate,Distributor,Global Auto,Priya,10,54553.99,545539.86,2.9,15820.66,529719.2,403703.5,126015.7,23.79,18.0,95349.46,8183.41,0,4.6,2,UPI
ORD202400131,2024-03-20 03:34:58.748957464,2024,3,Q1,UK,Rome,Classic Cars,Hybrid,Retail,Online,City Motors,Meera,8,58551.77,468414.13,13.3,62299.08,406115.05,345018.37,61096.68,15.04,10.0,40611.5,20133.0,0,4.9,10,Cash
ORD202400132,2024-03-20 18:11:42.585487906,2024,3,Q1,India,New York,Trains,Hybrid,Corporate,Distributor,Prime Motors,Priya,14,64217.59,899046.23,4.9,44053.27,854992.97,656965.7,198027.27,23.16,8.0,68399.44,46019.67,0,4.5,4,Cash
ORD202400133,2024-03-21 08:48:26.422018348,2024,3,Q1,Philippines,Vienna,Motorcycles,Electric,Government,Distributor,City Motors,Sneha,10,10642.36,106423.59,9.8,10429.51,95994.08,72865.86,23128.22,24.09,12.0,11519.29,1759.0,0,4.0,15,Finance
ORD202400134,2024-03-21 23:25:10.258548790,2024,3,Q1,Switzerland,Stockholm,Trains,Diesel,Retail,Online,Elite Cars,Karthik,13,45746.71,594707.18,17.9,106452.59,488254.6,353691.82,134562.78,27.56,8.0,39060.37,19257.4,0,4.7,6,Finance
ORD202400135,2024-03-22 14:01:54.095079232,2024,3,Q1,Italy,Manila,Motorcycles,Electric,Retail,Online,Elite Cars,Vikram,11,20458.57,225044.32,17.3,38932.67,186111.65,132643.07,53468.58,28.73,18.0,33500.1,8238.96,0,5.0,9,UPI
ORD202400136,2024-03-23 04:38:37.931609674,2024,3,Q1,India,Brussels,Classic Cars,Electric,Corporate,Dealer,Speed Wheels,Priya,5,74657.31,373286.55,4.7,17544.47,355742.09,306165.52,49576.57,13.94,12.0,42689.05,15684.52,0,4.5,12,Bank Transfer
ORD202400137,2024-03-23 19:15:21.768140116,2024,3,Q1,Switzerland,Copenhagen,Classic Cars,Diesel,Fleet,Dealer,Prime Motors,Vikram,15,54917.77,823766.57,13.7,112856.02,710910.55,635838.45,75072.1,10.56,10.0,71091.06,16051.85,0,3.4,5,Finance
ORD202400138,2024-03-24 09:52:05.604670558,2024,3,Q1,Belgium,Madrid,Ships,Diesel,Retail,Online,Prime Motors,Ananya,1,65793.81,65793.81,15.3,10066.45,55727.36,42462.6,13264.76,23.8,18.0,10030.92,1474.11,0,3.9,9,UPI
ORD202400139,2024-03-25 00:28:49.441201000,2024,3,Q1,Philippines,Mumbai,Vintage Cars,Diesel,Retail,Dealer,Global Auto,Daniel,2,31675.19,63350.38,13.8,8742.35,54608.02,41108.99,13499.04,24.72,18.0,9829.44,1477.54,0,3.7,13,Finance
ORD202400140,2024-03-25 15:05:33.277731442,2024,3,Q1,Japan,Toronto,Planes,Petrol,Retail,Direct Sales,Global Auto,Arun,13,183952.02,2391376.31,7.9,188918.73,2202457.58,1682006.4,520451.17,23.63,10.0,220245.76,54348.44,0,3.7,9,UPI
ORD202400141,2024-03-26 05:42:17.114261884,2024,3,Q1,Philippines,Oslo,Classic Cars,Petrol,Government,Online,Prime Motors,Priya,6,46258.96,277553.78,7.3,20261.43,257292.35,228102.65,29189.71,11.34,5.0,12864.62,7472.54,0,4.5,2,Cash
ORD202400142,2024-03-26 20:19:00.950792326,2024,3,Q1,Germany,Copenhagen,Trucks and Buses,Diesel,Corporate,Dealer,Speed Wheels,Daniel,10,85191.09,851910.93,14.5,123527.08,728383.84,635210.79,93173.05,12.79,10.0,72838.38,13907.66,0,4.4,4,Bank Transfer
ORD202400143,2024-03-27 10:55:44.787322768,2024,3,Q1,Switzerland,Sydney,Planes,Hybrid,Corporate,Distributor,Elite Cars,Vikram,8,105695.38,845563.07,16.6,140363.47,705199.6,497137.95,208061.65,29.5,10.0,70519.96,11814.48,0,4.6,6,Finance
ORD202400144,2024-03-28 01:32:28.623853210,2024,3,Q1,Germany,Manila,Vintage Cars,Diesel,Retail,Direct Sales,Prime Motors,Rahul,1,75164.0,75164.0,16.3,12251.73,62912.27,50929.43,11982.83,19.05,18.0,11324.21,2210.99,0,4.9,7,Credit Card
ORD202400145,2024-03-28 16:09:12.460383652,2024,3,Q1,Canada,Vienna,Trucks and Buses,Petrol,Fleet,Online,AutoMax,Sofia,2,78195.51,156391.01,16.1,25178.95,131212.06,102004.73,29207.33,22.26,12.0,15745.45,4322.46,0,4.6,13,Cash
ORD202400146,2024-03-29 06:45:56.296914095,2024,3,Q1,Philippines,Oslo,Vintage Cars,Diesel,Retail,Online,Global Auto,Arun,15,26828.33,402424.94,14.4,57949.19,344475.75,298703.78,45771.97,13.29,18.0,62005.63,5936.34,0,4.3,15,Cash
ORD202400147,2024-03-29 21:22:40.133444537,2024,3,Q1,India,Brussels,Classic Cars,Petrol,Retail,Distributor,Prime Motors,Arun,11,51208.5,563293.49,7.5,42247.01,521046.48,396926.12,124120.36,23.82,18.0,93788.37,24465.34,1,3.5,8,Finance
ORD202400148,2024-03-30 11:59:23.969974979,2024,3,Q1,Germany,Paris,Trains,Diesel,Government,Dealer,City Motors,Priya,6,71088.94,426533.62,17.5,74643.38,351890.24,293333.13,58557.11,16.64,12.0,42226.83,17955.83,0,3.9,11,Cash
ORD202400149,2024-03-31 02:36:07.806505421,2024,3,Q1,Finland,Brussels,Trucks and Buses,Hybrid,Retail,Online,Prime Motors,Arun,2,36206.11,72412.22,4.6,3330.96,69081.26,60942.19,8139.07,11.78,18.0,12434.63,3689.5,0,4.7,6,UPI
ORD202400150,2024-03-31 17:12:51.643035863,2024,3,Q1,USA,New York,Classic Cars,Diesel,Fleet,Direct Sales,Elite Cars,Rahul,5,94338.14,471690.69,16.3,76885.58,394805.11,337631.95,57173.16,14.48,12.0,47376.61,14024.95,0,4.4,3,Finance
ORD202400151,2024-04-01 07:49:35.479566305,2024,4,Q2,Denmark,Vienna,Motorcycles,Hybrid,Corporate,Distributor,Prime Motors,Priya,9,13374.61,120371.53,13.0,15648.3,104723.23,92335.99,12387.24,11.83,12.0,12566.79,3191.85,0,4.0,4,Credit Card
ORD202400152,2024-04-01 22:26:19.316096747,2024,4,Q2,India,Mumbai,Vintage Cars,Petrol,Retail,Dealer,City Motors,Priya,9,59278.13,533503.14,5.3,28275.67,505227.47,393683.49,111543.99,22.08,10.0,50522.75,8000.29,0,4.7,12,Finance
ORD202400153,2024-04-02 13:03:03.152627189,2024,4,Q2,Austria,Brussels,Trucks and Buses,Petrol,Retail,Dealer,Global Auto,Sofia,8,44634.59,357076.73,5.6,19996.3,337080.43,258850.39,78230.04,23.21,10.0,33708.04,16679.04,0,3.6,2,UPI
ORD202400154,2024-04-03 03:39:46.989157631,2024,4,Q2,India,Vienna,Vintage Cars,Hybrid,Fleet,Dealer,Elite Cars,Ananya,13,47483.16,617281.06,15.8,97530.41,519750.66,396932.17,122818.49,23.63,18.0,93555.12,11851.81,0,3.8,12,Cash
ORD202400155,2024-04-03 18:16:30.825688073,2024,4,Q2,Austria,New York,Trucks and Buses,Electric,Fleet,Direct Sales,City Motors,Arun,11,54417.79,598595.7,5.5,32922.76,565672.94,411963.67,153709.27,27.17,8.0,45253.84,9458.23,1,3.1,2,Finance
ORD202400156,2024-04-04 08:53:14.662218515,2024,4,Q2,Japan,Sydney,Motorcycles,Hybrid,Retail,Dealer,Speed Wheels,Daniel,11,30340.03,333740.35,12.1,40382.58,293357.77,222675.7,70682.06,24.09,8.0,23468.62,12945.16,1,3.7,11,Finance
ORD202400157,2024-04-04 23:29:58.498748957,2024,4,Q2,France,Madrid,Classic Cars,Electric,Fleet,Dealer,Speed Wheels,Sofia,5,75042.86,375214.3,1.0,3752.14,371462.16,289637.57,81824.59,22.03,18.0,66863.19,8717.6,0,3.7,9,UPI
ORD202400158,2024-04-05 14:06:42.335279399,2024,4,Q2,Canada,Copenhagen,Classic Cars,Electric,Fleet,Online,Global Auto,Daniel,4,59006.13,236024.51,2.2,5192.54,230831.97,198501.25,32330.72,14.01,12.0,27699.84,9958.68,0,4.5,6,Bank Transfer
ORD202400159,2024-04-06 04:43:26.171809841,2024,4,Q2,Spain,Mumbai,Trains,Hybrid,Retail,Dealer,Prime Motors,Sneha,4,48190.92,192763.69,13.6,26215.86,166547.83,133989.43,32558.4,19.55,12.0,19985.74,4234.71,0,3.5,4,Finance
ORD202400160,2024-04-06 19:20:10.008340283,2024,4,Q2,Australia,London,Trains,Petrol,Government,Dealer,Speed Wheels,Rahul,8,48163.25,385305.97,12.8,49319.16,335986.8,235508.53,100478.27,29.91,10.0,33598.68,7905.96,1,3.4,14,Bank Transfer
ORD202400161,2024-04-07 09:56:53.844870725,2024,4,Q2,USA,Zurich,Classic Cars,Electric,Retail,Direct Sales,AutoMax,Daniel,8,75081.07,600648.58,15.5,93100.53,507548.05,357625.19,149922.86,29.54,10.0,50754.81,9763.55,0,3.7,2,UPI
ORD202400162,2024-04-08 00:33:37.681401167,2024,4,Q2,Canada,Vienna,Motorcycles,Petrol,Corporate,Direct Sales,Global Auto,Sneha,11,23076.24,253838.67,12.4,31476.0,222362.68,165571.52,56791.16,25.54,8.0,17789.01,9001.51,0,4.4,12,Cash
ORD202400163,2024-04-08 15:10:21.517931609,2024,4,Q2,Sweden,Sydney,Classic Cars,Petrol,Retail,Dealer,AutoMax,Rahul,12,46918.74,563024.84,11.0,61932.73,501092.11,364187.6,136904.51,27.32,8.0,40087.37,20912.93,1,3.0,7,Cash
ORD202400164,2024-04-09 05:47:05.354462051,2024,4,Q2,Finland,Vienna,Trains,Electric,Fleet,Online,Prime Motors,Rahul,2,34986.99,69973.98,9.6,6717.5,63256.47,43955.42,19301.06,30.51,12.0,7590.78,1436.7,0,3.9,3,UPI
ORD202400165,2024-04-09 20:23:49.190992493,2024,4,Q2,UK,Berlin,Vintage Cars,Diesel,Retail,Dealer,AutoMax,Arun,1,51189.34,51189.34,1.7,870.22,50319.12,44839.23,5479.89,10.89,12.0,6038.29,918.88,1,4.1,12,Finance
ORD202400166,2024-04-10 11:00:33.027522935,2024,4,Q2,Canada,Copenhagen,Classic Cars,Petrol,Fleet,Dealer,Prime Motors,Arun,13,66762.73,867915.53,13.8,119772.34,748143.18,560762.56,187380.62,25.05,10.0,74814.32,36728.1,0,3.9,4,Finance
ORD202400167,2024-04-11 01:37:16.864053377,2024,4,Q2,Spain,Madrid,Ships,Petrol,Government,Direct Sales,City Motors,Ananya,12,89204.9,1070458.76,11.9,127384.59,943074.17,703141.41,239932.75,25.44,18.0,169753.35,18261.67,0,3.7,4,Credit Card
ORD202400168,2024-04-11 16:14:00.700583819,2024,4,Q2,Denmark,Paris,Vintage Cars,Petrol,Retail,Online,Global Auto,Vikram,2,32879.32,65758.63,17.1,11244.73,54513.91,39695.17,14818.74,27.18,18.0,9812.5,2345.33,0,4.4,9,Finance
ORD202400169,2024-04-12 06:50:44.537114261,2024,4,Q2,Finland,Manila,Vintage Cars,Hybrid,Fleet,Dealer,Prime Motors,Sofia,8,33978.17,271825.39,7.3,19843.25,251982.13,225219.38,26762.76,10.62,5.0,12599.11,13083.71,0,4.0,11,UPI
ORD202400170,2024-04-12 21:27:28.373644703,2024,4,Q2,Finland,Helsinki,Trains,Electric,Retail,Dealer,Prime Motors,Arun,4,34552.74,138210.97,0.5,691.05,137519.92,118724.05,18795.87,13.67,10.0,13751.99,4060.94,0,4.8,2,Cash
ORD202400171,2024-04-13 12:04:12.210175145,2024,4,Q2,Belgium,Toronto,Trucks and Buses,Hybrid,Corporate,Dealer,Elite Cars,Daniel,3,48386.62,145159.87,1.2,1741.92,143417.96,108144.78,35273.17,24.59,10.0,14341.8,7400.11,1,4.4,9,Finance
ORD202400172,2024-04-14 02:40:56.046705587,2024,4,Q2,Canada,Oslo,Vintage Cars,Petrol,Retail,Dealer,Prime Motors,Sofia,15,39477.89,592168.32,6.8,40267.45,551900.87,450059.33,101841.54,18.45,10.0,55190.09,27899.38,0,4.1,4,UPI
ORD202400173,2024-04-14 17:17:39.883236030,2024,4,Q2,Philippines,Oslo,Vintage Cars,Electric,Retail,Direct Sales,Elite Cars,Rahul,7,25726.11,180082.79,9.6,17287.95,162794.84,118394.78,44400.06,27.27,18.0,29303.07,2814.45,0,3.7,5,Bank Transfer
ORD202400174,2024-04-15 07:54:23.719766472,2024,4,Q2,UK,Berlin,Ships,Diesel,Corporate,Distributor,Speed Wheels,Priya,8,89744.39,717955.15,11.1,79693.02,638262.13,486415.85,151846.28,23.79,5.0,31913.11,20323.23,1,5.0,13,Credit Card
ORD202400175,2024-04-15 22:31:07.556296914,2024,4,Q2,Sweden,Singapore,Ships,Diesel,Retail,Online,City Motors,Meera,9,97532.95,877796.59,4.3,37745.25,840051.33,674832.92,165218.41,19.67,10.0,84005.13,36346.52,0,3.5,5,Cash
ORD202400176,2024-04-16 13:07:51.392827356,2024,4,Q2,Belgium,Oslo,Planes,Electric,Retail,Dealer,Prime Motors,Vikram,14,116515.62,1631218.66,16.1,262626.2,1368592.46,1161790.41,206802.05,15.11,18.0,246346.64,28888.44,0,4.1,5,UPI
ORD202400177,2024-04-17 03:44:35.229357798,2024,4,Q2,Finland,Helsinki,Trains,Petrol,Corporate,Distributor,Elite Cars,Meera,1,30473.28,30473.28,6.7,2041.71,28431.57,22361.43,6070.14,21.35,10.0,2843.16,858.5,1,4.4,10,Credit Card
ORD202400178,2024-04-17 18:21:19.065888240,2024,4,Q2,India,Singapore,Trucks and Buses,Electric,Retail,Direct Sales,Elite Cars,Ananya,4,63199.0,252795.99,16.9,42722.52,210073.47,172413.12,37660.36,17.93,10.0,21007.35,3958.01,1,4.1,7,Credit Card
ORD202400179,2024-04-18 08:58:02.902418682,2024,4,Q2,Italy,Zurich,Planes,Hybrid,Corporate,Online,City Motors,Karthik,15,130788.95,1961834.24,14.1,276618.63,1685215.61,1244489.98,440725.63,26.15,18.0,303338.81,71628.75,0,3.9,4,Credit Card
ORD202400180,2024-04-18 23:34:46.738949124,2024,4,Q2,Canada,Paris,Vintage Cars,Diesel,Corporate,Distributor,Global Auto,Vikram,3,43977.17,131931.52,14.1,18602.34,113329.18,94155.41,19173.77,16.92,18.0,20399.25,5529.04,0,3.4,9,Finance
ORD202400181,2024-04-19 14:11:30.575479566,2024,4,Q2,France,Berlin,Motorcycles,Hybrid,Retail,Dealer,City Motors,Meera,4,26137.63,104550.54,4.3,4495.67,100054.87,78500.72,21554.15,21.54,12.0,12006.58,4828.01,0,4.6,11,Finance
ORD202400182,2024-04-20 04:48:14.412010008,2024,4,Q2,Denmark,Stockholm,Trains,Hybrid,Retail,Dealer,Prime Motors,Ananya,10,24957.83,249578.28,16.0,39932.52,209645.75,170514.72,39131.03,18.67,10.0,20964.58,7525.05,0,3.6,15,UPI
ORD202400183,2024-04-20 19:24:58.248540450,2024,4,Q2,Norway,Oslo,Trucks and Buses,Petrol,Retail,Direct Sales,City Motors,Vikram,9,38479.41,346314.71,5.6,19393.62,326921.08,260696.98,66224.11,20.26,10.0,32692.11,15564.86,0,4.3,13,Credit Card
ORD202400184,2024-04-21 10:01:42.085070892,2024,4,Q2,Canada,Oslo,Vintage Cars,Petrol,Fleet,Dealer,Global Auto,Vikram,1,32748.81,32748.81,8.1,2652.65,30096.15,22700.77,7395.38,24.57,5.0,1504.81,1568.63,0,4.2,11,Bank Transfer
ORD202400185,2024-04-22 00:38:25.921601334,2024,4,Q2,USA,Manila,Motorcycles,Diesel,Retail,Online,AutoMax,Arun,10,38748.68,387486.76,1.5,5812.3,381674.45,342187.81,39486.65,10.35,18.0,68701.4,19463.62,1,3.9,10,Bank Transfer
ORD202400186,2024-04-22 15:15:09.758131776,2024,4,Q2,UK,London,Ships,Diesel,Retail,Distributor,Prime Motors,Sofia,14,89941.65,1259183.06,4.5,56663.24,1202519.82,961810.0,240709.82,20.02,12.0,144302.38,36219.0,0,3.7,11,UPI
ORD202400187,2024-04-23 05:51:53.594662218,2024,4,Q2,Norway,London,Classic Cars,Hybrid,Retail,Dealer,Global Auto,Sofia,10,32282.34,322823.45,13.4,43258.34,279565.11,212971.4,66593.71,23.82,12.0,33547.81,14458.88,0,3.9,5,UPI
ORD202400188,2024-04-23 20:28:37.431192660,2024,4,Q2,Spain,Paris,Trucks and Buses,Petrol,Corporate,Direct Sales,Global Auto,Karthik,15,69113.98,1036709.75,1.9,19697.49,1017012.27,912682.34,104329.93,10.26,12.0,122041.47,21757.94,0,3.3,8,Cash
ORD202400189,2024-04-24 11:05:21.267723102,2024,4,Q2,Belgium,Mumbai,Classic Cars,Petrol,Fleet,Online,Elite Cars,Priya,8,52589.32,420714.55,9.2,38705.74,382008.81,340567.8,41441.01,10.85,18.0,68761.59,9983.55,0,3.7,4,UPI
ORD202400190,2024-04-25 01:42:05.104253544,2024,4,Q2,Belgium,Sydney,Vintage Cars,Petrol,Retail,Distributor,Prime Motors,Priya,6,28877.62,173265.72,1.9,3292.05,169973.67,149478.17,20495.5,12.06,18.0,30595.26,8477.41,0,3.8,6,UPI
ORD202400191,2024-04-25 16:18:48.940783986,2024,4,Q2,Australia,Manila,Trains,Diesel,Retail,Direct Sales,Elite Cars,Vikram,11,32593.56,358529.13,1.3,4660.88,353868.25,300743.51,53124.75,15.01,18.0,63696.29,8231.47,1,3.7,13,Cash
ORD202400192,2024-04-26 06:55:32.777314428,2024,4,Q2,Japan,Oslo,Trains,Diesel,Corporate,Distributor,Prime Motors,Arun,3,68652.95,205958.86,17.4,35836.84,170122.02,122279.14,47842.88,28.12,5.0,8506.1,5369.9,0,4.6,12,Credit Card
ORD202400193,2024-04-26 21:32:16.613844870,2024,4,Q2,India,Paris,Trains,Petrol,Fleet,Dealer,Speed Wheels,Vikram,9,54688.99,492200.92,5.6,27563.25,464637.66,350898.61,113739.05,24.48,8.0,37171.01,13049.66,0,3.5,12,Cash
ORD202400194,2024-04-27 12:09:00.450375312,2024,4,Q2,France,Brussels,Vintage Cars,Diesel,Retail,Direct Sales,City Motors,Daniel,10,50322.06,503220.64,3.2,16103.06,487117.58,401141.57,85976.01,17.65,12.0,58454.11,15991.3,0,3.2,5,Bank Transfer
ORD202400195,2024-04-28 02:45:44.286905754,2024,4,Q2,UK,Vienna,Vintage Cars,Petrol,Corporate,Dealer,Elite Cars,Sneha,11,55389.84,609288.22,11.5,70068.15,539220.07,428301.07,110919.0,20.57,8.0,43137.61,25627.89,0,4.1,5,Bank Transfer
ORD202400196,2024-04-28 17:22:28.123436196,2024,4,Q2,Singapore,Berlin,Vintage Cars,Petrol,Corporate,Dealer,Prime Motors,Sofia,3,41562.78,124688.33,18.0,22443.9,102244.43,88306.62,13937.81,13.63,10.0,10224.44,3440.87,0,4.3,10,UPI
ORD202400197,2024-04-29 07:59:11.959966638,2024,4,Q2,Spain,Paris,Classic Cars,Diesel,Retail,Distributor,Speed Wheels,Vikram,13,59753.04,776789.53,11.4,88554.01,688235.52,525817.36,162418.16,23.6,12.0,82588.26,25306.98,1,4.6,13,Bank Transfer
ORD202400198,2024-04-29 22:35:55.796497080,2024,4,Q2,Finland,Toronto,Motorcycles,Petrol,Government,Distributor,AutoMax,Vikram,6,15261.24,91567.44,2.2,2014.48,89552.95,77908.04,11644.92,13.0,8.0,7164.24,4139.64,0,3.6,4,Credit Card
ORD202400199,2024-04-30 13:12:39.633027522,2024,4,Q2,UK,New York,Vintage Cars,Petrol,Corporate,Distributor,Elite Cars,Sneha,7,54828.06,383796.39,17.8,68315.76,315480.63,281377.47,34103.16,10.81,8.0,25238.45,12523.71,0,5.0,12,Cash
ORD202400200,2024-05-01 03:49:23.469557964,2024,5,Q2,Germany,Sydney,Vintage Cars,Diesel,Corporate,Direct Sales,Elite Cars,Rahul,13,52844.6,686979.77,8.8,60454.22,626525.55,548730.06,77795.49,12.42,18.0,112774.6,30136.42,1,3.0,3,Finance
ORD202400201,2024-05-01 18:26:07.306088406,2024,5,Q2,Austria,Paris,Motorcycles,Petrol,Fleet,Online,Prime Motors,Arun,11,13314.86,146463.48,5.2,7616.1,138847.38,110147.41,28699.97,20.67,10.0,13884.74,4537.42,1,4.0,15,UPI
ORD202400202,2024-05-02 09:02:51.142618848,2024,5,Q2,Canada,Paris,Vintage Cars,Petrol,Retail,Dealer,AutoMax,Meera,12,36317.72,435812.66,17.8,77574.65,358238.01,273779.77,84458.23,23.58,18.0,64482.84,12306.44,0,4.9,7,Credit Card
ORD202400203,2024-05-02 23:39:34.979149290,2024,5,Q2,Sweden,Vienna,Ships,Electric,Retail,Online,Speed Wheels,Sneha,12,64784.3,777411.55,11.0,85515.27,691896.28,509957.52,181938.76,26.3,8.0,55351.7,16978.28,1,4.6,7,UPI
ORD202400204,2024-05-03 14:16:18.815679732,2024,5,Q2,Philippines,Sydney,Vintage Cars,Petrol,Retail,Dealer,Speed Wheels,Arun,11,29303.01,322333.14,4.5,14504.99,307828.15,232829.12,74999.03,24.36,18.0,55409.07,8253.72,0,4.8,2,Bank Transfer
ORD202400205,2024-05-04 04:53:02.652210174,2024,5,Q2,Denmark,Rome,Ships,Petrol,Retail,Online,AutoMax,Karthik,9,85139.69,766257.17,0.7,5363.8,760893.37,584662.64,176230.73,23.16,5.0,38044.67,25772.81,1,3.5,11,Finance
ORD202400206,2024-05-04 19:29:46.488740616,2024,5,Q2,Philippines,Paris,Trucks and Buses,Petrol,Fleet,Online,Elite Cars,Vikram,4,50229.55,200918.18,4.7,9443.15,191475.03,143639.19,47835.84,24.98,12.0,22977.0,4515.28,0,3.8,5,UPI
ORD202400207,2024-05-05 10:06:30.325271058,2024,5,Q2,Spain,London,Trucks and Buses,Petrol,Retail,Direct Sales,City Motors,Sofia,5,51584.09,257920.47,8.8,22697.0,235223.47,184468.63,50754.83,21.58,12.0,28226.82,4809.46,0,4.3,8,Credit Card
ORD202400208,2024-05-06 00:43:14.161801500,2024,5,Q2,Spain,Paris,Ships,Petrol,Retail,Dealer,Elite Cars,Meera,5,108440.21,542201.05,16.8,91089.78,451111.28,400697.7,50413.58,11.18,10.0,45111.13,21105.81,0,3.4,8,Credit Card
ORD202400209,2024-05-06 15:19:57.998331942,2024,5,Q2,Denmark,Helsinki,Vintage Cars,Petrol,Retail,Dealer,Speed Wheels,Karthik,3,28307.86,84923.57,13.5,11464.68,73458.89,53991.11,19467.79,26.5,12.0,8815.07,2338.77,0,4.3,12,UPI
ORD202400210,2024-05-07 05:56:41.834862384,2024,5,Q2,Norway,Helsinki,Classic Cars,Petrol,Corporate,Online,Elite Cars,Ananya,12,40773.71,489284.52,13.2,64585.56,424698.96,363290.15,61408.81,14.46,12.0,50963.88,18297.91,0,3.7,4,Cash
ORD202400211,2024-05-07 20:33:25.671392826,2024,5,Q2,Belgium,Manila,Trucks and Buses,Diesel,Retail,Online,Elite Cars,Ananya,6,53535.74,321214.42,15.3,49145.81,272068.62,216393.57,55675.05,20.46,10.0,27206.86,7382.22,1,4.4,2,Bank Transfer
ORD202400212,2024-05-08 11:10:09.507923268,2024,5,Q2,UK,Vienna,Planes,Petrol,Retail,Dealer,Elite Cars,Vikram,3,137246.02,411738.05,7.7,31703.83,380034.22,282708.65,97325.57,25.61,8.0,30402.74,16207.37,1,3.3,7,UPI
ORD202400213,2024-05-09 01:46:53.344453710,2024,5,Q2,UK,Berlin,Planes,Petrol,Government,Distributor,Global Auto,Sneha,6,176847.44,1061084.66,5.5,58359.66,1002725.0,819502.09,183222.91,18.27,8.0,80218.0,44521.41,1,3.6,5,Credit Card
ORD202400214,2024-05-09 16:23:37.180984152,2024,5,Q2,Switzerland,Mumbai,Classic Cars,Hybrid,Government,Dealer,Global Auto,Vikram,11,37352.55,410878.04,2.0,8217.56,402660.48,276837.4,125823.08,31.25,10.0,40266.05,18711.84,0,4.2,8,Credit Card
ORD202400215,2024-05-10 07:00:21.017514594,2024,5,Q2,Germany,Stockholm,Trucks and Buses,Hybrid,Government,Online,Prime Motors,Vikram,11,79711.71,876828.85,5.7,49979.24,826849.61,700314.09,126535.51,15.3,8.0,66147.97,12467.2,0,4.1,4,UPI
ORD202400216,2024-05-10 21:37:04.854045036,2024,5,Q2,Denmark,Tokyo,Vintage Cars,Petrol,Retail,Online,Speed Wheels,Vikram,11,24277.5,267052.54,11.3,30176.94,236875.6,177278.7,59596.9,25.16,10.0,23687.56,3612.54,0,3.6,7,Credit Card
ORD202400217,2024-05-11 12:13:48.690575478,2024,5,Q2,Switzerland,Sydney,Classic Cars,Petrol,Government,Online,AutoMax,Sneha,4,53169.62,212678.48,15.8,33603.2,179075.28,158053.08,21022.21,11.74,18.0,32233.55,4770.45,1,4.4,13,Finance
ORD202400218,2024-05-12 02:50:32.527105920,2024,5,Q2,Austria,Helsinki,Classic Cars,Petrol,Retail,Distributor,Elite Cars,Arun,5,38775.57,193877.86,1.8,3489.8,190388.06,145580.27,44807.79,23.53,8.0,15231.04,5062.49,0,4.2,3,Credit Card
ORD202400219,2024-05-12 17:27:16.363636362,2024,5,Q2,USA,Oslo,Classic Cars,Hybrid,Retail,Distributor,Global Auto,Rahul,7,99952.03,699664.2,3.4,23788.58,675875.62,600810.25,75065.37,11.11,18.0,121657.61,34283.82,1,4.1,6,Bank Transfer
ORD202400220,2024-05-13 08:04:00.200166804,2024,5,Q2,Belgium,Berlin,Trains,Petrol,Retail,Distributor,Global Auto,Sofia,1,42779.4,42779.4,13.6,5818.0,36961.41,27934.49,9026.92,24.42,10.0,3696.14,940.56,1,4.1,15,Cash
ORD202400221,2024-05-13 22:40:44.036697246,2024,5,Q2,Sweden,Copenhagen,Ships,Diesel,Government,Direct Sales,Elite Cars,Arun,3,91637.28,274911.83,10.7,29415.57,245496.26,198079.09,47417.17,19.31,8.0,19639.7,12286.97,0,4.4,15,Finance
ORD202400222,2024-05-14 13:17:27.873227688,2024,5,Q2,Switzerland,Paris,Trucks and Buses,Petrol,Retail,Online,City Motors,Daniel,11,42664.66,469311.22,6.0,28158.67,441152.55,310397.51,130755.04,29.64,5.0,22057.63,22076.29,1,4.4,2,UPI
ORD202400223,2024-05-15 03:54:11.709758130,2024,5,Q2,USA,Mumbai,Vintage Cars,Electric,Retail,Online,Prime Motors,Priya,4,85926.08,343704.31,10.0,34370.43,309333.88,255391.38,53942.5,17.44,18.0,55680.1,5775.03,0,5.0,13,Credit Card
ORD202400224,2024-05-15 18:30:55.546288572,2024,5,Q2,Spain,Helsinki,Classic Cars,Diesel,Fleet,Dealer,Elite Cars,Rahul,5,67251.11,336255.57,16.3,54809.66,281445.91,232862.56,48583.35,17.26,12.0,33773.51,7239.7,0,4.5,2,Bank Transfer
ORD202400225,2024-05-16 09:07:39.382819016,2024,5,Q2,Spain,Toronto,Classic Cars,Petrol,Corporate,Distributor,Speed Wheels,Priya,5,57168.14,285840.72,2.1,6002.66,279838.06,243906.18,35931.88,12.84,18.0,50370.85,7420.5,0,4.3,9,Credit Card
ORD202400226,2024-05-16 23:44:23.219349458,2024,5,Q2,Canada,Tokyo,Classic Cars,Petrol,Retail,Dealer,Speed Wheels,Sofia,14,65470.51,916587.2,13.3,121906.1,794681.1,609064.87,185616.23,23.36,18.0,143042.6,31785.93,1,3.6,10,Credit Card
ORD202400227,2024-05-17 14:21:07.055879900,2024,5,Q2,Austria,Singapore,Motorcycles,Electric,Corporate,Distributor,Elite Cars,Priya,5,15665.52,78327.61,14.4,11279.18,67048.44,52680.4,14368.04,21.43,8.0,5363.87,1368.28,1,5.0,6,UPI
ORD202400228,2024-05-18 04:57:50.892410342,2024,5,Q2,Finland,Copenhagen,Classic Cars,Diesel,Government,Direct Sales,Speed Wheels,Arun,15,40865.65,612984.68,6.7,41069.97,571914.71,440006.6,131908.11,23.06,10.0,57191.47,18182.54,0,4.1,11,Bank Transfer
ORD202400229,2024-05-18 19:34:34.728940784,2024,5,Q2,Switzerland,Berlin,Vintage Cars,Petrol,Fleet,Dealer,Speed Wheels,Daniel,12,32214.44,386573.31,15.3,59145.72,327427.6,264451.2,62976.4,19.23,10.0,32742.76,12901.67,0,4.2,14,Cash
ORD202400230,2024-05-19 10:11:18.565471226,2024,5,Q2,Belgium,Vienna,Motorcycles,Hybrid,Retail,Dealer,Speed Wheels,Vikram,9,17872.02,160848.19,13.3,21392.81,139455.38,110594.63,28860.75,20.7,10.0,13945.54,4418.96,0,4.0,10,UPI
ORD202400231,2024-05-20 00:48:02.402001668,2024,5,Q2,India,Singapore,Classic Cars,Petrol,Government,Dealer,Prime Motors,Arun,13,61080.51,794046.58,12.7,100843.92,693202.67,525092.49,168110.18,24.25,12.0,83184.32,22739.56,0,4.0,3,Finance
ORD202400232,2024-05-20 15:24:46.238532110,2024,5,Q2,Belgium,Sydney,Motorcycles,Hybrid,Corporate,Distributor,Speed Wheels,Sneha,9,22300.64,200705.8,2.1,4214.82,196490.98,143079.23,53411.75,27.18,8.0,15719.28,9278.32,0,3.8,11,UPI
ORD202400233,2024-05-21 06:01:30.075062552,2024,5,Q2,USA,Berlin,Trains,Petrol,Government,Direct Sales,Global Auto,Sneha,4,81428.87,325715.47,10.6,34525.84,291189.63,252956.34,38233.29,13.13,10.0,29118.96,8250.48,0,3.2,11,Finance
ORD202400234,2024-05-21 20:38:13.911592994,2024,5,Q2,UK,Rome,Trucks and Buses,Petrol,Fleet,Dealer,Global Auto,Sneha,7,104319.03,730233.24,16.1,117567.55,612665.69,508921.28,103744.41,16.93,10.0,61266.57,28217.07,0,3.7,3,Bank Transfer
ORD202400235,2024-05-22 11:14:57.748123436,2024,5,Q2,Singapore,Singapore,Classic Cars,Petrol,Retail,Dealer,Elite Cars,Daniel,10,61344.22,613442.2,1.1,6747.86,606694.34,485455.6,121238.73,19.98,18.0,109204.98,16311.53,0,4.8,2,Bank Transfer
ORD202400236,2024-05-23 01:51:41.584653878,2024,5,Q2,Germany,Singapore,Vintage Cars,Petrol,Fleet,Dealer,City Motors,Ananya,1,71656.5,71656.5,13.8,9888.6,61767.9,51772.34,9995.56,16.18,18.0,11118.22,2995.16,0,3.6,10,Finance
ORD202400237,2024-05-23 16:28:25.421184320,2024,5,Q2,Japan,Toronto,Classic Cars,Electric,Retail,Online,Speed Wheels,Priya,15,82170.29,1232554.37,4.5,55464.95,1177089.43,846659.74,330429.69,28.07,10.0,117708.94,59349.11,0,4.4,14,Credit Card
ORD202400238,2024-05-24 07:05:09.257714762,2024,5,Q2,Singapore,Madrid,Classic Cars,Hybrid,Retail,Distributor,Prime Motors,Daniel,4,44836.66,179346.66,6.2,11119.49,168227.16,147790.85,20436.31,12.15,12.0,20187.26,7259.36,0,4.0,4,Credit Card
ORD202400239,2024-05-24 21:41:53.094245204,2024,5,Q2,Philippines,Stockholm,Trains,Electric,Retail,Online,Elite Cars,Ananya,4,30238.03,120952.14,0.1,120.95,120831.19,102679.86,18151.33,15.02,8.0,9666.49,5593.26,0,5.0,11,UPI
ORD202400240,2024-05-25 12:18:36.930775646,2024,5,Q2,Belgium,Mumbai,Planes,Petrol,Fleet,Online,Speed Wheels,Meera,1,69532.41,69532.41,3.9,2711.76,66820.65,51903.41,14917.23,22.32,10.0,6682.06,2881.0,1,4.3,4,Finance
ORD202400241,2024-05-26 02:55:20.767306088,2024,5,Q2,Norway,Berlin,Trains,Diesel,Corporate,Direct Sales,Speed Wheels,Sofia,12,27567.78,330813.35,17.9,59215.59,271597.76,222149.21,49448.55,18.21,18.0,48887.6,8222.84,0,3.5,14,Cash
ORD202400242,2024-05-26 17:32:04.603836530,2024,5,Q2,Italy,New York,Vintage Cars,Diesel,Fleet,Dealer,AutoMax,Sneha,2,54791.7,109583.4,9.8,10739.17,98844.23,84556.71,14287.51,14.45,8.0,7907.54,1855.84,0,4.2,11,Bank Transfer
ORD202400243,2024-05-27 08:08:48.440366972,2024,5,Q2,Switzerland,Vienna,Classic Cars,Hybrid,Retail,Dealer,City Motors,Sneha,12,45694.57,548334.88,15.0,82250.23,466084.64,384154.19,81930.45,17.58,12.0,55930.16,21505.57,1,4.0,4,UPI
ORD202400244,2024-05-27 22:45:32.276897414,2024,5,Q2,Spain,Manila,Motorcycles,Hybrid,Retail,Dealer,Global Auto,Daniel,13,23585.36,306609.69,15.8,48444.33,258165.36,176349.12,81816.24,31.69,5.0,12908.27,9040.74,0,3.0,9,Bank Transfer
ORD202400245,2024-05-28 13:22:16.113427856,2024,5,Q2,Germany,Mumbai,Vintage Cars,Hybrid,Retail,Dealer,City Motors,Ananya,15,59494.03,892410.43,13.1,116905.77,775504.67,534528.93,240975.74,31.07,12.0,93060.56,39440.06,0,4.4,6,Bank Transfer
ORD202400246,2024-05-29 03:58:59.949958298,2024,5,Q2,Italy,Oslo,Vintage Cars,Petrol,Retail,Online,AutoMax,Arun,7,51453.6,360175.23,9.9,35657.35,324517.88,279875.36,44642.52,13.76,18.0,58413.22,13805.27,0,4.0,3,Cash
ORD202400247,2024-05-29 18:35:43.786488740,2024,5,Q2,India,Madrid,Trains,Diesel,Retail,Dealer,Elite Cars,Ananya,10,56899.12,568991.21,11.9,67709.95,501281.25,365302.47,135978.79,27.13,12.0,60153.75,21681.34,1,4.5,8,UPI
ORD202400248,2024-05-30 09:12:27.623019182,2024,5,Q2,Finland,Vienna,Trains,Hybrid,Corporate,Dealer,City Motors,Ananya,10,26759.35,267593.51,5.2,13914.86,253678.64,211070.72,42607.92,16.8,12.0,30441.44,7484.37,0,5.0,5,Finance
ORD202400249,2024-05-30 23:49:11.459549624,2024,5,Q2,USA,Stockholm,Vintage Cars,Hybrid,Fleet,Online,AutoMax,Priya,10,80557.8,805578.01,6.3,50751.41,754826.59,549967.8,204858.79,27.14,18.0,135868.79,31792.71,0,3.5,14,Bank Transfer
ORD202400250,2024-05-31 14:25:55.296080066,2024,5,Q2,Norway,Madrid,Classic Cars,Electric,Retail,Dealer,City Motors,Arun,3,49125.41,147376.24,13.3,19601.04,127775.2,89695.86,38079.34,29.8,10.0,12777.52,6754.71,1,4.8,15,Cash
ORD202400251,2024-06-01 05:02:39.132610508,2024,6,Q2,Norway,Paris,Vintage Cars,Petrol,Retail,Distributor,Elite Cars,Rahul,13,35746.19,464700.45,9.9,46005.34,418695.1,362472.41,56222.69,13.43,10.0,41869.51,7613.72,0,4.5,6,Finance
ORD202400252,2024-06-01 19:39:22.969140950,2024,6,Q2,Spain,Toronto,Motorcycles,Electric,Corporate,Distributor,Speed Wheels,Sofia,6,22124.13,132744.76,4.6,6106.26,126638.5,87369.69,39268.81,31.01,5.0,6331.92,6318.95,1,4.9,9,Finance
ORD202400253,2024-06-02 10:16:06.805671392,2024,6,Q2,UK,Vienna,Motorcycles,Petrol,Corporate,Direct Sales,City Motors,Vikram,14,32149.36,450090.99,16.5,74265.01,375825.98,327518.87,48307.11,12.85,8.0,30066.08,9724.97,1,4.0,4,UPI
ORD202400254,2024-06-03 00:52:50.642201834,2024,6,Q2,Philippines,Copenhagen,Trucks and Buses,Hybrid,Retail,Direct Sales,Prime Motors,Vikram,11,47399.63,521395.98,10.2,53182.39,468213.59,331452.23,136761.36,29.21,8.0,37457.09,19572.49,0,3.4,14,Finance
ORD202400255,2024-06-03 15:29:34.478732276,2024,6,Q2,Spain,Toronto,Trucks and Buses,Petrol,Retail,Dealer,Prime Motors,Rahul,1,55418.38,55418.38,15.7,8700.69,46717.7,35509.43,11208.27,23.99,10.0,4671.77,1673.01,1,4.0,8,Finance
ORD202400256,2024-06-04 06:06:18.315262718,2024,6,Q2,Singapore,Mumbai,Trucks and Buses,Electric,Retail,Dealer,Speed Wheels,Rahul,11,45095.1,496046.13,6.9,34227.18,461818.95,380604.89,81214.06,17.59,8.0,36945.52,8405.51,0,3.6,6,Finance
ORD202400257,2024-06-04 20:43:02.151793160,2024,6,Q2,India,Brussels,Ships,Petrol,Retail,Distributor,Elite Cars,Rahul,14,106181.7,1486543.83,14.3,212575.77,1273968.06,973355.49,300612.57,23.6,12.0,152876.17,64139.5,0,4.3,8,Finance
ORD202400258,2024-06-05 11:19:45.988323602,2024,6,Q2,UK,Sydney,Classic Cars,Electric,Government,Direct Sales,Elite Cars,Ananya,2,60832.13,121664.27,11.2,13626.4,108037.87,82689.93,25347.94,23.46,5.0,5401.89,4251.15,0,4.9,5,Credit Card
ORD202400259,2024-06-06 01:56:29.824854044,2024,6,Q2,Finland,Stockholm,Vintage Cars,Petrol,Fleet,Online,Elite Cars,Daniel,6,31659.38,189956.31,8.7,16526.2,173430.11,137380.01,36050.1,20.79,12.0,20811.61,7429.51,0,3.6,3,Cash
ORD202400260,2024-06-06 16:33:13.661384486,2024,6,Q2,Austria,Helsinki,Trucks and Buses,Diesel,Retail,Distributor,Speed Wheels,Ananya,3,52234.79,156704.37,0.3,470.11,156234.26,112189.28,44044.97,28.19,12.0,18748.11,6954.19,1,3.8,7,Finance
ORD202400261,2024-06-07 07:09:57.497914928,2024,6,Q2,Austria,Sydney,Planes,Petrol,Government,Online,Global Auto,Vikram,6,110066.82,660400.9,8.4,55473.68,604927.22,479874.28,125052.94,20.67,12.0,72591.27,20154.0,0,4.1,5,UPI
ORD202400262,2024-06-07 21:46:41.334445370,2024,6,Q2,France,Manila,Ships,Electric,Fleet,Online,Elite Cars,Priya,11,96752.49,1064277.35,0.0,0.0,1064277.35,785541.59,278735.76,26.19,18.0,191569.92,47357.37,0,4.5,11,Bank Transfer
ORD202400263,2024-06-08 12:23:25.170975812,2024,6,Q2,Austria,Stockholm,Motorcycles,Electric,Government,Direct Sales,Elite Cars,Ananya,11,15571.82,171290.02,4.2,7194.18,164095.84,114601.37,49494.47,30.16,8.0,13127.67,7011.96,0,4.2,2,Cash
ORD202400264,2024-06-09 03:00:09.007506254,2024,6,Q2,France,Manila,Motorcycles,Electric,Retail,Dealer,Global Auto,Priya,11,25492.07,280412.76,8.5,23835.08,256577.68,191855.52,64722.16,25.23,12.0,30789.32,10314.05,0,3.8,4,Finance
ORD202400265,2024-06-09 17:36:52.844036696,2024,6,Q2,Germany,Copenhagen,Trucks and Buses,Hybrid,Fleet,Direct Sales,City Motors,Rahul,12,68036.9,816442.78,17.1,139611.71,676831.06,539429.67,137401.39,20.3,8.0,54146.48,19904.36,1,4.8,13,Cash
ORD202400266,2024-06-10 08:13:36.680567138,2024,6,Q2,Finland,Tokyo,Trucks and Buses,Electric,Corporate,Dealer,AutoMax,Sofia,10,35190.14,351901.45,3.5,12316.55,339584.9,258825.67,80759.23,23.78,8.0,27166.79,16322.12,1,4.2,8,Finance
ORD202400267,2024-06-10 22:50:20.517097580,2024,6,Q2,Italy,Tokyo,Classic Cars,Electric,Retail,Direct Sales,Global Auto,Priya,15,57653.74,864806.13,13.7,118478.44,746327.69,657122.04,89205.66,11.95,12.0,89559.32,15233.54,0,2.8,7,Cash
ORD202400268,2024-06-11 13:27:04.353628022,2024,6,Q2,Spain,Singapore,Planes,Hybrid,Fleet,Direct Sales,Elite Cars,Meera,9,125056.51,1125508.59,11.2,126056.96,999451.63,761441.32,238010.31,23.81,18.0,179901.29,44811.68,1,4.1,6,Finance
ORD202400269,2024-06-12 04:03:48.190158464,2024,6,Q2,France,Oslo,Trains,Diesel,Government,Direct Sales,Elite Cars,Vikram,1,44046.35,44046.35,8.4,3699.89,40346.46,28542.26,11804.2,29.26,8.0,3227.72,1146.75,1,4.2,12,Finance
ORD202400270,2024-06-12 18:40:32.026688906,2024,6,Q2,Finland,Helsinki,Trucks and Buses,Petrol,Retail,Dealer,City Motors,Vikram,12,33736.61,404839.28,6.1,24695.2,380144.08,330652.86,49491.22,13.02,10.0,38014.41,16855.13,0,4.0,5,Finance
ORD202400271,2024-06-13 09:17:15.863219348,2024,6,Q2,Norway,New York,Motorcycles,Petrol,Corporate,Direct Sales,AutoMax,Daniel,1,11593.63,11593.63,10.5,1217.33,10376.3,7608.52,2767.78,26.67,10.0,1037.63,184.09,0,3.0,2,Finance
ORD202400272,2024-06-13 23:53:59.699749790,2024,6,Q2,France,Rome,Classic Cars,Hybrid,Retail,Direct Sales,AutoMax,Sneha,2,52176.46,104352.91,0.4,417.41,103935.5,89555.33,14380.17,13.84,12.0,12472.26,3595.8,0,4.4,10,Bank Transfer
ORD202400273,2024-06-14 14:30:43.536280232,2024,6,Q2,Belgium,Copenhagen,Trucks and Buses,Diesel,Retail,Online,Speed Wheels,Sofia,14,41026.62,574372.66,17.0,97643.35,476729.31,379345.03,97384.28,20.43,8.0,38138.34,8120.21,0,4.6,8,Credit Card
ORD202400274,2024-06-15 05:07:27.372810674,2024,6,Q2,Belgium,Berlin,Ships,Petrol,Retail,Dealer,Global Auto,Vikram,1,106905.33,106905.33,8.9,9514.57,97390.75,82118.52,15272.23,15.68,8.0,7791.26,3889.83,0,4.1,6,Cash
ORD202400275,2024-06-15 19:44:11.209341116,2024,6,Q2,USA,Helsinki,Classic Cars,Diesel,Fleet,Distributor,AutoMax,Priya,6,114822.98,688937.86,13.1,90250.86,598687.0,517449.06,81237.95,13.57,10.0,59868.7,9198.16,1,4.5,3,Cash
ORD202400276,2024-06-16 10:20:55.045871558,2024,6,Q2,Singapore,Copenhagen,Vintage Cars,Diesel,Retail,Direct Sales,Elite Cars,Karthik,15,28556.59,428348.9,12.8,54828.66,373520.24,308561.3,64958.94,17.39,18.0,67233.64,10447.25,0,4.1,13,Finance
ORD202400277,2024-06-17 00:57:38.882402000,2024,6,Q2,Finland,Manila,Classic Cars,Diesel,Government,Direct Sales,Global Auto,Sneha,1,37154.84,37154.84,13.8,5127.37,32027.47,23461.4,8566.07,26.75,10.0,3202.75,1678.72,1,4.3,5,Finance
ORD202400278,2024-06-17 15:34:22.718932442,2024,6,Q2,Australia,Copenhagen,Classic Cars,Electric,Fleet,Dealer,Elite Cars,Ananya,12,48702.11,584425.26,13.5,78897.41,505527.85,451062.68,54465.17,10.77,18.0,90995.01,24134.27,0,3.7,12,UPI
ORD202400279,2024-06-18 06:11:06.555462884,2024,6,Q2,Australia,Singapore,Motorcycles,Hybrid,Retail,Dealer,Elite Cars,Meera,14,18304.56,256263.8,9.5,24345.06,231918.74,199644.03,32274.7,13.92,8.0,18553.5,5357.28,1,3.3,10,UPI
ORD202400280,2024-06-18 20:47:50.391993326,2024,6,Q2,Philippines,Tokyo,Motorcycles,Diesel,Retail,Online,Prime Motors,Meera,6,13861.21,83167.27,15.1,12558.26,70609.01,54949.67,15659.34,22.18,10.0,7060.9,1313.51,0,4.2,4,Finance
ORD202400281,2024-06-19 11:24:34.228523768,2024,6,Q2,Spain,Madrid,Trucks and Buses,Petrol,Fleet,Dealer,Elite Cars,Vikram,4,79414.95,317659.81,12.8,40660.46,276999.36,244035.76,32963.6,11.9,12.0,33239.92,11545.63,1,4.1,9,Finance
ORD202400282,2024-06-20 02:01:18.065054210,2024,6,Q2,Germany,Mumbai,Trucks and Buses,Hybrid,Fleet,Direct Sales,Speed Wheels,Ananya,12,97961.64,1175539.72,6.1,71707.92,1103831.79,980012.36,123819.43,11.22,12.0,132459.82,34819.41,0,4.5,6,Bank Transfer
ORD202400283,2024-06-20 16:38:01.901584652,2024,6,Q2,Germany,Copenhagen,Vintage Cars,Diesel,Fleet,Direct Sales,Speed Wheels,Sneha,14,59742.31,836392.28,1.5,12545.88,823846.39,638381.73,185464.66,22.51,10.0,82384.64,21128.13,1,3.3,11,Bank Transfer
ORD202400284,2024-06-21 07:14:45.738115094,2024,6,Q2,Belgium,Oslo,Motorcycles,Hybrid,Retail,Dealer,City Motors,Ananya,15,21492.4,322386.01,0.8,2579.09,319806.92,225770.42,94036.5,29.4,10.0,31980.69,7634.54,0,5.0,9,Credit Card
ORD202400285,2024-06-21 21:51:29.574645536,2024,6,Q2,Canada,Brussels,Ships,Hybrid,Retail,Online,Speed Wheels,Sneha,15,95446.89,1431703.37,10.4,148897.15,1282806.22,1089035.71,193770.51,15.11,12.0,153936.75,62776.66,1,4.7,4,Credit Card
ORD202400286,2024-06-22 12:28:13.411175978,2024,6,Q2,Norway,Singapore,Motorcycles,Electric,Retail,Dealer,Elite Cars,Karthik,12,13707.88,164494.58,7.5,12337.09,152157.49,134112.43,18045.06,11.86,5.0,7607.87,3478.45,0,3.3,4,Bank Transfer
ORD202400287,2024-06-23 03:04:57.247706420,2024,6,Q2,Singapore,Vienna,Trains,Hybrid,Fleet,Online,Elite Cars,Ananya,13,30434.93,395654.14,17.0,67261.2,328392.94,282736.57,45656.37,13.9,10.0,32839.29,5028.01,0,4.2,7,UPI
ORD202400288,2024-06-23 17:41:41.084236862,2024,6,Q2,Spain,Berlin,Trucks and Buses,Diesel,Retail,Dealer,Global Auto,Arun,14,79578.66,1114101.25,9.4,104725.52,1009375.73,736981.41,272394.32,26.99,10.0,100937.57,32119.93,1,4.5,11,Cash
ORD202400289,2024-06-24 08:18:24.920767304,2024,6,Q2,Singapore,Tokyo,Classic Cars,Diesel,Retail,Direct Sales,City Motors,Sofia,6,48351.94,290111.65,4.5,13055.02,277056.62,193242.13,83814.49,30.25,10.0,27705.66,8300.0,0,4.9,12,Bank Transfer
ORD202400290,2024-06-24 22:55:08.757297748,2024,6,Q2,Norway,New York,Trucks and Buses,Petrol,Retail,Dealer,Prime Motors,Ananya,6,49314.44,295886.64,15.6,46158.32,249728.32,219121.32,30607.0,12.26,10.0,24972.83,5503.2,0,4.2,4,Bank Transfer
ORD202400291,2024-06-25 13:31:52.593828190,2024,6,Q2,Belgium,Stockholm,Classic Cars,Diesel,Corporate,Online,AutoMax,Sneha,13,57671.11,749724.46,17.6,131951.51,617772.96,450700.58,167072.38,27.04,10.0,61777.3,31895.71,0,4.2,8,Finance
ORD202400292,2024-06-26 04:08:36.430358632,2024,6,Q2,Germany,Mumbai,Classic Cars,Petrol,Corporate,Direct Sales,Global Auto,Ananya,15,64721.85,970827.72,0.8,7766.62,963061.1,770958.2,192102.9,19.95,8.0,77044.89,18269.0,0,3.3,4,Bank Transfer
ORD202400293,2024-06-26 18:45:20.266889074,2024,6,Q2,Spain,Oslo,Vintage Cars,Electric,Retail,Direct Sales,Global Auto,Sofia,7,45514.57,318602.02,6.2,19753.33,298848.7,266752.92,32095.77,10.74,18.0,53792.77,15537.42,0,3.9,11,UPI
ORD202400294,2024-06-27 09:22:04.103419516,2024,6,Q2,Singapore,Singapore,Vintage Cars,Petrol,Corporate,Distributor,AutoMax,Sneha,5,43196.76,215983.82,1.9,4103.69,211880.13,165487.18,46392.95,21.9,8.0,16950.41,10600.02,1,4.7,3,Cash
ORD202400295,2024-06-27 23:58:47.939949958,2024,6,Q2,Australia,Oslo,Motorcycles,Diesel,Government,Online,Speed Wheels,Vikram,12,21321.3,255855.63,10.1,25841.42,230014.21,184801.94,45212.27,19.66,12.0,27601.71,8388.07,0,4.0,12,UPI
ORD202400296,2024-06-28 14:35:31.776480400,2024,6,Q2,Austria,Manila,Motorcycles,Petrol,Retail,Distributor,Elite Cars,Karthik,13,18193.84,236519.93,13.9,32876.27,203643.66,152695.72,50947.94,25.02,8.0,16291.49,4915.1,0,3.2,15,Bank Transfer
ORD202400297,2024-06-29 05:12:15.613010842,2024,6,Q2,Philippines,Vienna,Classic Cars,Electric,Retail,Direct Sales,Prime Motors,Rahul,5,34715.57,173577.83,1.0,1735.78,171842.05,127279.59,44562.46,25.93,10.0,17184.21,4875.75,0,4.5,15,Credit Card
ORD202400298,2024-06-29 19:48:59.449541284,2024,6,Q2,UK,Madrid,Motorcycles,Hybrid,Retail,Dealer,Prime Motors,Karthik,4,23923.32,95693.28,14.0,13397.06,82296.22,55993.53,26302.69,31.96,12.0,9875.55,2194.27,0,4.7,5,UPI
ORD202400299,2024-06-30 10:25:43.286071726,2024,6,Q2,Spain,Zurich,Ships,Petrol,Government,Dealer,Speed Wheels,Karthik,14,127400.36,1783605.1,6.6,117717.94,1665887.16,1186402.48,479484.68,28.78,5.0,83294.36,47815.78,0,4.5,12,Cash
ORD202400300,2024-07-01 01:02:27.122602168,2024,7,Q3,India,Vienna,Planes,Hybrid,Retail,Dealer,Elite Cars,Daniel,11,135414.6,1489560.56,10.5,156403.86,1333156.7,973307.72,359848.98,26.99,5.0,66657.84,31754.72,0,3.8,6,Bank Transfer
ORD202400301,2024-07-01 15:39:10.959132610,2024,7,Q3,Switzerland,Vienna,Classic Cars,Petrol,Government,Direct Sales,Global Auto,Priya,12,43154.82,517857.85,9.2,47642.92,470214.92,412094.32,58120.61,12.36,18.0,84638.69,7070.54,0,4.2,13,Bank Transfer
ORD202400302,2024-07-02 06:15:54.795663052,2024,7,Q3,Singapore,Oslo,Vintage Cars,Diesel,Government,Direct Sales,Elite Cars,Daniel,12,34993.08,419916.91,9.9,41571.77,378345.14,306102.75,72242.38,19.09,10.0,37834.51,20525.96,1,3.6,10,UPI
ORD202400303,2024-07-02 20:52:38.632193494,2024,7,Q3,Germany,Sydney,Planes,Petrol,Retail,Distributor,Prime Motors,Arun,6,134710.26,808261.55,1.7,13740.45,794521.11,576935.17,217585.93,27.39,18.0,143013.8,32112.55,0,4.7,10,Cash
ORD202400304,2024-07-03 11:29:22.468723936,2024,7,Q3,Sweden,Tokyo,Classic Cars,Diesel,Retail,Dealer,Speed Wheels,Arun,1,38542.19,38542.19,16.4,6320.92,32221.27,25344.76,6876.52,21.34,10.0,3222.13,1682.26,0,3.7,14,UPI
ORD202400305,2024-07-04 02:06:06.305254378,2024,7,Q3,USA,Copenhagen,Vintage Cars,Diesel,Retail,Dealer,Elite Cars,Daniel,15,79690.98,1195364.73,4.8,57377.51,1137987.22,920391.35,217595.87,19.12,8.0,91038.98,19835.89,0,4.4,12,Bank Transfer
ORD202400306,2024-07-04 16:42:50.141784820,2024,7,Q3,Spain,Singapore,Motorcycles,Diesel,Retail,Online,Global Auto,Meera,5,15488.02,77440.12,14.3,11073.94,66366.18,45649.31,20716.88,31.22,12.0,7963.94,1567.02,0,3.9,10,Credit Card
ORD202400307,2024-07-05 07:19:33.978315262,2024,7,Q3,Finland,Oslo,Motorcycles,Hybrid,Corporate,Direct Sales,Global Auto,Arun,12,13582.29,162987.52,4.4,7171.45,155816.07,117938.96,37877.11,24.31,10.0,15581.61,2908.99,0,4.1,11,UPI
ORD202400308,2024-07-05 21:56:17.814845704,2024,7,Q3,Sweden,Copenhagen,Vintage Cars,Electric,Corporate,Distributor,City Motors,Rahul,7,38362.65,268538.54,3.8,10204.46,258334.08,229542.27,28791.81,11.15,5.0,12916.7,13081.42,0,5.0,10,UPI
ORD202400309,2024-07-06 12:33:01.651376146,2024,7,Q3,Singapore,Paris,Classic Cars,Electric,Corporate,Direct Sales,Speed Wheels,Karthik,4,53460.22,213840.87,15.1,32289.97,181550.9,157140.51,24410.4,13.45,10.0,18155.09,4397.69,1,3.5,2,Credit Card
ORD202400310,2024-07-07 03:09:45.487906588,2024,7,Q3,France,Helsinki,Vintage Cars,Petrol,Retail,Online,Speed Wheels,Arun,4,62761.64,251046.58,16.6,41673.73,209372.85,165113.62,44259.23,21.14,18.0,37687.11,8012.97,0,3.9,3,Cash
ORD202400311,2024-07-07 17:46:29.324437030,2024,7,Q3,UK,New York,Classic Cars,Petrol,Government,Direct Sales,Global Auto,Arun,8,57610.21,460881.68,10.4,47931.69,412949.98,323710.18,89239.8,21.61,10.0,41295.0,15471.17,0,4.5,15,Finance
ORD202400312,2024-07-08 08:23:13.160967472,2024,7,Q3,Japan,Vienna,Ships,Diesel,Retail,Dealer,Elite Cars,Ananya,8,149807.79,1198462.36,6.7,80296.98,1118165.38,942254.68,175910.7,15.73,10.0,111816.54,26211.27,0,4.4,6,Finance
ORD202400313,2024-07-08 22:59:56.997497914,2024,7,Q3,Denmark,Berlin,Trains,Hybrid,Corporate,Direct Sales,Global Auto,Meera,14,35046.43,490649.96,5.7,27967.05,462682.91,360392.51,102290.4,22.11,18.0,83282.92,21356.32,0,3.5,2,Credit Card
ORD202400314,2024-07-09 13:36:40.834028356,2024,7,Q3,Sweden,Tokyo,Planes,Petrol,Retail,Online,Prime Motors,Sofia,4,70412.84,281651.38,0.2,563.3,281088.07,207972.81,73115.26,26.01,10.0,28108.81,9833.22,0,4.3,8,Finance
ORD202400315,2024-07-10 04:13:24.670558798,2024,7,Q3,Belgium,Oslo,Trains,Petrol,Government,Dealer,Elite Cars,Priya,10,48889.57,488895.74,15.5,75778.84,413116.9,325459.33,87657.57,21.22,10.0,41311.69,21876.23,0,4.7,8,Finance
ORD202400316,2024-07-10 18:50:08.507089240,2024,7,Q3,Finland,Manila,Classic Cars,Petrol,Retail,Online,Speed Wheels,Priya,5,29671.62,148358.1,11.2,16616.11,131742.0,111473.4,20268.59,15.39,18.0,23713.56,3823.65,0,4.1,14,Bank Transfer
ORD202400317,2024-07-11 09:26:52.343619682,2024,7,Q3,Japan,Sydney,Classic Cars,Diesel,Retail,Online,City Motors,Daniel,9,90823.57,817412.12,12.2,99724.28,717687.84,532573.81,185114.03,25.79,18.0,129183.81,38521.7,0,4.6,8,Bank Transfer
ORD202400318,2024-07-12 00:03:36.180150124,2024,7,Q3,France,Toronto,Motorcycles,Petrol,Retail,Dealer,Elite Cars,Sofia,15,28260.01,423900.14,13.8,58498.22,365401.92,320000.27,45401.64,12.43,10.0,36540.19,14225.53,0,4.7,14,Credit Card
ORD202400319,2024-07-12 14:40:20.016680566,2024,7,Q3,Austria,Mumbai,Classic Cars,Petrol,Fleet,Distributor,Speed Wheels,Sneha,11,32966.69,362633.56,6.6,23933.81,338699.74,296820.58,41879.16,12.36,12.0,40643.97,12083.62,1,4.4,11,Bank Transfer
ORD202400320,2024-07-13 05:17:03.853211008,2024,7,Q3,Switzerland,Helsinki,Vintage Cars,Diesel,Retail,Dealer,Global Auto,Daniel,4,34478.13,137912.54,14.7,20273.14,117639.39,84596.87,33042.52,28.09,10.0,11763.94,3520.64,0,4.0,6,Cash
ORD202400321,2024-07-13 19:53:47.689741450,2024,7,Q3,Norway,Manila,Trucks and Buses,Electric,Corporate,Direct Sales,Prime Motors,Vikram,2,55784.26,111568.51,17.5,19524.49,92044.02,63944.35,28099.67,30.53,18.0,16567.92,3551.32,1,4.1,12,Bank Transfer
ORD202400322,2024-07-14 10:30:31.526271892,2024,7,Q3,Singapore,Oslo,Planes,Electric,Fleet,Direct Sales,Prime Motors,Ananya,13,112864.86,1467243.24,0.1,1467.24,1465776.0,1003696.51,462079.48,31.52,18.0,263839.68,67979.58,0,4.0,11,Cash
ORD202400323,2024-07-15 01:07:15.362802334,2024,7,Q3,Spain,Madrid,Vintage Cars,Petrol,Government,Direct Sales,City Motors,Rahul,2,42689.64,85379.28,14.6,12465.38,72913.91,56391.91,16522.0,22.66,10.0,7291.39,2336.57,0,5.0,9,Credit Card
ORD202400324,2024-07-15 15:43:59.199332776,2024,7,Q3,UK,Berlin,Ships,Diesel,Retail,Direct Sales,Prime Motors,Meera,11,113637.32,1250010.51,1.5,18750.16,1231260.35,878781.17,352479.18,28.63,5.0,61563.02,26667.59,0,4.8,8,UPI
ORD202400325,2024-07-16 06:20:43.035863218,2024,7,Q3,Sweden,Madrid,Vintage Cars,Electric,Corporate,Direct Sales,Elite Cars,Daniel,10,31252.59,312525.9,1.7,5312.94,307212.96,246779.21,60433.75,19.67,18.0,55298.33,13695.72,1,3.9,7,Cash
ORD202400326,2024-07-16 20:57:26.872393660,2024,7,Q3,Italy,Singapore,Vintage Cars,Electric,Retail,Dealer,Prime Motors,Vikram,9,35319.87,317878.81,11.5,36556.06,281322.74,193696.55,87626.2,31.15,10.0,28132.27,11759.87,0,4.5,3,Bank Transfer
ORD202400327,2024-07-17 11:34:10.708924102,2024,7,Q3,France,Singapore,Trucks and Buses,Electric,Retail,Distributor,Speed Wheels,Daniel,13,87897.69,1142670.0,11.4,130264.38,1012405.62,798579.94,213825.68,21.12,10.0,101240.56,19423.52,0,4.3,10,Finance
ORD202400328,2024-07-18 02:10:54.545454544,2024,7,Q3,Denmark,Tokyo,Planes,Hybrid,Government,Online,Speed Wheels,Karthik,2,57684.93,115369.87,13.9,16036.41,99333.46,87443.17,11890.29,11.97,10.0,9933.35,5445.03,0,4.7,3,UPI
ORD202400329,2024-07-18 16:47:38.381984986,2024,7,Q3,Philippines,Vienna,Classic Cars,Hybrid,Retail,Direct Sales,Prime Motors,Priya,4,37591.12,150364.49,13.2,19848.11,130516.38,104265.58,26250.8,20.11,8.0,10441.31,2531.85,0,3.8,11,UPI
ORD202400330,2024-07-19 07:24:22.218515428,2024,7,Q3,Australia,Oslo,Classic Cars,Petrol,Retail,Direct Sales,Speed Wheels,Rahul,4,41422.29,165689.14,9.8,16237.54,149451.61,118509.08,30942.52,20.7,12.0,17934.19,4383.52,0,3.8,13,Credit Card
ORD202400331,2024-07-19 22:01:06.055045870,2024,7,Q3,Australia,Vienna,Planes,Hybrid,Retail,Dealer,AutoMax,Priya,5,115155.3,575776.52,1.2,6909.32,568867.2,456980.58,111886.62,19.67,5.0,28443.36,20067.27,1,4.3,4,Credit Card
ORD202400332,2024-07-20 12:37:49.891576312,2024,7,Q3,India,Rome,Vintage Cars,Petrol,Retail,Direct Sales,AutoMax,Karthik,2,66138.44,132276.87,3.3,4365.14,127911.74,98169.16,29742.58,23.25,8.0,10232.94,2028.2,0,3.1,15,Credit Card
ORD202400333,2024-07-21 03:14:33.728106754,2024,7,Q3,Sweden,London,Motorcycles,Petrol,Corporate,Distributor,AutoMax,Arun,7,18069.26,126484.85,10.1,12774.97,113709.88,82492.82,31217.06,27.45,18.0,20467.78,3077.66,1,4.3,13,Bank Transfer
ORD202400334,2024-07-21 17:51:17.564637196,2024,7,Q3,Japan,Singapore,Trains,Petrol,Retail,Dealer,City Motors,Meera,2,47004.23,94008.46,3.3,3102.28,90906.18,80401.12,10505.06,11.56,10.0,9090.62,3470.74,1,4.0,8,Cash
ORD202400335,2024-07-22 08:28:01.401167638,2024,7,Q3,Austria,New York,Classic Cars,Diesel,Retail,Distributor,Prime Motors,Daniel,12,38755.8,465069.58,0.2,930.14,464139.44,344169.34,119970.1,25.85,12.0,55696.73,8684.02,0,4.2,15,Cash
ORD202400336,2024-07-22 23:04:45.237698080,2024,7,Q3,Norway,Brussels,Trucks and Buses,Petrol,Corporate,Online,Speed Wheels,Ananya,10,38298.62,382986.24,8.6,32936.82,350049.43,260646.64,89402.78,25.54,8.0,28003.95,16785.34,0,3.8,10,Finance
ORD202400337,2024-07-23 13:41:29.074228522,2024,7,Q3,France,Stockholm,Trains,Diesel,Retail,Online,Elite Cars,Priya,13,70516.08,916709.01,8.2,75170.14,841538.87,740601.88,100936.99,11.99,12.0,100984.66,39425.42,0,4.5,12,Finance
ORD202400338,2024-07-24 04:18:12.910758964,2024,7,Q3,Finland,Copenhagen,Trains,Hybrid,Retail,Direct Sales,Speed Wheels,Karthik,7,36234.41,253640.85,14.5,36777.92,216862.93,181551.49,35311.44,16.28,18.0,39035.33,10815.83,0,4.4,5,Bank Transfer
ORD202400339,2024-07-24 18:54:56.747289406,2024,7,Q3,Denmark,Stockholm,Classic Cars,Petrol,Fleet,Online,Speed Wheels,Daniel,15,40001.45,600021.8,17.5,105003.82,495017.99,366461.55,128556.44,25.97,18.0,89103.24,8986.18,0,4.8,12,Finance
ORD202400340,2024-07-25 09:31:40.583819848,2024,7,Q3,Japan,Zurich,Trucks and Buses,Petrol,Government,Direct Sales,City Motors,Sneha,15,76875.29,1153129.31,14.1,162591.23,990538.07,691764.62,298773.46,30.16,12.0,118864.57,44906.59,0,4.5,11,Cash
ORD202400341,2024-07-26 00:08:24.420350290,2024,7,Q3,Switzerland,Stockholm,Classic Cars,Diesel,Retail,Dealer,City Motors,Vikram,2,38426.75,76853.49,9.7,7454.79,69398.7,51691.42,17707.29,25.52,12.0,8327.84,2047.47,1,3.7,12,Credit Card
ORD202400342,2024-07-26 14:45:08.256880732,2024,7,Q3,Singapore,Zurich,Classic Cars,Petrol,Corporate,Dealer,AutoMax,Rahul,5,54660.35,273301.73,17.6,48101.1,225200.62,195130.41,30070.22,13.35,10.0,22520.06,10486.26,1,4.5,15,Cash
ORD202400343,2024-07-27 05:21:52.093411174,2024,7,Q3,Singapore,Zurich,Trains,Petrol,Retail,Online,AutoMax,Sneha,6,46002.68,276016.09,0.5,1380.08,274636.01,208027.89,66608.13,24.25,8.0,21970.88,9518.73,0,4.1,2,UPI
ORD202400344,2024-07-27 19:58:35.929941616,2024,7,Q3,Japan,Singapore,Trains,Hybrid,Government,Dealer,Elite Cars,Rahul,2,68513.1,137026.19,1.1,1507.29,135518.91,94025.04,41493.87,30.62,8.0,10841.51,3961.84,0,4.5,13,Cash
ORD202400345,2024-07-28 10:35:19.766472060,2024,7,Q3,Belgium,Stockholm,Trains,Diesel,Retail,Dealer,Global Auto,Priya,15,40391.17,605867.5,0.1,605.87,605261.64,468979.92,136281.71,22.52,5.0,30263.08,16989.08,0,3.8,2,Cash
ORD202400346,2024-07-29 01:12:03.603002500,2024,7,Q3,Japan,London,Vintage Cars,Hybrid,Retail,Dealer,Speed Wheels,Karthik,6,53055.69,318334.12,1.3,4138.34,314195.78,225445.42,88750.36,28.25,8.0,25135.66,15113.28,1,4.2,10,Bank Transfer
ORD202400347,2024-07-29 15:48:47.439532944,2024,7,Q3,Canada,Tokyo,Trains,Electric,Fleet,Distributor,Speed Wheels,Sofia,11,55444.66,609891.28,6.4,39033.04,570858.23,435397.63,135460.6,23.73,10.0,57085.82,27048.05,0,4.9,2,Credit Card
ORD202400348,2024-07-30 06:25:31.276063384,2024,7,Q3,Germany,Brussels,Classic Cars,Petrol,Retail,Dealer,Speed Wheels,Rahul,6,102330.62,613983.74,4.0,24559.35,589424.39,419326.53,170097.87,28.86,18.0,106096.39,16605.39,0,3.4,13,Credit Card
ORD202400349,2024-07-30 21:02:15.112593828,2024,7,Q3,Germany,London,Trucks and Buses,Petrol,Retail,Online,Global Auto,Sneha,3,92496.57,277489.72,8.3,23031.65,254458.08,214242.89,40215.19,15.8,12.0,30534.97,4638.15,0,3.8,11,Finance
ORD202400350,2024-07-31 11:38:58.949124268,2024,7,Q3,Sweden,Rome,Ships,Petrol,Retail,Distributor,Prime Motors,Priya,14,60951.41,853319.8,4.2,35839.43,817480.36,628239.1,189241.27,23.15,18.0,147146.47,42908.13,0,2.8,10,Credit Card
ORD202400351,2024-08-01 02:15:42.785654712,2024,8,Q3,Norway,Singapore,Vintage Cars,Petrol,Corporate,Dealer,Global Auto,Priya,11,34349.17,377840.85,8.3,31360.79,346480.06,236918.75,109561.32,31.62,10.0,34648.01,9532.99,0,3.5,14,Cash
ORD202400352,2024-08-01 16:52:26.622185152,2024,8,Q3,UK,Mumbai,Trucks and Buses,Diesel,Government,Dealer,Elite Cars,Ananya,8,95219.99,761759.92,2.7,20567.52,741192.41,520943.53,220248.87,29.72,18.0,133414.63,15619.39,0,5.0,4,Cash
ORD202400353,2024-08-02 07:29:10.458715596,2024,8,Q3,UK,Singapore,Ships,Diesel,Fleet,Online,Global Auto,Ananya,9,131248.13,1181233.19,12.3,145291.68,1035941.51,917592.46,118349.05,11.42,10.0,103594.15,49856.03,1,4.3,5,Bank Transfer
ORD202400354,2024-08-02 22:05:54.295246036,2024,8,Q3,USA,New York,Vintage Cars,Petrol,Government,Distributor,City Motors,Priya,7,65407.98,457855.85,11.5,52653.42,405202.42,303461.27,101741.15,25.11,5.0,20260.12,20525.69,0,4.3,12,Cash
ORD202400355,2024-08-03 12:42:38.131776480,2024,8,Q3,Canada,Singapore,Vintage Cars,Diesel,Retail,Distributor,Elite Cars,Ananya,9,47697.43,429276.83,10.2,43786.24,385490.59,308049.26,77441.33,20.09,8.0,30839.25,15317.49,0,5.0,12,UPI
ORD202400356,2024-08-04 03:19:21.968306920,2024,8,Q3,Norway,Helsinki,Vintage Cars,Electric,Retail,Direct Sales,City Motors,Meera,7,22390.02,156730.12,11.4,17867.23,138862.89,109617.04,29245.85,21.06,10.0,13886.29,2474.32,0,4.3,8,Cash
ORD202400357,2024-08-04 17:56:05.804837364,2024,8,Q3,Norway,Singapore,Planes,Petrol,Fleet,Dealer,City Motors,Priya,9,84852.04,763668.37,12.7,96985.88,666682.49,581849.28,84833.2,12.72,5.0,33334.12,11567.9,0,4.8,9,Finance
ORD202400358,2024-08-05 08:32:49.641367804,2024,8,Q3,Canada,Tokyo,Motorcycles,Diesel,Fleet,Dealer,Speed Wheels,Rahul,9,22774.42,204969.74,11.8,24186.43,180783.31,137334.93,43448.39,24.03,12.0,21694.0,9388.61,1,3.0,2,Finance
ORD202400359,2024-08-05 23:09:33.477898248,2024,8,Q3,Philippines,Tokyo,Motorcycles,Petrol,Fleet,Online,Global Auto,Priya,7,17227.84,120594.9,4.4,5306.18,115288.72,92018.6,23270.12,20.18,18.0,20751.97,5587.91,0,3.6,12,Finance
ORD202400360,2024-08-06 13:46:17.314428688,2024,8,Q3,Italy,Vienna,Motorcycles,Hybrid,Retail,Dealer,Elite Cars,Karthik,4,27241.24,108964.97,14.2,15473.03,93491.95,66072.95,27419.0,29.33,18.0,16828.55,2315.86,0,4.6,13,Credit Card
ORD202400361,2024-08-07 04:23:01.150959132,2024,8,Q3,Philippines,Mumbai,Classic Cars,Petrol,Corporate,Dealer,Global Auto,Rahul,10,37910.2,379101.97,9.4,35635.59,343466.39,300218.52,43247.87,12.59,18.0,61823.95,5693.08,0,3.6,5,Finance
ORD202400362,2024-08-07 18:59:44.987489572,2024,8,Q3,Singapore,Rome,Trains,Petrol,Government,Dealer,Prime Motors,Rahul,8,36851.97,294815.78,14.9,43927.55,250888.22,202747.99,48140.24,19.19,12.0,30106.59,10919.81,0,3.2,4,Cash
ORD202400363,2024-08-08 09:36:28.824020016,2024,8,Q3,India,Mumbai,Trucks and Buses,Diesel,Retail,Online,Elite Cars,Karthik,3,81186.46,243559.37,14.1,34341.87,209217.5,152556.96,56660.54,27.08,18.0,37659.15,3953.67,1,3.9,5,UPI
ORD202400364,2024-08-09 00:13:12.660550456,2024,8,Q3,Spain,Madrid,Trucks and Buses,Electric,Retail,Dealer,Prime Motors,Ananya,4,49507.98,198031.9,0.4,792.13,197239.77,165825.83,31413.94,15.93,18.0,35503.16,7016.7,0,3.9,5,Finance
ORD202400365,2024-08-09 14:49:56.497080900,2024,8,Q3,Belgium,Oslo,Classic Cars,Petrol,Corporate,Distributor,Prime Motors,Vikram,13,60407.62,785299.01,0.7,5497.09,779801.92,655941.91,123860.01,15.88,12.0,93576.23,26235.43,0,4.0,14,Finance
ORD202400366,2024-08-10 05:26:40.333611340,2024,8,Q3,Sweden,Oslo,Vintage Cars,Petrol,Fleet,Dealer,Global Auto,Ananya,2,35121.31,70242.62,15.3,10747.12,59495.5,48599.98,10895.53,18.31,8.0,4759.64,1583.74,1,3.9,8,Cash
ORD202400367,2024-08-10 20:03:24.170141784,2024,8,Q3,Denmark,Madrid,Classic Cars,Hybrid,Corporate,Dealer,Elite Cars,Sneha,14,37778.79,528903.04,7.9,41783.34,487119.7,378342.58,108777.11,22.33,18.0,87681.55,22408.63,0,4.5,14,UPI
ORD202400368,2024-08-11 10:40:08.006672224,2024,8,Q3,India,Oslo,Classic Cars,Diesel,Corporate,Distributor,Global Auto,Arun,13,55816.39,725613.06,15.0,108841.96,616771.1,445598.45,171172.66,27.75,10.0,61677.11,28845.41,1,3.9,3,UPI
ORD202400369,2024-08-12 01:16:51.843202668,2024,8,Q3,Switzerland,London,Motorcycles,Electric,Corporate,Online,AutoMax,Sneha,2,20800.49,41600.98,0.1,41.6,41559.38,32655.73,8903.64,21.42,8.0,3324.75,1833.15,0,4.7,15,Credit Card
ORD202400370,2024-08-12 15:53:35.679733108,2024,8,Q3,India,Toronto,Planes,Diesel,Corporate,Online,Global Auto,Priya,10,132942.2,1329421.99,3.5,46529.77,1282892.22,1075854.41,207037.81,16.14,18.0,230920.6,51332.03,0,4.0,13,UPI
ORD202400371,2024-08-13 06:30:19.516263552,2024,8,Q3,Italy,Paris,Trucks and Buses,Hybrid,Government,Direct Sales,AutoMax,Sofia,13,53653.59,697496.66,11.8,82304.61,615192.06,546241.77,68950.29,11.21,18.0,110734.57,31404.56,0,4.0,13,UPI
ORD202400372,2024-08-13 21:07:03.352793992,2024,8,Q3,Philippines,New York,Classic Cars,Petrol,Government,Distributor,Prime Motors,Sneha,14,44059.61,616834.6,18.0,111030.23,505804.37,370817.2,134987.17,26.69,12.0,60696.52,19707.24,0,4.0,8,Credit Card
ORD202400373,2024-08-14 11:43:47.189324436,2024,8,Q3,Philippines,Paris,Ships,Petrol,Retail,Online,City Motors,Priya,12,62299.4,747592.83,16.4,122605.22,624987.61,477299.95,147687.66,23.63,18.0,112497.77,25132.79,1,3.7,8,Credit Card
ORD202400374,2024-08-15 02:20:31.025854876,2024,8,Q3,Norway,Toronto,Classic Cars,Petrol,Retail,Distributor,Speed Wheels,Rahul,11,38405.84,422464.23,8.7,36754.39,385709.84,285868.0,99841.84,25.89,12.0,46285.18,9402.39,0,4.1,7,Credit Card
ORD202400375,2024-08-15 16:57:14.862385320,2024,8,Q3,Finland,Toronto,Planes,Electric,Retail,Direct Sales,Speed Wheels,Arun,1,60931.55,60931.55,8.4,5118.25,55813.3,43767.03,12046.28,21.58,10.0,5581.33,3022.0,1,4.2,8,Credit Card
ORD202400376,2024-08-16 07:33:58.698915760,2024,8,Q3,India,Vienna,Planes,Hybrid,Government,Dealer,Elite Cars,Vikram,9,150839.66,1357556.98,7.5,101816.77,1255740.21,906418.06,349322.15,27.82,10.0,125574.02,25587.37,0,4.6,14,Finance
ORD202400377,2024-08-16 22:10:42.535446204,2024,8,Q3,Austria,Singapore,Vintage Cars,Diesel,Retail,Direct Sales,AutoMax,Vikram,5,24552.0,122760.02,17.4,21360.24,101399.78,91118.75,10281.02,10.14,12.0,12167.97,3910.16,0,5.0,2,Finance
ORD202400378,2024-08-17 12:47:26.371976644,2024,8,Q3,Japan,Manila,Classic Cars,Petrol,Retail,Distributor,Global Auto,Daniel,6,66455.74,398734.43,14.0,55822.82,342911.61,296549.9,46361.7,13.52,18.0,61724.09,5735.73,1,4.5,7,Finance
ORD202400379,2024-08-18 03:24:10.208507088,2024,8,Q3,Germany,Brussels,Trucks and Buses,Electric,Retail,Online,AutoMax,Sneha,7,68388.52,478719.66,6.5,31116.78,447602.88,341587.11,106015.76,23.69,18.0,80568.52,21353.25,0,3.0,12,Cash
ORD202400380,2024-08-18 18:00:54.045037528,2024,8,Q3,Austria,Singapore,Classic Cars,Petrol,Retail,Online,City Motors,Rahul,6,42442.23,254653.37,1.8,4583.76,250069.61,204593.25,45476.36,18.19,10.0,25006.96,3755.75,0,5.0,7,Finance
ORD202400381,2024-08-19 08:37:37.881567972,2024,8,Q3,Spain,Singapore,Vintage Cars,Diesel,Government,Dealer,Elite Cars,Meera,14,43927.81,614989.28,12.0,73798.71,541190.56,385980.97,155209.59,28.68,5.0,27059.53,17228.23,0,4.1,6,UPI
ORD202400382,2024-08-19 23:14:21.718098412,2024,8,Q3,Italy,Vienna,Motorcycles,Petrol,Fleet,Online,Global Auto,Vikram,3,24567.41,73702.24,3.9,2874.39,70827.86,60224.55,10603.3,14.97,18.0,12749.01,2547.11,0,4.5,13,Cash
ORD202400383,2024-08-20 13:51:05.554628856,2024,8,Q3,USA,Berlin,Vintage Cars,Petrol,Retail,Dealer,AutoMax,Rahul,1,76740.75,76740.75,9.8,7520.59,69220.16,49122.65,20097.51,29.03,18.0,12459.63,3144.17,0,3.6,3,UPI
ORD202400384,2024-08-21 04:27:49.391159296,2024,8,Q3,USA,Vienna,Vintage Cars,Petrol,Corporate,Dealer,Speed Wheels,Karthik,2,50029.46,100058.91,15.4,15409.07,84649.84,68795.97,15853.87,18.73,12.0,10157.98,3322.26,1,3.8,9,Bank Transfer
ORD202400385,2024-08-21 19:04:33.227689740,2024,8,Q3,Italy,Zurich,Motorcycles,Petrol,Corporate,Dealer,Speed Wheels,Karthik,6,20975.76,125854.53,14.4,18123.05,107731.48,90233.75,17497.73,16.24,18.0,19391.67,3451.27,1,4.2,4,Finance
ORD202400386,2024-08-22 09:41:17.064220184,2024,8,Q3,Finland,Mumbai,Trucks and Buses,Electric,Government,Dealer,Prime Motors,Ananya,4,48432.82,193731.26,5.6,10848.95,182882.31,126436.83,56445.48,30.86,18.0,32918.82,4114.74,0,4.7,8,Credit Card
ORD202400387,2024-08-23 00:18:00.900750624,2024,8,Q3,Switzerland,Vienna,Classic Cars,Electric,Retail,Dealer,Speed Wheels,Sofia,8,64236.46,513891.68,8.5,43680.79,470210.89,327504.25,142706.64,30.35,10.0,47021.09,19919.62,0,3.8,4,Bank Transfer
ORD202400388,2024-08-23 14:54:44.737281068,2024,8,Q3,Australia,Brussels,Trains,Diesel,Retail,Online,Elite Cars,Sneha,12,50632.71,607592.51,5.2,31594.81,575997.7,476946.15,99051.55,17.2,18.0,103679.59,27210.04,0,4.5,10,Credit Card
ORD202400389,2024-08-24 05:31:28.573811508,2024,8,Q3,Switzerland,Manila,Classic Cars,Electric,Government,Online,Speed Wheels,Priya,13,53645.6,697392.74,12.8,89266.27,608126.47,537486.32,70640.15,11.62,10.0,60812.65,29734.52,0,4.2,15,Finance
ORD202400390,2024-08-24 20:08:12.410341952,2024,8,Q3,Sweden,Tokyo,Classic Cars,Hybrid,Government,Dealer,Speed Wheels,Sneha,7,54477.48,381342.36,6.0,22880.54,358461.82,292988.06,65473.76,18.27,10.0,35846.18,6978.92,0,4.4,2,UPI
ORD202400391,2024-08-25 10:44:56.246872392,2024,8,Q3,India,Madrid,Planes,Hybrid,Retail,Direct Sales,AutoMax,Rahul,6,121716.44,730298.62,3.2,23369.56,706929.06,634394.8,72534.26,10.26,8.0,56554.32,37268.8,0,3.7,7,Finance
ORD202400392,2024-08-26 01:21:40.083402836,2024,8,Q3,USA,Madrid,Vintage Cars,Diesel,Retail,Online,Global Auto,Ananya,14,75209.6,1052934.4,10.6,111611.05,941323.35,805142.39,136180.96,14.47,12.0,112958.8,41332.72,0,3.7,14,Bank Transfer
ORD202400393,2024-08-26 15:58:23.919933276,2024,8,Q3,Singapore,Mumbai,Vintage Cars,Petrol,Fleet,Online,Global Auto,Meera,9,43334.85,390013.62,2.2,8580.3,381433.32,305035.67,76397.65,20.03,12.0,45772.0,8964.94,1,2.8,9,Cash
ORD202400394,2024-08-27 06:35:07.756463720,2024,8,Q3,Germany,Stockholm,Trucks and Buses,Petrol,Corporate,Dealer,City Motors,Sneha,2,89650.67,179301.34,3.4,6096.25,173205.09,126096.4,47108.69,27.2,10.0,17320.51,4429.92,0,4.1,15,Credit Card
ORD202400395,2024-08-27 21:11:51.592994160,2024,8,Q3,Belgium,Madrid,Classic Cars,Hybrid,Retail,Dealer,City Motors,Karthik,7,57177.4,400241.81,14.4,57634.82,342606.99,233771.43,108835.56,31.77,5.0,17130.35,10043.25,0,4.5,7,Credit Card
ORD202400396,2024-08-28 11:48:35.429524604,2024,8,Q3,Austria,Manila,Vintage Cars,Hybrid,Retail,Online,Elite Cars,Vikram,3,42067.06,126201.18,5.0,6310.06,119891.12,88934.32,30956.8,25.82,10.0,11989.11,3152.04,0,4.2,15,Credit Card
ORD202400397,2024-08-29 02:25:19.266055044,2024,8,Q3,Spain,Tokyo,Trucks and Buses,Hybrid,Retail,Online,Global Auto,Vikram,6,83265.66,499593.98,15.8,78935.85,420658.13,286771.68,133886.45,31.83,10.0,42065.81,11294.46,1,4.1,7,UPI
ORD202400398,2024-08-29 17:02:03.102585488,2024,8,Q3,India,Sydney,Vintage Cars,Diesel,Retail,Dealer,Global Auto,Meera,12,39010.7,468128.46,3.3,15448.24,452680.22,359469.0,93211.22,20.59,18.0,81482.44,20182.98,0,4.7,14,Cash
ORD202400399,2024-08-30 07:38:46.939115928,2024,8,Q3,Spain,Rome,Classic Cars,Petrol,Government,Direct Sales,City Motors,Sofia,9,73124.49,658120.38,6.1,40145.34,617975.04,469491.88,148483.16,24.03,12.0,74157.0,15134.73,0,4.3,6,UPI
ORD202400400,2024-08-30 22:15:30.775646372,2024,8,Q3,Canada,Sydney,Vintage Cars,Electric,Fleet,Online,Speed Wheels,Sneha,10,48825.1,488250.96,15.1,73725.89,414525.07,339963.56,74561.51,17.99,12.0,49743.01,21625.41,0,4.5,15,UPI
ORD202400401,2024-08-31 12:52:14.612176812,2024,8,Q3,India,Vienna,Classic Cars,Petrol,Retail,Dealer,AutoMax,Ananya,7,89094.92,623664.46,8.3,51764.15,571900.31,443775.23,128125.09,22.4,18.0,102942.06,16880.06,0,3.9,9,Credit Card
ORD202400402,2024-09-01 03:28:58.448707256,2024,9,Q3,Denmark,Helsinki,Trucks and Buses,Hybrid,Fleet,Dealer,Global Auto,Karthik,2,53345.23,106690.45,1.4,1493.67,105196.79,77418.35,27778.43,26.41,8.0,8415.74,2814.93,0,4.2,5,Cash
ORD202400403,2024-09-01 18:05:42.285237696,2024,9,Q3,Norway,Sydney,Ships,Diesel,Retail,Dealer,Elite Cars,Ananya,10,52122.17,521221.74,8.0,41697.74,479524.0,357510.13,122013.87,25.44,12.0,57542.88,24669.53,0,2.9,8,Credit Card
ORD202400404,2024-09-02 08:42:26.121768140,2024,9,Q3,Japan,Toronto,Trucks and Buses,Petrol,Retail,Dealer,Global Auto,Sofia,9,66429.36,597864.21,15.8,94462.55,503401.67,434276.01,69125.66,13.73,18.0,90612.3,16882.68,0,3.8,2,Bank Transfer
ORD202400405,2024-09-02 23:19:09.958298580,2024,9,Q3,Belgium,New York,Motorcycles,Hybrid,Retail,Distributor,Prime Motors,Ananya,13,13389.18,174059.29,5.0,8702.96,165356.32,136681.35,28674.97,17.34,10.0,16535.63,5193.57,0,4.3,3,Finance
ORD202400406,2024-09-03 13:55:53.794829024,2024,9,Q3,Switzerland,Stockholm,Classic Cars,Electric,Fleet,Direct Sales,Prime Motors,Sofia,4,42862.38,171449.53,1.2,2057.39,169392.13,134096.58,35295.55,20.84,5.0,8469.61,8973.59,0,3.4,10,Finance
ORD202400407,2024-09-04 04:32:37.631359464,2024,9,Q3,Sweden,London,Classic Cars,Diesel,Government,Direct Sales,City Motors,Meera,3,42109.74,126329.23,1.3,1642.28,124686.95,96201.53,28485.43,22.85,10.0,12468.7,4791.08,0,4.0,11,Cash
ORD202400408,2024-09-04 19:09:21.467889908,2024,9,Q3,Austria,Helsinki,Trucks and Buses,Petrol,Retail,Online,Global Auto,Vikram,10,37524.69,375246.9,8.9,33396.97,341849.92,235832.42,106017.5,31.01,18.0,61532.99,17833.79,0,4.5,3,UPI
ORD202400409,2024-09-05 09:46:05.304420348,2024,9,Q3,Japan,Oslo,Trucks and Buses,Diesel,Retail,Dealer,Speed Wheels,Priya,7,100385.77,702700.38,0.8,5621.6,697078.77,502906.42,194172.36,27.86,5.0,34853.94,29852.48,0,4.7,2,Cash
ORD202400410,2024-09-06 00:22:49.140950792,2024,9,Q3,Finland,Sydney,Vintage Cars,Petrol,Retail,Direct Sales,Prime Motors,Ananya,8,35527.58,284220.65,9.7,27569.4,256651.25,209560.61,47090.64,18.35,10.0,25665.12,10992.76,0,4.9,7,Bank Transfer
ORD202400411,2024-09-06 14:59:32.977481232,2024,9,Q3,Australia,Mumbai,Trains,Petrol,Retail,Online,Global Auto,Daniel,5,31067.36,155336.78,6.9,10718.24,144618.54,120680.54,23938.0,16.55,10.0,14461.85,2364.6,0,3.9,3,Finance
ORD202400412,2024-09-07 05:36:16.814011676,2024,9,Q3,Japan,Toronto,Classic Cars,Petrol,Fleet,Dealer,Prime Motors,Daniel,2,78574.71,157149.43,7.1,11157.61,145991.82,110840.62,35151.2,24.08,8.0,11679.35,5419.4,0,4.1,15,Cash
ORD202400413,2024-09-07 20:13:00.650542116,2024,9,Q3,Belgium,Tokyo,Planes,Petrol,Retail,Online,Prime Motors,Meera,8,115507.81,924062.49,12.2,112735.62,811326.87,581781.56,229545.31,28.29,10.0,81132.69,30050.24,0,4.6,8,Credit Card
ORD202400414,2024-09-08 10:49:44.487072560,2024,9,Q3,Austria,Manila,Classic Cars,Electric,Retail,Online,Prime Motors,Sneha,7,33359.47,233516.27,8.1,18914.82,214601.45,173798.02,40803.43,19.01,12.0,25752.17,9216.94,0,4.1,9,Cash
ORD202400415,2024-09-09 01:26:28.323603000,2024,9,Q3,Denmark,London,Classic Cars,Petrol,Fleet,Dealer,City Motors,Arun,15,51816.54,777248.15,6.2,48189.39,729058.77,499538.74,229520.03,31.48,18.0,131230.58,39705.15,0,3.8,7,Finance
ORD202400416,2024-09-09 16:03:12.160133444,2024,9,Q3,Italy,Madrid,Motorcycles,Diesel,Retail,Online,City Motors,Rahul,8,19354.52,154836.18,8.5,13161.08,141675.1,102526.74,39148.37,27.63,8.0,11334.01,7218.94,0,4.5,8,Finance
ORD202400417,2024-09-10 06:39:55.996663884,2024,9,Q3,Canada,Copenhagen,Vintage Cars,Petrol,Retail,Online,AutoMax,Meera,6,51275.5,307653.0,2.7,8306.63,299346.37,250150.17,49196.2,16.43,18.0,53882.35,16120.31,0,3.3,2,Bank Transfer
ORD202400418,2024-09-10 21:16:39.833194328,2024,9,Q3,Norway,Rome,Vintage Cars,Hybrid,Retail,Dealer,Speed Wheels,Sneha,15,29157.02,437355.29,11.2,48983.79,388371.5,343340.39,45031.12,11.59,18.0,69906.87,8465.54,0,3.7,6,Bank Transfer
ORD202400419,2024-09-11 11:53:23.669724768,2024,9,Q3,Germany,London,Classic Cars,Petrol,Retail,Online,AutoMax,Ananya,9,69455.38,625098.42,13.5,84388.29,540710.13,396690.93,144019.2,26.64,10.0,54071.01,24462.56,0,3.7,4,Finance
ORD202400420,2024-09-12 02:30:07.506255212,2024,9,Q3,Germany,Berlin,Trains,Diesel,Retail,Dealer,Global Auto,Priya,6,73146.3,438877.82,14.7,64515.04,374362.78,320192.93,54169.86,14.47,8.0,29949.02,15128.67,0,5.0,7,Cash
ORD202400421,2024-09-12 17:06:51.342785652,2024,9,Q3,Australia,New York,Ships,Hybrid,Fleet,Dealer,AutoMax,Sofia,9,103793.2,934138.78,3.9,36431.41,897707.37,672217.5,225489.87,25.12,12.0,107724.88,17998.23,0,4.5,13,UPI
ORD202400422,2024-09-13 07:43:35.179316096,2024,9,Q3,Japan,Manila,Trains,Petrol,Retail,Direct Sales,Speed Wheels,Karthik,6,74771.84,448631.05,12.0,53835.73,394795.32,309299.26,85496.06,21.66,5.0,19739.77,13994.43,1,4.1,2,Bank Transfer
ORD202400423,2024-09-13 22:20:19.015846536,2024,9,Q3,Spain,Singapore,Classic Cars,Petrol,Retail,Dealer,Speed Wheels,Ananya,14,56803.08,795243.14,3.3,26243.02,769000.12,555541.44,213458.68,27.76,5.0,38450.01,17953.44,0,3.5,13,UPI
ORD202400424,2024-09-14 12:57:02.852376980,2024,9,Q3,Canada,Copenhagen,Trucks and Buses,Petrol,Retail,Distributor,Prime Motors,Vikram,3,45925.14,137775.43,17.0,23421.82,114353.61,88303.53,26050.08,22.78,8.0,9148.29,2084.97,1,3.5,8,Finance
ORD202400425,2024-09-15 03:33:46.688907420,2024,9,Q3,Singapore,London,Trains,Diesel,Corporate,Distributor,City Motors,Sneha,7,34535.71,241749.97,4.0,9670.0,232079.97,197612.02,34467.95,14.85,10.0,23208.0,11644.6,1,4.2,15,UPI
ORD202400426,2024-09-15 18:10:30.525437864,2024,9,Q3,UK,New York,Classic Cars,Hybrid,Fleet,Online,Global Auto,Vikram,12,68454.84,821458.04,18.0,147862.45,673595.59,592855.06,80740.53,11.99,18.0,121247.21,25247.47,0,4.1,12,UPI
ORD202400427,2024-09-16 08:47:14.361968304,2024,9,Q3,USA,Mumbai,Trucks and Buses,Diesel,Corporate,Distributor,Speed Wheels,Vikram,4,75399.2,301596.82,9.1,27445.31,274151.51,199428.64,74722.87,27.26,12.0,32898.18,9202.92,0,3.5,15,Finance
ORD202400428,2024-09-16 23:23:58.198498748,2024,9,Q3,Spain,Manila,Trucks and Buses,Diesel,Retail,Distributor,City Motors,Daniel,15,83507.46,1252611.97,10.2,127766.42,1124845.55,953979.92,170865.63,15.19,18.0,202472.2,58982.65,0,3.9,12,Finance
ORD202400429,2024-09-17 14:00:42.035029188,2024,9,Q3,Finland,Paris,Classic Cars,Petrol,Retail,Online,Speed Wheels,Sneha,8,44035.07,352280.55,1.1,3875.09,348405.47,254933.51,93471.95,26.83,18.0,62712.98,11516.7,0,4.7,11,Credit Card
ORD202400430,2024-09-18 04:37:25.871559632,2024,9,Q3,Belgium,Manila,Vintage Cars,Diesel,Corporate,Direct Sales,Elite Cars,Sneha,9,45748.51,411736.57,2.7,11116.89,400619.68,321572.08,79047.6,19.73,8.0,32049.57,16364.5,0,4.0,4,Cash
ORD202400431,2024-09-18 19:14:09.708090072,2024,9,Q3,Finland,Manila,Classic Cars,Electric,Fleet,Online,City Motors,Vikram,15,36115.86,541737.93,6.7,36296.44,505441.49,453666.68,51774.81,10.24,10.0,50544.15,19144.46,1,4.0,6,Finance
ORD202400432,2024-09-19 09:50:53.544620516,2024,9,Q3,Denmark,London,Classic Cars,Petrol,Retail,Distributor,Prime Motors,Daniel,2,39184.5,78369.0,6.2,4858.88,73510.12,56052.93,17457.18,23.75,5.0,3675.51,2549.01,0,4.5,14,Credit Card
ORD202400433,2024-09-20 00:27:37.381150956,2024,9,Q3,USA,New York,Classic Cars,Electric,Fleet,Online,Speed Wheels,Arun,2,85554.39,171108.79,9.7,16597.55,154511.24,107772.82,46738.42,30.25,18.0,27812.02,6863.94,0,4.7,15,Credit Card
ORD202400434,2024-09-20 15:04:21.217681400,2024,9,Q3,Norway,Stockholm,Vintage Cars,Electric,Retail,Distributor,AutoMax,Arun,13,38370.77,498819.96,15.8,78813.55,420006.41,331494.81,88511.59,21.07,8.0,33600.51,13040.08,0,4.1,9,Credit Card
ORD202400435,2024-09-21 05:41:05.054211840,2024,9,Q3,Finland,Singapore,Trains,Diesel,Fleet,Online,Global Auto,Daniel,5,36868.28,184341.41,15.6,28757.26,155584.15,109835.88,45748.27,29.4,10.0,15558.42,3652.19,1,4.4,3,Credit Card
ORD202400436,2024-09-21 20:17:48.890742284,2024,9,Q3,Philippines,Berlin,Trucks and Buses,Electric,Government,Distributor,City Motors,Arun,7,49147.54,344032.79,4.8,16513.57,327519.22,251263.65,76255.57,23.28,10.0,32751.92,12054.74,0,4.4,15,Finance
ORD202400437,2024-09-22 10:54:32.727272724,2024,9,Q3,India,Rome,Classic Cars,Petrol,Retail,Distributor,Elite Cars,Arun,14,81098.73,1135382.25,10.0,113538.22,1021844.02,876178.44,145665.58,14.26,12.0,122621.28,47844.08,0,3.0,4,Bank Transfer
ORD202400438,2024-09-23 01:31:16.563803168,2024,9,Q3,Switzerland,Rome,Vintage Cars,Hybrid,Retail,Online,City Motors,Ananya,15,28669.99,430049.83,0.6,2580.3,427469.53,311813.79,115655.74,27.06,18.0,76944.52,12378.66,0,3.2,7,Cash
ORD202400439,2024-09-23 16:08:00.400333608,2024,9,Q3,Italy,Manila,Trains,Diesel,Retail,Distributor,Global Auto,Meera,11,44877.54,493652.96,10.8,53314.52,440338.44,354958.02,85380.42,19.39,5.0,22016.92,18311.35,0,4.0,5,Bank Transfer
ORD202400440,2024-09-24 06:44:44.236864052,2024,9,Q3,Belgium,New York,Trucks and Buses,Petrol,Retail,Online,AutoMax,Daniel,10,59892.35,598923.46,17.2,103014.84,495908.63,384089.85,111818.77,22.55,12.0,59509.04,8553.09,0,4.0,6,Bank Transfer
ORD202400441,2024-09-24 21:21:28.073394492,2024,9,Q3,Norway,Rome,Motorcycles,Electric,Corporate,Direct Sales,Prime Motors,Arun,5,16683.44,83417.2,10.9,9092.47,74324.72,66857.55,7467.18,10.05,18.0,13378.45,1347.08,1,5.0,12,Credit Card
ORD202400442,2024-09-25 11:58:11.909924936,2024,9,Q3,Denmark,New York,Classic Cars,Petrol,Retail,Dealer,Elite Cars,Priya,14,34602.03,484428.48,7.6,36816.56,447611.91,376583.39,71028.53,15.87,18.0,80570.14,23287.89,1,4.6,13,Cash
ORD202400443,2024-09-26 02:34:55.746455376,2024,9,Q3,Italy,Tokyo,Vintage Cars,Petrol,Retail,Distributor,City Motors,Meera,13,42517.89,552732.62,13.0,71855.24,480877.38,379383.5,101493.88,21.11,10.0,48087.74,17069.93,0,4.4,2,Cash
ORD202400444,2024-09-26 17:11:39.582985820,2024,9,Q3,France,Oslo,Vintage Cars,Petrol,Retail,Dealer,Elite Cars,Priya,9,49213.44,442920.94,10.2,45177.94,397743.0,342492.58,55250.42,13.89,10.0,39774.3,11025.03,0,4.3,11,Bank Transfer
ORD202400445,2024-09-27 07:48:23.419516260,2024,9,Q3,UK,Manila,Trucks and Buses,Hybrid,Fleet,Direct Sales,Global Auto,Vikram,5,62549.89,312749.46,4.2,13135.48,299613.98,263693.71,35920.27,11.99,12.0,35953.68,5796.3,1,3.8,4,UPI
ORD202400446,2024-09-27 22:25:07.256046704,2024,9,Q3,Spain,New York,Vintage Cars,Diesel,Corporate,Direct Sales,Global Auto,Karthik,2,54175.44,108350.89,10.3,11160.14,97190.75,70022.27,27168.48,27.95,8.0,7775.26,2356.38,0,4.2,5,Bank Transfer
ORD202400447,2024-09-28 13:01:51.092577144,2024,9,Q3,Italy,Stockholm,Motorcycles,Hybrid,Government,Online,AutoMax,Arun,3,22635.27,67905.81,2.0,1358.12,66547.69,47009.79,19537.91,29.36,18.0,11978.58,2085.08,0,5.0,6,Credit Card
ORD202400448,2024-09-29 03:38:34.929107588,2024,9,Q3,India,Rome,Vintage Cars,Petrol,Retail,Online,City Motors,Karthik,4,50335.1,201340.41,12.8,25771.57,175568.84,123180.45,52388.39,29.84,10.0,17556.88,7653.26,0,4.5,14,UPI
ORD202400449,2024-09-29 18:15:18.765638032,2024,9,Q3,Canada,Toronto,Vintage Cars,Petrol,Retail,Dealer,City Motors,Sneha,7,46587.4,326111.78,15.0,48916.77,277195.02,240406.85,36788.16,13.27,5.0,13859.75,11630.81,0,4.2,12,Credit Card
ORD202400450,2024-09-30 08:52:02.602168472,2024,9,Q3,Spain,Stockholm,Classic Cars,Petrol,Corporate,Online,AutoMax,Priya,1,56111.76,56111.76,11.9,6677.3,49434.46,41369.64,8064.82,16.31,8.0,3954.76,2407.98,1,3.9,2,Bank Transfer
ORD202400451,2024-09-30 23:28:46.438698916,2024,9,Q3,Austria,Berlin,Vintage Cars,Petrol,Retail,Dealer,Global Auto,Daniel,2,30559.7,61119.4,5.5,3361.57,57757.83,39764.48,17993.35,31.15,10.0,5775.78,2213.85,0,2.8,15,Cash
ORD202400452,2024-10-01 14:05:30.275229356,2024,10,Q4,Singapore,Madrid,Trucks and Buses,Diesel,Fleet,Online,Prime Motors,Vikram,10,64356.69,643566.87,16.0,102970.7,540596.17,439927.2,100668.97,18.62,10.0,54059.62,17244.32,0,3.6,8,UPI
ORD202400453,2024-10-02 04:42:14.111759800,2024,10,Q4,Belgium,Zurich,Planes,Hybrid,Corporate,Direct Sales,AutoMax,Rahul,9,107252.62,965273.61,4.9,47298.41,917975.21,662540.2,255435.0,27.83,5.0,45898.76,19799.63,1,4.6,8,Finance
ORD202400454,2024-10-02 19:18:57.948290240,2024,10,Q4,Italy,New York,Classic Cars,Electric,Retail,Distributor,Speed Wheels,Vikram,9,47366.21,426295.85,11.4,48597.73,377698.12,280025.19,97672.93,25.86,18.0,67985.66,6916.89,0,4.2,15,Finance
ORD202400455,2024-10-03 09:55:41.784820684,2024,10,Q4,Switzerland,Stockholm,Classic Cars,Diesel,Retail,Dealer,AutoMax,Rahul,4,43084.32,172337.26,8.4,14476.33,157860.93,136248.36,21612.57,13.69,10.0,15786.09,4429.96,1,5.0,10,Bank Transfer
ORD202400456,2024-10-04 00:32:25.621351124,2024,10,Q4,Denmark,London,Classic Cars,Petrol,Government,Dealer,AutoMax,Daniel,13,35123.86,456610.24,9.2,42008.14,414602.1,340823.49,73778.62,17.8,8.0,33168.17,19605.03,0,4.6,15,Finance
ORD202400457,2024-10-04 15:09:09.457881568,2024,10,Q4,Belgium,Stockholm,Motorcycles,Petrol,Corporate,Distributor,Global Auto,Rahul,6,13529.67,81178.04,5.5,4464.79,76713.25,60706.7,16006.55,20.87,12.0,9205.59,2552.93,0,4.0,10,UPI
ORD202400458,2024-10-05 05:45:53.294412008,2024,10,Q4,USA,Brussels,Classic Cars,Diesel,Retail,Online,AutoMax,Vikram,12,85675.85,1028110.17,2.6,26730.86,1001379.31,784898.03,216481.28,21.62,12.0,120165.52,23545.9,0,4.0,9,UPI
ORD202400459,2024-10-05 20:22:37.130942452,2024,10,Q4,Finland,Rome,Trucks and Buses,Diesel,Government,Dealer,Prime Motors,Ananya,2,36799.39,73598.79,4.5,3311.95,70286.84,49339.5,20947.35,29.8,18.0,12651.63,2975.79,0,3.4,8,Finance
ORD202400460,2024-10-06 10:59:20.967472892,2024,10,Q4,Italy,Copenhagen,Vintage Cars,Petrol,Corporate,Direct Sales,Elite Cars,Ananya,2,42528.1,85056.2,3.3,2806.85,82249.34,60861.45,21387.89,26.0,18.0,14804.88,2333.73,0,3.9,7,Bank Transfer
ORD202400461,2024-10-07 01:36:04.804003336,2024,10,Q4,Austria,Oslo,Classic Cars,Hybrid,Government,Online,Global Auto,Arun,15,45543.86,683157.87,15.1,103156.84,580001.03,450864.09,129136.94,22.26,5.0,29000.05,29599.58,0,3.4,12,Cash
ORD202400462,2024-10-07 16:12:48.640533776,2024,10,Q4,Spain,Tokyo,Ships,Diesel,Corporate,Dealer,Speed Wheels,Meera,15,91004.52,1365067.84,2.4,32761.63,1332306.21,1000752.17,331554.04,24.89,8.0,106584.5,68282.08,1,3.9,14,Finance
ORD202400463,2024-10-08 06:49:32.477064220,2024,10,Q4,Italy,London,Ships,Diesel,Fleet,Online,AutoMax,Vikram,5,104605.26,523026.3,4.4,23013.16,500013.14,424646.48,75366.66,15.07,12.0,60001.58,18607.63,1,3.5,2,Credit Card
ORD202400464,2024-10-08 21:26:16.313594660,2024,10,Q4,Austria,Sydney,Motorcycles,Petrol,Retail,Dealer,Speed Wheels,Sofia,5,11925.68,59628.39,4.6,2742.91,56885.48,46767.4,10118.08,17.79,12.0,6826.26,3060.87,1,3.7,2,Finance
ORD202400465,2024-10-09 12:03:00.150125104,2024,10,Q4,Austria,Oslo,Classic Cars,Electric,Retail,Online,City Motors,Meera,1,55508.07,55508.07,9.1,5051.23,50456.84,37957.37,12499.47,24.77,8.0,4036.55,2735.81,1,3.8,15,Credit Card
ORD202400466,2024-10-10 02:39:43.986655544,2024,10,Q4,Switzerland,Manila,Classic Cars,Petrol,Retail,Direct Sales,Prime Motors,Vikram,10,58204.31,582043.13,7.9,45981.41,536061.72,445582.12,90479.6,16.88,12.0,64327.41,28855.15,0,3.6,9,Finance
ORD202400467,2024-10-10 17:16:27.823185988,2024,10,Q4,Finland,Sydney,Classic Cars,Petrol,Fleet,Dealer,Elite Cars,Ananya,12,34581.69,414980.22,5.2,21578.97,393401.25,302044.53,91356.72,23.22,10.0,39340.12,16058.34,0,3.7,4,Finance
ORD202400468,2024-10-11 07:53:11.659716428,2024,10,Q4,Denmark,Toronto,Trains,Diesel,Corporate,Direct Sales,AutoMax,Priya,1,26888.6,26888.6,3.9,1048.66,25839.95,19545.77,6294.18,24.36,18.0,4651.19,529.4,0,4.4,11,Finance
ORD202400469,2024-10-11 22:29:55.496246872,2024,10,Q4,France,Helsinki,Classic Cars,Petrol,Corporate,Direct Sales,Prime Motors,Sneha,6,73732.8,442396.8,3.4,15041.49,427355.31,379951.88,47403.43,11.09,18.0,76923.96,20450.95,1,4.8,2,Bank Transfer
ORD202400470,2024-10-12 13:06:39.332777312,2024,10,Q4,Sweden,Manila,Classic Cars,Diesel,Retail,Online,Elite Cars,Ananya,12,35521.27,426255.29,9.8,41773.02,384482.27,310830.46,73651.81,19.16,10.0,38448.23,17777.75,0,4.5,13,Credit Card
ORD202400471,2024-10-13 03:43:23.169307756,2024,10,Q4,France,Stockholm,Vintage Cars,Hybrid,Retail,Online,Global Auto,Meera,6,56104.23,336625.38,8.6,28949.78,307675.6,215842.7,91832.9,29.85,5.0,15383.78,13409.41,0,4.4,9,Cash
ORD202400472,2024-10-13 18:20:07.005838196,2024,10,Q4,Spain,Toronto,Motorcycles,Diesel,Corporate,Distributor,Global Auto,Ananya,5,25376.57,126882.83,14.0,17763.6,109119.23,96614.64,12504.59,11.46,10.0,10911.92,1847.87,1,3.8,5,Finance
ORD202400473,2024-10-14 08:56:50.842368640,2024,10,Q4,Singapore,Paris,Vintage Cars,Electric,Fleet,Online,City Motors,Arun,8,40228.27,321826.13,1.3,4183.74,317642.39,217346.63,100295.76,31.58,18.0,57175.63,15794.9,0,4.2,6,Cash
ORD202400474,2024-10-14 23:33:34.678899080,2024,10,Q4,Spain,Madrid,Vintage Cars,Petrol,Corporate,Dealer,City Motors,Rahul,15,49127.73,736915.89,14.6,107589.72,629326.17,496317.06,133009.11,21.14,12.0,75519.14,28416.94,0,5.0,15,Bank Transfer
ORD202400475,2024-10-15 14:10:18.515429524,2024,10,Q4,Italy,Brussels,Trains,Hybrid,Retail,Dealer,City Motors,Arun,7,54599.61,382197.25,8.0,30575.78,351621.47,293165.18,58456.29,16.62,12.0,42194.58,9626.31,0,4.1,15,UPI
ORD202400476,2024-10-16 04:47:02.351959964,2024,10,Q4,Australia,Copenhagen,Planes,Hybrid,Fleet,Dealer,AutoMax,Meera,13,80293.44,1043814.71,12.5,130476.84,913337.88,741404.78,171933.1,18.82,12.0,109600.55,15337.31,0,5.0,14,Finance
ORD202400477,2024-10-16 19:23:46.188490408,2024,10,Q4,Italy,Vienna,Planes,Diesel,Corporate,Direct Sales,AutoMax,Vikram,8,109839.52,878716.17,1.8,15816.89,862899.27,705969.29,156929.99,18.19,8.0,69031.94,22062.97,1,3.7,6,Bank Transfer
ORD202400478,2024-10-17 10:00:30.025020848,2024,10,Q4,India,Brussels,Vintage Cars,Petrol,Fleet,Online,Speed Wheels,Ananya,2,62465.94,124931.89,1.6,1998.91,122932.98,85701.52,37231.46,30.29,12.0,14751.96,3418.33,1,3.8,14,Credit Card
ORD202400479,2024-10-18 00:37:13.861551292,2024,10,Q4,Canada,Stockholm,Motorcycles,Electric,Government,Dealer,Elite Cars,Daniel,4,18145.91,72583.64,13.2,9581.04,63002.6,46541.3,16461.3,26.13,5.0,3150.13,3331.66,1,3.2,4,Cash
ORD202400480,2024-10-18 15:13:57.698081732,2024,10,Q4,Austria,Tokyo,Trucks and Buses,Petrol,Corporate,Dealer,Prime Motors,Karthik,4,62634.83,250539.33,15.3,38332.52,212206.81,161630.71,50576.1,23.83,5.0,10610.34,4001.99,0,4.1,13,Cash
ORD202400481,2024-10-19 05:50:41.534612176,2024,10,Q4,Switzerland,Sydney,Classic Cars,Petrol,Corporate,Direct Sales,Global Auto,Priya,5,64740.31,323701.56,10.9,35283.47,288418.09,239129.0,49289.09,17.09,18.0,51915.26,11348.4,1,4.0,12,Credit Card
ORD202400482,2024-10-19 20:27:25.371142616,2024,10,Q4,Sweden,Paris,Vintage Cars,Diesel,Corporate,Dealer,Prime Motors,Rahul,1,39509.87,39509.87,11.0,4346.09,35163.79,25173.66,9990.12,28.41,18.0,6329.48,1267.73,0,4.7,8,Credit Card
ORD202400483,2024-10-20 11:04:09.207673060,2024,10,Q4,Spain,Stockholm,Planes,Hybrid,Corporate,Online,Prime Motors,Vikram,14,88850.77,1243910.84,3.9,48512.52,1195398.31,1034695.52,160702.79,13.44,10.0,119539.83,53987.57,0,4.6,15,Credit Card
ORD202400484,2024-10-21 01:40:53.044203500,2024,10,Q4,Austria,Helsinki,Trains,Hybrid,Corporate,Distributor,AutoMax,Ananya,3,37650.82,112952.47,6.7,7567.82,105384.65,92018.8,13365.85,12.68,12.0,12646.16,2476.91,1,4.3,9,Bank Transfer
ORD202400485,2024-10-21 16:17:36.880733944,2024,10,Q4,Philippines,Zurich,Vintage Cars,Electric,Retail,Dealer,AutoMax,Vikram,4,21839.26,87357.02,9.9,8648.35,78708.68,60114.81,18593.86,23.62,8.0,6296.69,3613.8,0,4.1,8,UPI
ORD202400486,2024-10-22 06:54:20.717264384,2024,10,Q4,Australia,Oslo,Classic Cars,Electric,Corporate,Dealer,Speed Wheels,Arun,11,46275.83,509034.18,5.1,25960.74,483073.44,385655.85,97417.58,20.17,8.0,38645.88,14034.85,1,3.2,5,Finance
ORD202400487,2024-10-22 21:31:04.553794828,2024,10,Q4,France,Berlin,Motorcycles,Diesel,Corporate,Distributor,Prime Motors,Ananya,11,19166.11,210827.24,10.9,22980.17,187847.07,130392.78,57454.29,30.59,10.0,18784.71,7367.45,0,4.9,13,Finance
ORD202400488,2024-10-23 12:07:48.390325268,2024,10,Q4,Spain,Singapore,Ships,Diesel,Retail,Direct Sales,Elite Cars,Meera,10,98227.08,982270.82,15.3,150287.44,831983.38,673623.08,158360.3,19.03,18.0,149757.01,22226.87,0,4.8,2,Credit Card
ORD202400489,2024-10-24 02:44:32.226855712,2024,10,Q4,Australia,Brussels,Vintage Cars,Electric,Retail,Dealer,Global Auto,Priya,10,32808.96,328089.58,11.6,38058.39,290031.19,252091.55,37939.63,13.08,18.0,52205.61,10702.12,0,5.0,9,Credit Card
ORD202400490,2024-10-24 17:21:16.063386152,2024,10,Q4,Austria,Zurich,Classic Cars,Petrol,Retail,Direct Sales,Prime Motors,Rahul,15,32959.39,494390.92,9.7,47955.92,446435.0,320906.05,125528.95,28.12,18.0,80358.3,8436.74,0,4.3,7,Credit Card
ORD202400491,2024-10-25 07:57:59.899916596,2024,10,Q4,Philippines,Brussels,Classic Cars,Petrol,Retail,Dealer,Prime Motors,Arun,1,50672.73,50672.73,11.8,5979.38,44693.35,34405.61,10287.74,23.02,18.0,8044.8,2199.95,0,3.9,7,UPI
ORD202400492,2024-10-25 22:34:43.736447036,2024,10,Q4,UK,Singapore,Trucks and Buses,Petrol,Retail,Dealer,City Motors,Ananya,6,94572.0,567432.0,2.2,12483.5,554948.49,400082.23,154866.26,27.91,10.0,55494.85,13814.24,0,5.0,4,UPI
ORD202400493,2024-10-26 13:11:27.572977480,2024,10,Q4,Japan,Vienna,Vintage Cars,Diesel,Retail,Online,Speed Wheels,Karthik,3,50430.54,151291.61,16.6,25114.41,126177.2,91474.18,34703.02,27.5,10.0,12617.72,6422.63,0,3.6,5,Cash
ORD202400494,2024-10-27 03:48:11.409507920,2024,10,Q4,Spain,Toronto,Motorcycles,Hybrid,Retail,Direct Sales,Prime Motors,Sneha,11,22202.72,244229.9,10.1,24667.22,219562.68,160083.75,59478.93,27.09,12.0,26347.52,9505.55,1,4.8,9,Finance
ORD202400495,2024-10-27 18:24:55.246038364,2024,10,Q4,UK,Madrid,Trucks and Buses,Diesel,Fleet,Online,City Motors,Karthik,15,101752.45,1526286.71,5.8,88524.63,1437762.08,1185031.33,252730.75,17.58,18.0,258797.17,74628.77,0,4.7,12,Credit Card
ORD202400496,2024-10-28 09:01:39.082568804,2024,10,Q4,Austria,Stockholm,Trucks and Buses,Diesel,Retail,Online,Elite Cars,Daniel,11,44371.72,488088.97,2.4,11714.14,476374.83,330730.09,145644.74,30.57,12.0,57164.98,13868.66,1,4.1,3,Cash
ORD202400497,2024-10-28 23:38:22.919099248,2024,10,Q4,Switzerland,Copenhagen,Vintage Cars,Petrol,Retail,Distributor,Elite Cars,Sofia,7,47305.62,331139.31,9.6,31789.37,299349.94,230507.02,68842.92,23.0,12.0,35921.99,16054.37,1,3.7,3,Finance
ORD202400498,2024-10-29 14:15:06.755629688,2024,10,Q4,India,Madrid,Classic Cars,Petrol,Retail,Online,Global Auto,Daniel,4,89662.74,358650.94,13.7,49135.18,309515.77,277076.77,32439.0,10.48,10.0,30951.58,14244.72,0,3.3,4,Cash
ORD202400499,2024-10-30 04:51:50.592160132,2024,10,Q4,Philippines,Singapore,Classic Cars,Petrol,Retail,Online,Global Auto,Meera,5,50124.88,250624.38,8.5,21303.07,229321.3,163845.85,65475.46,28.55,10.0,22932.13,5354.4,0,4.2,3,Cash
ORD202400500,2024-10-30 19:28:34.428690572,2024,10,Q4,Italy,Toronto,Trucks and Buses,Diesel,Government,Dealer,Global Auto,Sneha,9,81843.89,736595.03,0.6,4419.57,732175.46,622732.03,109443.43,14.95,12.0,87861.06,33007.77,0,4.2,11,Cash
ORD202400501,2024-10-31 10:05:18.265221016,2024,10,Q4,Belgium,Madrid,Trucks and Buses,Petrol,Government,Direct Sales,Global Auto,Vikram,14,55750.63,780508.84,8.4,65562.74,714946.09,525769.79,189176.3,26.46,5.0,35747.3,12876.28,0,4.5,8,Credit Card
ORD202400502,2024-11-01 00:42:02.101751456,2024,11,Q4,France,Berlin,Classic Cars,Diesel,Retail,Direct Sales,AutoMax,Rahul,7,67505.08,472535.54,6.2,29297.2,443238.34,395524.93,47713.4,10.76,18.0,79782.9,11441.75,1,3.8,12,Finance
ORD202400503,2024-11-01 15:18:45.938281900,2024,11,Q4,Canada,Toronto,Planes,Hybrid,Retail,Direct Sales,AutoMax,Vikram,1,102184.86,102184.86,6.3,6437.65,95747.21,81589.13,14158.08,14.79,10.0,9574.72,3243.17,0,3.3,3,Bank Transfer
ORD202400504,2024-11-02 05:55:29.774812340,2024,11,Q4,Italy,Paris,Vintage Cars,Diesel,Fleet,Direct Sales,AutoMax,Meera,14,37314.07,522397.03,8.3,43358.95,479038.08,391065.49,87972.59,18.36,12.0,57484.57,23253.76,0,4.3,3,Credit Card
ORD202400505,2024-11-02 20:32:13.611342784,2024,11,Q4,Denmark,Toronto,Vintage Cars,Electric,Fleet,Dealer,Prime Motors,Meera,4,38638.71,154554.84,15.0,23183.23,131371.62,116188.6,15183.02,11.56,10.0,13137.16,2337.84,0,3.9,4,Finance
ORD202400506,2024-11-03 11:08:57.447873224,2024,11,Q4,Italy,Stockholm,Ships,Electric,Corporate,Dealer,Speed Wheels,Vikram,13,94854.27,1233105.45,13.5,166469.24,1066636.21,863574.98,203061.24,19.04,8.0,85330.9,23841.47,0,4.7,10,Cash
ORD202400507,2024-11-04 01:45:41.284403668,2024,11,Q4,Denmark,Rome,Vintage Cars,Hybrid,Fleet,Dealer,Global Auto,Meera,4,26118.68,104474.73,1.0,1044.75,103429.98,90800.53,12629.45,12.21,12.0,12411.6,4480.66,0,3.2,2,UPI
ORD202400508,2024-11-04 16:22:25.120934108,2024,11,Q4,Norway,Helsinki,Classic Cars,Diesel,Retail,Online,Global Auto,Priya,3,42568.88,127706.65,2.7,3448.08,124258.57,106650.24,17608.33,14.17,12.0,14911.03,5065.38,0,5.0,12,UPI
ORD202400509,2024-11-05 06:59:08.957464552,2024,11,Q4,Australia,Manila,Classic Cars,Petrol,Corporate,Dealer,Prime Motors,Sneha,12,46664.46,559973.52,2.3,12879.39,547094.13,475309.28,71784.85,13.12,10.0,54709.41,27763.9,1,4.5,8,Finance
ORD202400510,2024-11-05 21:35:52.793994992,2024,11,Q4,USA,Paris,Vintage Cars,Diesel,Retail,Online,City Motors,Sneha,6,71980.57,431883.44,10.2,44052.11,387831.33,291891.02,95940.32,24.74,12.0,46539.76,18837.55,0,3.8,9,Finance
ORD202400511,2024-11-06 12:12:36.630525436,2024,11,Q4,Sweden,New York,Classic Cars,Hybrid,Retail,Direct Sales,Global Auto,Ananya,14,56386.4,789409.61,7.6,59995.13,729414.48,642092.37,87322.11,11.97,8.0,58353.16,27427.34,0,3.7,3,UPI
ORD202400512,2024-11-07 02:49:20.467055876,2024,11,Q4,Spain,Sydney,Ships,Petrol,Government,Dealer,Global Auto,Sneha,4,110391.39,441565.56,5.7,25169.24,416396.32,286921.81,129474.51,31.09,12.0,49967.56,19044.86,0,4.9,2,Bank Transfer
ORD202400513,2024-11-07 17:26:04.303586320,2024,11,Q4,Germany,Oslo,Vintage Cars,Petrol,Fleet,Direct Sales,City Motors,Sofia,2,53498.89,106997.77,12.7,13588.72,93409.05,78037.12,15371.94,16.46,5.0,4670.45,3570.04,0,4.5,11,Credit Card
ORD202400514,2024-11-08 08:02:48.140116764,2024,11,Q4,Singapore,Singapore,Vintage Cars,Diesel,Retail,Online,AutoMax,Ananya,6,44286.64,265719.86,11.2,29760.62,235959.23,188873.43,47085.8,19.96,10.0,23595.92,3752.76,0,4.3,13,Finance
ORD202400515,2024-11-08 22:39:31.976647204,2024,11,Q4,Germany,New York,Vintage Cars,Petrol,Fleet,Online,AutoMax,Vikram,10,64875.67,648756.7,2.7,17516.43,631240.27,562519.88,68720.38,10.89,10.0,63124.03,22920.07,0,4.4,7,Credit Card
ORD202400516,2024-11-09 13:16:15.813177648,2024,11,Q4,UK,Copenhagen,Planes,Petrol,Retail,Online,Elite Cars,Vikram,5,101547.68,507738.39,15.7,79714.93,428023.46,296019.22,132004.24,30.84,5.0,21401.17,22047.09,1,5.0,4,Cash
ORD202400517,2024-11-10 03:52:59.649708088,2024,11,Q4,Sweden,Tokyo,Vintage Cars,Petrol,Fleet,Dealer,Prime Motors,Sofia,13,29789.52,387263.76,11.5,44535.33,342728.43,307962.69,34765.73,10.14,12.0,41127.41,13391.17,1,4.2,3,Bank Transfer
ORD202400518,2024-11-10 18:29:43.486238532,2024,11,Q4,India,Brussels,Trucks and Buses,Hybrid,Retail,Direct Sales,Prime Motors,Meera,11,63965.88,703624.64,15.1,106247.32,597377.32,420597.13,176780.2,29.59,8.0,47790.19,31926.95,0,4.9,11,Bank Transfer
ORD202400519,2024-11-11 09:06:27.322768972,2024,11,Q4,Australia,Paris,Trains,Petrol,Retail,Online,Global Auto,Sofia,9,32894.52,296050.66,13.0,38486.59,257564.07,186167.37,71396.7,27.72,5.0,12878.2,5605.21,1,4.3,6,Finance
ORD202400520,2024-11-11 23:43:11.159299416,2024,11,Q4,Belgium,Copenhagen,Classic Cars,Diesel,Retail,Dealer,Elite Cars,Karthik,7,58558.63,409910.42,4.1,16806.33,393104.1,312997.62,80106.48,20.38,5.0,19655.2,21042.45,0,4.8,8,Credit Card
ORD202400521,2024-11-12 14:19:54.995829856,2024,11,Q4,Switzerland,Vienna,Vintage Cars,Electric,Retail,Direct Sales,City Motors,Arun,6,33437.95,200627.71,7.0,14043.94,186583.77,137345.0,49238.77,26.39,18.0,33585.08,4554.58,1,4.8,9,Credit Card
ORD202400522,2024-11-13 04:56:38.832360300,2024,11,Q4,Germany,Rome,Vintage Cars,Petrol,Corporate,Online,Global Auto,Vikram,12,51899.02,622788.22,8.7,54182.57,568605.64,431015.76,137589.89,24.2,12.0,68232.68,9124.85,1,4.0,15,Finance
ORD202400523,2024-11-13 19:33:22.668890740,2024,11,Q4,Singapore,Brussels,Trains,Petrol,Retail,Online,Prime Motors,Sneha,14,32535.95,455503.26,11.6,52838.38,402664.88,305407.6,97257.28,24.15,10.0,40266.49,7470.83,0,3.6,3,Credit Card
ORD202400524,2024-11-14 10:10:06.505421184,2024,11,Q4,Japan,Rome,Trucks and Buses,Diesel,Retail,Online,Global Auto,Ananya,14,96419.42,1349871.93,2.5,33746.8,1316125.13,1177676.8,138448.33,10.52,10.0,131612.51,59579.74,0,4.6,5,UPI
ORD202400525,2024-11-15 00:46:50.341951624,2024,11,Q4,Singapore,Toronto,Classic Cars,Electric,Government,Direct Sales,Elite Cars,Rahul,11,44498.67,489485.4,17.4,85170.46,404314.94,316661.26,87653.69,21.68,10.0,40431.49,12001.72,0,4.3,5,Bank Transfer
ORD202400526,2024-11-15 15:23:34.178482068,2024,11,Q4,Australia,Brussels,Classic Cars,Diesel,Corporate,Dealer,City Motors,Meera,13,38320.7,498169.14,2.0,9963.38,488205.75,353719.64,134486.11,27.55,18.0,87877.04,22922.5,0,3.7,10,Cash
ORD202400527,2024-11-16 06:00:18.015012508,2024,11,Q4,Belgium,Stockholm,Trucks and Buses,Petrol,Corporate,Dealer,AutoMax,Meera,7,41730.41,292112.87,15.9,46445.95,245666.92,198054.81,47612.12,19.38,18.0,44220.05,11356.62,0,3.7,9,Cash
ORD202400528,2024-11-16 20:37:01.851542952,2024,11,Q4,Germany,Vienna,Motorcycles,Petrol,Fleet,Online,City Motors,Sneha,12,33990.32,407883.85,16.4,66892.95,340990.9,284466.63,56524.26,16.58,8.0,27279.27,7689.65,1,3.7,12,UPI
ORD202400529,2024-11-17 11:13:45.688073392,2024,11,Q4,UK,Sydney,Trucks and Buses,Petrol,Retail,Online,City Motors,Meera,1,88129.06,88129.06,0.2,176.26,87952.81,62972.46,24980.34,28.4,8.0,7036.22,2228.99,1,4.2,3,Cash
ORD202400530,2024-11-18 01:50:29.524603836,2024,11,Q4,India,London,Trucks and Buses,Electric,Retail,Direct Sales,Speed Wheels,Rahul,10,90351.19,903511.89,6.5,58728.27,844783.62,665356.58,179427.04,21.24,18.0,152061.05,15474.46,0,4.2,10,Credit Card
ORD202400531,2024-11-18 16:27:13.361134276,2024,11,Q4,Belgium,Paris,Vintage Cars,Hybrid,Fleet,Dealer,AutoMax,Meera,8,29666.35,237330.8,11.0,26106.39,211224.42,166775.73,44448.69,21.04,12.0,25346.93,8885.86,0,4.3,8,Bank Transfer
ORD202400532,2024-11-19 07:03:57.197664720,2024,11,Q4,Canada,Berlin,Vintage Cars,Petrol,Retail,Online,AutoMax,Vikram,9,47947.99,431531.91,1.1,4746.85,426785.06,377538.48,49246.58,11.54,5.0,21339.25,8970.2,0,4.4,14,Cash
ORD202400533,2024-11-19 21:40:41.034195160,2024,11,Q4,India,London,Classic Cars,Electric,Retail,Dealer,Global Auto,Daniel,9,54399.88,489598.88,14.5,70991.84,418607.04,354731.88,63875.16,15.26,18.0,75349.27,14925.82,0,3.9,7,Bank Transfer
ORD202400534,2024-11-20 12:17:24.870725604,2024,11,Q4,Belgium,Copenhagen,Classic Cars,Petrol,Corporate,Direct Sales,Speed Wheels,Arun,7,49271.96,344903.74,4.3,14830.86,330072.88,285772.29,44300.59,13.42,18.0,59413.12,5405.88,0,3.9,2,UPI
ORD202400535,2024-11-21 02:54:08.707256044,2024,11,Q4,Australia,Oslo,Trucks and Buses,Hybrid,Retail,Dealer,City Motors,Vikram,6,45234.64,271407.82,2.7,7328.01,264079.81,225792.29,38287.52,14.5,18.0,47534.37,10066.41,0,5.0,14,Credit Card
ORD202400536,2024-11-21 17:30:52.543786488,2024,11,Q4,Austria,Oslo,Motorcycles,Petrol,Retail,Dealer,City Motors,Karthik,7,17318.34,121228.4,17.8,21578.66,99649.75,74383.68,25266.07,25.35,10.0,9964.97,1766.29,0,4.6,15,Finance
ORD202400537,2024-11-22 08:07:36.380316928,2024,11,Q4,Japan,Manila,Classic Cars,Hybrid,Fleet,Dealer,Prime Motors,Karthik,10,79914.55,799145.53,15.6,124666.7,674478.83,591632.55,82846.27,12.28,12.0,80937.46,31592.38,1,3.4,12,Cash
ORD202400538,2024-11-22 22:44:20.216847372,2024,11,Q4,UK,Tokyo,Trains,Diesel,Corporate,Online,Elite Cars,Vikram,15,52571.2,788567.96,10.4,82011.07,706556.9,580082.0,126474.9,17.9,10.0,70655.69,33420.21,0,3.6,9,Finance
ORD202400539,2024-11-23 13:21:04.053377812,2024,11,Q4,Canada,Vienna,Vintage Cars,Hybrid,Fleet,Direct Sales,AutoMax,Meera,12,31059.26,372711.11,0.3,1118.13,371592.98,332022.15,39570.83,10.65,12.0,44591.16,16220.2,0,4.3,7,Finance
ORD202400540,2024-11-24 03:57:47.889908256,2024,11,Q4,India,Rome,Classic Cars,Petrol,Fleet,Distributor,Prime Motors,Sneha,7,77932.7,545528.93,5.8,31640.68,513888.25,438509.45,75378.8,14.67,5.0,25694.41,9093.12,0,3.2,2,Finance
ORD202400541,2024-11-24 18:34:31.726438696,2024,11,Q4,USA,Sydney,Ships,Electric,Corporate,Direct Sales,City Motors,Karthik,7,174661.39,1222629.76,3.2,39124.15,1183505.61,998464.98,185040.63,15.63,10.0,118350.56,40825.91,0,3.4,6,Bank Transfer
ORD202400542,2024-11-25 09:11:15.562969140,2024,11,Q4,Denmark,Mumbai,Trucks and Buses,Petrol,Retail,Distributor,AutoMax,Arun,12,33873.55,406482.62,9.4,38209.37,368273.25,324532.65,43740.61,11.88,10.0,36827.33,18441.62,1,4.5,9,Bank Transfer
ORD202400543,2024-11-25 23:47:59.399499580,2024,11,Q4,Singapore,Manila,Motorcycles,Petrol,Fleet,Dealer,Elite Cars,Meera,2,19543.87,39087.75,15.6,6097.69,32990.06,26942.09,6047.97,18.33,8.0,2639.2,852.83,0,3.7,5,UPI
ORD202400544,2024-11-26 14:24:43.236030024,2024,11,Q4,Spain,Berlin,Classic Cars,Diesel,Fleet,Dealer,AutoMax,Priya,7,70028.35,490198.46,0.2,980.4,489218.07,379865.8,109352.27,22.35,18.0,88059.25,25242.85,0,4.0,15,UPI
ORD202400545,2024-11-27 05:01:27.072560464,2024,11,Q4,Philippines,Helsinki,Vintage Cars,Petrol,Retail,Direct Sales,AutoMax,Sneha,8,27842.53,222740.26,15.8,35192.96,187547.3,144412.1,43135.19,23.0,12.0,22505.68,4221.22,0,4.8,2,Cash
ORD202400546,2024-11-27 19:38:10.909090908,2024,11,Q4,Belgium,Tokyo,Trains,Diesel,Retail,Direct Sales,Global Auto,Karthik,1,47503.4,47503.4,7.5,3562.75,43940.64,37013.82,6926.83,15.76,12.0,5272.88,1276.17,0,3.2,11,UPI
ORD202400547,2024-11-28 10:14:54.745621348,2024,11,Q4,Switzerland,Manila,Motorcycles,Hybrid,Government,Dealer,AutoMax,Rahul,12,17599.49,211193.83,5.5,11615.66,199578.17,152741.36,46836.81,23.47,12.0,23949.38,6930.58,1,4.2,6,UPI
ORD202400548,2024-11-29 00:51:38.582151792,2024,11,Q4,Austria,Tokyo,Vintage Cars,Diesel,Fleet,Dealer,Speed Wheels,Rahul,1,26801.42,26801.42,6.6,1768.89,25032.53,21570.34,3462.18,13.83,5.0,1251.63,698.9,0,3.3,12,Cash
ORD202400549,2024-11-29 15:28:22.418682232,2024,11,Q4,Philippines,Helsinki,Trucks and Buses,Hybrid,Government,Distributor,Global Auto,Vikram,14,46854.89,655968.48,12.9,84619.93,571348.55,456420.14,114928.4,20.12,12.0,68561.83,27817.25,0,4.1,9,Cash
ORD202400550,2024-11-30 06:05:06.255212676,2024,11,Q4,Finland,Zurich,Trucks and Buses,Hybrid,Retail,Online,AutoMax,Arun,8,50700.29,405602.3,8.6,34881.8,370720.5,307778.23,62942.27,16.98,12.0,44486.46,16465.34,0,4.9,8,Bank Transfer
ORD202400551,2024-11-30 20:41:50.091743116,2024,11,Q4,Spain,New York,Ships,Diesel,Corporate,Dealer,City Motors,Priya,2,113437.31,226874.62,16.3,36980.56,189894.06,155746.05,34148.01,17.98,10.0,18989.41,9497.37,0,3.7,15,Bank Transfer
ORD202400552,2024-12-01 11:18:33.928273560,2024,12,Q4,Italy,Brussels,Vintage Cars,Diesel,Fleet,Direct Sales,Elite Cars,Vikram,13,39273.2,510551.56,4.8,24506.48,486045.09,339120.9,146924.19,30.23,10.0,48604.51,18985.33,1,4.2,7,Finance
ORD202400553,2024-12-02 01:55:17.764804000,2024,12,Q4,Germany,Singapore,Vintage Cars,Diesel,Corporate,Dealer,Global Auto,Vikram,12,46260.48,555125.79,17.5,97147.01,457978.78,325625.21,132353.57,28.9,18.0,82436.18,22429.46,0,4.4,12,Cash
ORD202400554,2024-12-02 16:32:01.601334444,2024,12,Q4,USA,Helsinki,Classic Cars,Diesel,Retail,Online,City Motors,Priya,14,83293.91,1166114.7,12.5,145764.34,1020350.36,901217.12,119133.25,11.68,18.0,183663.07,50406.05,0,3.3,5,Cash
ORD202400555,2024-12-03 07:08:45.437864884,2024,12,Q4,Switzerland,Rome,Vintage Cars,Hybrid,Government,Dealer,Prime Motors,Meera,15,27973.24,419598.55,2.1,8811.57,410786.98,313078.95,97708.03,23.79,12.0,49294.44,22191.52,1,4.3,14,Finance
ORD202400556,2024-12-03 21:45:29.274395328,2024,12,Q4,Belgium,Madrid,Classic Cars,Petrol,Fleet,Direct Sales,City Motors,Meera,9,41775.85,375982.67,16.7,62789.11,313193.56,215391.58,97801.99,31.23,18.0,56374.84,15212.3,0,2.8,9,Bank Transfer
ORD202400557,2024-12-04 12:22:13.110925768,2024,12,Q4,UK,Sydney,Trucks and Buses,Hybrid,Retail,Dealer,AutoMax,Daniel,11,68896.57,757862.32,7.0,53050.36,704811.96,615492.36,89319.6,12.67,18.0,126866.15,38564.62,0,4.3,8,UPI
ORD202400558,2024-12-05 02:58:56.947456212,2024,12,Q4,UK,Helsinki,Trains,Petrol,Government,Direct Sales,Speed Wheels,Sneha,7,69667.85,487674.92,7.4,36087.94,451586.98,400573.17,51013.81,11.3,18.0,81285.66,8514.63,0,3.9,8,Cash
ORD202400559,2024-12-05 17:35:40.783986652,2024,12,Q4,Switzerland,Helsinki,Planes,Diesel,Retail,Dealer,City Motors,Ananya,13,93277.36,1212605.65,10.5,127323.59,1085282.06,753556.29,331725.77,30.57,12.0,130233.85,26637.23,1,3.6,9,Cash
ORD202400560,2024-12-06 08:12:24.620517096,2024,12,Q4,Austria,Zurich,Vintage Cars,Petrol,Retail,Dealer,Elite Cars,Priya,7,26616.72,186317.07,12.1,22544.37,163772.7,137264.36,26508.34,16.19,8.0,13101.82,4333.11,0,4.3,15,Finance
ORD202400561,2024-12-06 22:49:08.457047536,2024,12,Q4,Sweden,Vienna,Motorcycles,Diesel,Corporate,Dealer,Speed Wheels,Arun,7,17802.66,124618.63,2.4,2990.85,121627.78,84069.78,37558.01,30.88,18.0,21893.0,3026.12,0,4.3,14,Bank Transfer
ORD202400562,2024-12-07 13:25:52.293577980,2024,12,Q4,Italy,Toronto,Trucks and Buses,Petrol,Government,Direct Sales,AutoMax,Sofia,13,63914.18,830884.39,4.1,34066.26,796818.13,699020.57,97797.55,12.27,10.0,79681.81,34905.65,0,4.3,5,UPI
ORD202400563,2024-12-08 04:02:36.130108420,2024,12,Q4,Canada,Mumbai,Vintage Cars,Hybrid,Retail,Dealer,Prime Motors,Priya,6,35375.37,212252.22,2.4,5094.05,207158.17,178300.29,28857.87,13.93,8.0,16572.65,5987.1,0,3.4,13,Cash
ORD202400564,2024-12-08 18:39:19.966638864,2024,12,Q4,Canada,Paris,Planes,Electric,Fleet,Dealer,Speed Wheels,Sneha,12,119338.09,1432057.06,16.7,239153.53,1192903.53,930764.23,262139.3,21.97,8.0,95432.28,53909.2,1,4.0,10,UPI
ORD202400565,2024-12-09 09:16:03.803169304,2024,12,Q4,Belgium,Rome,Motorcycles,Petrol,Corporate,Distributor,AutoMax,Meera,3,12885.28,38655.83,5.8,2242.04,36413.79,31598.14,4815.66,13.22,10.0,3641.38,1017.98,0,4.7,12,Bank Transfer
ORD202400566,2024-12-09 23:52:47.639699748,2024,12,Q4,Australia,Brussels,Motorcycles,Petrol,Corporate,Dealer,Global Auto,Daniel,10,15242.45,152424.48,5.0,7621.22,144803.25,121627.27,23175.98,16.01,12.0,17376.39,3973.42,1,4.4,12,Bank Transfer
ORD202400567,2024-12-10 14:29:31.476230188,2024,12,Q4,Sweden,Mumbai,Vintage Cars,Petrol,Fleet,Dealer,Global Auto,Karthik,14,25395.49,355536.88,3.3,11732.72,343804.16,268888.28,74915.88,21.79,18.0,61884.75,9105.73,1,4.1,9,Finance
ORD202400568,2024-12-11 05:06:15.312760632,2024,12,Q4,Canada,Vienna,Planes,Petrol,Retail,Dealer,Prime Motors,Sneha,9,133236.79,1199131.14,4.6,55160.03,1143971.1,838841.51,305129.6,26.67,8.0,91517.69,28812.62,0,3.6,15,Cash
ORD202400569,2024-12-11 19:42:59.149291072,2024,12,Q4,Belgium,Berlin,Motorcycles,Hybrid,Retail,Dealer,Elite Cars,Sofia,6,12892.11,77352.65,12.0,9282.32,68070.33,55838.94,12231.4,17.97,12.0,8168.44,2755.21,0,3.5,5,Cash
ORD202400570,2024-12-12 10:19:42.985821516,2024,12,Q4,Japan,Toronto,Trucks and Buses,Hybrid,Corporate,Dealer,Prime Motors,Arun,5,71806.64,359033.2,0.7,2513.23,356519.97,248225.0,108294.97,30.38,18.0,64173.59,16056.56,1,3.5,15,Bank Transfer
ORD202400571,2024-12-13 00:56:26.822351956,2024,12,Q4,Philippines,Mumbai,Trucks and Buses,Diesel,Retail,Distributor,AutoMax,Priya,15,48121.12,721816.73,13.5,97445.26,624371.47,493648.62,130722.85,20.94,12.0,74924.58,30877.14,0,3.9,14,Credit Card
ORD202400572,2024-12-13 15:33:10.658882400,2024,12,Q4,Denmark,Stockholm,Classic Cars,Petrol,Retail,Dealer,AutoMax,Arun,11,51279.0,564068.99,11.6,65432.0,498636.99,431367.21,67269.78,13.49,12.0,59836.44,9343.12,1,4.3,13,Finance
ORD202400573,2024-12-14 06:09:54.495412840,2024,12,Q4,Belgium,Copenhagen,Classic Cars,Diesel,Retail,Online,Elite Cars,Arun,6,59940.21,359641.28,4.7,16903.14,342738.14,238269.65,104468.5,30.48,10.0,34273.81,17825.94,0,3.9,9,Cash
ORD202400574,2024-12-14 20:46:38.331943284,2024,12,Q4,Singapore,Sydney,Trucks and Buses,Hybrid,Corporate,Online,Global Auto,Sneha,3,52903.1,158709.3,2.9,4602.57,154106.73,128449.87,25656.85,16.65,18.0,27739.21,7741.99,1,4.1,14,Cash
ORD202400575,2024-12-15 11:23:22.168473724,2024,12,Q4,Philippines,Zurich,Vintage Cars,Petrol,Corporate,Dealer,AutoMax,Priya,15,28344.82,425172.31,3.6,15306.2,409866.11,360804.29,49061.82,11.97,10.0,40986.61,11186.94,0,4.7,13,UPI
ORD202400576,2024-12-16 02:00:06.005004168,2024,12,Q4,Austria,Brussels,Trucks and Buses,Diesel,Corporate,Online,City Motors,Sofia,6,50371.54,302229.25,3.9,11786.94,290442.31,209819.31,80623.0,27.76,10.0,29044.23,10172.06,0,3.7,12,Cash
ORD202400577,2024-12-16 16:36:49.841534608,2024,12,Q4,Switzerland,Rome,Motorcycles,Petrol,Retail,Direct Sales,Global Auto,Daniel,4,22657.36,90629.44,12.6,11419.31,79210.13,70855.9,8354.23,10.55,5.0,3960.51,3860.27,1,3.3,8,Bank Transfer
ORD202400578,2024-12-17 07:13:33.678065052,2024,12,Q4,Singapore,Stockholm,Trucks and Buses,Diesel,Retail,Online,Speed Wheels,Rahul,8,58868.69,470949.48,16.9,79590.46,391359.02,335786.33,55572.69,14.2,18.0,70444.62,9732.39,0,4.6,14,Finance
ORD202400579,2024-12-17 21:50:17.514595496,2024,12,Q4,Switzerland,Sydney,Classic Cars,Petrol,Retail,Online,Global Auto,Priya,1,44303.54,44303.54,1.2,531.64,43771.89,35911.73,7860.17,17.96,18.0,7878.94,1569.27,0,4.4,9,UPI
ORD202400580,2024-12-18 12:27:01.351125936,2024,12,Q4,Denmark,Sydney,Classic Cars,Petrol,Government,Dealer,City Motors,Rahul,7,36385.6,254699.21,11.3,28781.01,225918.2,175124.07,50794.13,22.48,18.0,40665.28,9837.47,0,3.7,8,Bank Transfer
ORD202400581,2024-12-19 03:03:45.187656380,2024,12,Q4,Japan,Singapore,Vintage Cars,Diesel,Government,Direct Sales,Speed Wheels,Sneha,10,58604.5,586044.97,10.8,63292.86,522752.12,403051.56,119700.56,22.9,10.0,52275.21,18544.69,0,3.6,10,Cash
ORD202400582,2024-12-19 17:40:29.024186820,2024,12,Q4,India,Paris,Trucks and Buses,Diesel,Retail,Distributor,City Motors,Ananya,15,59533.79,893006.88,11.9,106267.82,786739.06,675265.24,111473.82,14.17,5.0,39336.95,15110.69,1,4.8,4,Finance
ORD202400583,2024-12-20 08:17:12.860717264,2024,12,Q4,USA,Vienna,Classic Cars,Electric,Fleet,Dealer,Elite Cars,Vikram,2,89478.12,178956.24,17.8,31854.21,147102.03,110355.1,36746.93,24.98,18.0,26478.36,4576.45,0,4.7,4,Finance
ORD202400584,2024-12-20 22:53:56.697247704,2024,12,Q4,Switzerland,New York,Trucks and Buses,Petrol,Fleet,Direct Sales,Speed Wheels,Karthik,8,47522.31,380178.5,4.6,17488.21,362690.29,264272.15,98418.14,27.14,18.0,65284.25,19264.29,1,4.0,13,Bank Transfer
ORD202400585,2024-12-21 13:30:40.533778148,2024,12,Q4,Finland,Copenhagen,Vintage Cars,Petrol,Government,Direct Sales,Speed Wheels,Karthik,4,33476.21,133904.82,6.5,8703.81,125201.01,94792.43,30408.58,24.29,12.0,15024.12,3142.18,0,3.6,12,Finance
ORD202400586,2024-12-22 04:07:24.370308588,2024,12,Q4,Sweden,Toronto,Classic Cars,Petrol,Retail,Online,Global Auto,Sneha,15,58760.07,881401.01,6.2,54646.86,826754.15,643566.32,183187.83,22.16,12.0,99210.5,22396.15,0,3.8,11,UPI
ORD202400587,2024-12-22 18:44:08.206839032,2024,12,Q4,Spain,Brussels,Vintage Cars,Diesel,Retail,Direct Sales,Elite Cars,Priya,4,35686.09,142744.35,2.3,3283.12,139461.23,96645.23,42816.0,30.7,10.0,13946.12,7082.56,0,4.1,12,UPI
ORD202400588,2024-12-23 09:20:52.043369472,2024,12,Q4,Switzerland,Brussels,Planes,Electric,Retail,Online,City Motors,Vikram,1,77847.44,77847.44,0.7,544.93,77302.51,67028.21,10274.29,13.29,12.0,9276.3,2634.79,0,4.5,7,Finance
ORD202400589,2024-12-23 23:57:35.879899916,2024,12,Q4,Austria,Brussels,Trains,Petrol,Retail,Online,City Motors,Priya,1,42237.22,42237.22,14.8,6251.11,35986.11,31646.53,4339.58,12.06,12.0,4318.33,1940.79,0,3.9,4,Cash
ORD202400590,2024-12-24 14:34:19.716430356,2024,12,Q4,Switzerland,Toronto,Trucks and Buses,Diesel,Fleet,Direct Sales,City Motors,Vikram,11,62709.2,689801.23,4.0,27592.05,662209.18,517376.08,144833.1,21.87,18.0,119197.65,10967.42,0,4.4,2,UPI
ORD202400591,2024-12-25 05:11:03.552960800,2024,12,Q4,France,Tokyo,Vintage Cars,Electric,Retail,Distributor,Global Auto,Karthik,3,46966.32,140898.95,13.2,18598.66,122300.29,86964.85,35335.44,28.89,18.0,22014.05,5665.74,0,4.6,13,Bank Transfer
ORD202400592,2024-12-25 19:47:47.389491240,2024,12,Q4,Spain,Berlin,Ships,Petrol,Fleet,Online,AutoMax,Karthik,9,108150.8,973357.2,10.4,101229.15,872128.05,776005.75,96122.3,11.02,10.0,87212.8,31301.1,0,3.9,8,UPI
ORD202400593,2024-12-26 10:24:31.226021684,2024,12,Q4,Japan,Tokyo,Trucks and Buses,Diesel,Retail,Dealer,Speed Wheels,Priya,1,100483.25,100483.25,5.8,5828.03,94655.22,77505.99,17149.23,18.12,8.0,7572.42,3283.92,0,2.9,4,Bank Transfer
ORD202400594,2024-12-27 01:01:15.062552124,2024,12,Q4,Canada,Paris,Vintage Cars,Petrol,Government,Direct Sales,Speed Wheels,Vikram,15,52984.05,794760.69,5.0,39738.03,755022.65,578939.22,176083.43,23.32,12.0,90602.72,29032.92,0,4.6,14,Cash
ORD202400595,2024-12-27 15:37:58.899082568,2024,12,Q4,Norway,Toronto,Motorcycles,Electric,Retail,Dealer,Elite Cars,Daniel,13,10532.58,136923.53,12.1,16567.75,120355.78,87855.06,32500.73,27.0,10.0,12035.58,3049.72,0,3.7,3,UPI
ORD202400596,2024-12-28 06:14:42.735613008,2024,12,Q4,Austria,Rome,Classic Cars,Petrol,Retail,Online,Prime Motors,Arun,2,57412.52,114825.05,4.4,5052.3,109772.74,81563.03,28209.72,25.7,18.0,19759.09,3962.96,0,3.8,3,Cash
ORD202400597,2024-12-28 20:51:26.572143452,2024,12,Q4,Finland,Mumbai,Classic Cars,Diesel,Retail,Distributor,Global Auto,Meera,2,43230.66,86461.33,16.4,14179.66,72281.67,57188.13,15093.54,20.88,12.0,8673.8,2760.42,0,3.7,8,Bank Transfer
ORD202400598,2024-12-29 11:28:10.408673892,2024,12,Q4,USA,Rome,Vintage Cars,Petrol,Fleet,Dealer,City Motors,Sneha,9,72951.41,656562.65,16.5,108332.84,548229.81,402832.21,145397.61,26.52,18.0,98681.37,13836.11,0,4.6,7,UPI
ORD202400599,2024-12-30 02:04:54.245204336,2024,12,Q4,Belgium,Paris,Trucks and Buses,Petrol,Corporate,Online,AutoMax,Vikram,12,48979.65,587755.78,11.1,65240.89,522514.89,430658.45,91856.44,17.58,10.0,52251.49,15658.32,0,3.8,4,Credit Card
ORD202400600,2024-12-30 16:41:38.081734776,2024,12,Q4,Austria,Copenhagen,Classic Cars,Diesel,Fleet,Dealer,Speed Wheels,Rahul,15,52208.24,783123.62,7.5,58734.27,724389.35,620024.62,104364.73,14.41,10.0,72438.93,30101.99,0,4.6,8,UPI
ORD202400601,2024-12-31 07:18:21.918265220,2024,12,Q4,Philippines,Mumbai,Classic Cars,Petrol,Government,Dealer,City Motors,Daniel,4,40546.68,162186.71,13.3,21570.83,140615.88,103869.61,36746.26,26.13,5.0,7030.79,7130.57,0,4.2,5,Credit Card
ORD202400602,2024-12-31 21:55:05.754795660,2024,12,Q4,Italy,Vienna,Classic Cars,Hybrid,Corporate,Dealer,Elite Cars,Arun,12,77717.2,932606.36,15.8,147351.81,785254.56,678143.48,107111.07,13.64,18.0,141345.82,21424.93,0,5.0,8,Finance
ORD202400603,2025-01-01 12:31:49.591326104,2025,1,Q1,Sweden,Oslo,Classic Cars,Hybrid,Government,Online,City Motors,Vikram,15,37432.32,561484.86,15.1,84784.21,476700.64,334433.16,142267.49,29.84,18.0,85806.12,26185.32,1,3.7,15,Credit Card
ORD202400604,2025-01-02 03:08:33.427856544,2025,1,Q1,Italy,London,Classic Cars,Electric,Government,Direct Sales,AutoMax,Sofia,4,74032.18,296128.71,16.3,48268.98,247859.73,217788.04,30071.69,12.13,12.0,29743.17,13074.65,0,4.7,5,Finance
ORD202400605,2025-01-02 17:45:17.264386988,2025,1,Q1,Austria,Vienna,Classic Cars,Hybrid,Government,Distributor,City Motors,Ananya,2,50097.55,100195.1,3.6,3607.02,96588.08,65984.0,30604.07,31.69,18.0,17385.85,3532.77,1,3.2,12,Bank Transfer
ORD202400606,2025-01-03 08:22:01.100917428,2025,1,Q1,Italy,Copenhagen,Vintage Cars,Petrol,Corporate,Direct Sales,Speed Wheels,Ananya,5,54111.35,270556.77,17.4,47076.88,223479.89,155543.96,67935.93,30.4,10.0,22347.99,6575.78,0,4.4,8,Credit Card
ORD202400607,2025-01-03 22:58:44.937447872,2025,1,Q1,Denmark,New York,Vintage Cars,Hybrid,Retail,Dealer,Global Auto,Ananya,12,36764.94,441179.25,5.1,22500.14,418679.11,286687.92,131991.18,31.53,5.0,20933.96,12111.66,0,4.2,12,Bank Transfer
ORD202400608,2025-01-04 13:35:28.773978312,2025,1,Q1,Spain,New York,Classic Cars,Diesel,Fleet,Online,Global Auto,Ananya,5,67462.01,337310.07,10.8,36429.49,300880.58,242874.83,58005.76,19.28,18.0,54158.5,5409.95,0,4.2,14,UPI
ORD202400609,2025-01-05 04:12:12.610508756,2025,1,Q1,UK,Rome,Classic Cars,Petrol,Retail,Dealer,Elite Cars,Priya,11,65018.3,715201.32,13.3,95121.78,620079.54,540859.51,79220.03,12.78,10.0,62007.95,17539.02,1,4.3,3,Credit Card
ORD202400610,2025-01-05 18:48:56.447039196,2025,1,Q1,Finland,Manila,Vintage Cars,Hybrid,Government,Distributor,Prime Motors,Sofia,5,29904.09,149520.44,10.9,16297.73,133222.71,99700.0,33522.7,25.16,18.0,23980.09,5546.56,1,4.5,13,Credit Card
ORD202400611,2025-01-06 09:25:40.283569640,2025,1,Q1,Belgium,Stockholm,Trains,Electric,Retail,Online,City Motors,Sneha,12,29162.49,349949.92,10.2,35694.89,314255.03,244460.04,69794.99,22.21,10.0,31425.5,7367.88,0,3.6,12,Bank Transfer
ORD202400612,2025-01-07 00:02:24.120100080,2025,1,Q1,Spain,Mumbai,Vintage Cars,Hybrid,Retail,Dealer,AutoMax,Sofia,3,36264.02,108792.06,5.7,6201.15,102590.91,90504.36,12086.55,11.78,12.0,12310.91,2389.98,0,4.1,9,Finance
ORD202400613,2025-01-07 14:39:07.956630524,2025,1,Q1,Italy,Madrid,Trucks and Buses,Hybrid,Retail,Distributor,Global Auto,Karthik,7,81468.26,570277.83,12.9,73565.84,496711.99,363124.72,133587.27,26.89,8.0,39736.96,12647.46,0,4.5,7,Bank Transfer
ORD202400614,2025-01-08 05:15:51.793160964,2025,1,Q1,India,Helsinki,Ships,Petrol,Government,Dealer,City Motors,Sofia,7,150870.96,1056096.69,12.0,126731.6,929365.09,704197.29,225167.8,24.23,12.0,111523.81,15227.94,0,3.4,10,UPI
ORD202400615,2025-01-08 19:52:35.629691408,2025,1,Q1,Canada,Copenhagen,Trucks and Buses,Hybrid,Retail,Dealer,Speed Wheels,Meera,5,55111.47,275557.37,2.3,6337.82,269219.55,189721.93,79497.62,29.53,18.0,48459.52,12058.89,0,3.8,4,Bank Transfer
ORD202400616,2025-01-09 10:29:19.466221848,2025,1,Q1,Italy,Manila,Planes,Petrol,Retail,Distributor,Global Auto,Vikram,2,124837.97,249675.94,4.3,10736.07,238939.88,214653.06,24286.82,10.16,8.0,19115.19,9376.29,1,4.3,2,UPI
ORD202400617,2025-01-10 01:06:03.302752292,2025,1,Q1,USA,Tokyo,Classic Cars,Petrol,Retail,Online,Global Auto,Vikram,1,103657.39,103657.39,1.8,1865.83,101791.56,81286.07,20505.49,20.14,12.0,12214.99,4574.09,0,3.1,8,Bank Transfer
ORD202400618,2025-01-10 15:42:47.139282732,2025,1,Q1,Philippines,Singapore,Classic Cars,Diesel,Retail,Online,Prime Motors,Daniel,6,35145.46,210872.74,0.4,843.49,210029.25,149673.87,60355.38,28.74,12.0,25203.51,5148.05,0,3.5,8,Cash
ORD202400619,2025-01-11 06:19:30.975813176,2025,1,Q1,Canada,Tokyo,Planes,Diesel,Retail,Online,Global Auto,Vikram,3,121084.05,363252.14,10.7,38867.98,324384.16,270030.85,54353.31,16.76,10.0,32438.42,17472.23,1,4.3,10,Finance
ORD202400620,2025-01-11 20:56:14.812343616,2025,1,Q1,Austria,Brussels,Ships,Electric,Retail,Dealer,Prime Motors,Arun,6,73290.18,439741.06,3.1,13631.97,426109.08,360003.73,66105.35,15.51,12.0,51133.09,18820.05,0,4.7,14,UPI
ORD202400621,2025-01-12 11:32:58.648874060,2025,1,Q1,Singapore,Copenhagen,Vintage Cars,Hybrid,Corporate,Direct Sales,Global Auto,Vikram,5,44721.8,223609.0,7.4,16547.07,207061.93,160118.31,46943.62,22.67,18.0,37271.15,5448.26,0,3.7,5,UPI
ORD202400622,2025-01-13 02:09:42.485404500,2025,1,Q1,USA,Tokyo,Classic Cars,Petrol,Retail,Online,Prime Motors,Meera,6,91507.15,549042.89,5.2,28550.23,520492.66,404918.88,115573.77,22.2,12.0,62459.12,17445.35,0,4.5,3,Credit Card
ORD202400623,2025-01-13 16:46:26.321934944,2025,1,Q1,Italy,Stockholm,Trucks and Buses,Petrol,Government,Direct Sales,Prime Motors,Vikram,6,68189.52,409137.1,10.0,40913.71,368223.39,287805.46,80417.94,21.84,12.0,44186.81,13963.65,0,4.3,9,UPI
ORD202400624,2025-01-14 07:23:10.158465384,2025,1,Q1,Singapore,Rome,Planes,Diesel,Retail,Direct Sales,Elite Cars,Rahul,8,103060.35,824482.77,15.6,128619.31,695863.46,586413.65,109449.81,15.73,12.0,83503.62,23734.19,0,4.6,13,Cash
ORD202400625,2025-01-14 21:59:53.994995828,2025,1,Q1,Canada,Berlin,Ships,Hybrid,Retail,Dealer,Global Auto,Meera,5,103548.32,517741.62,16.1,83356.4,434385.22,347718.36,86666.87,19.95,5.0,21719.26,16537.99,0,4.6,6,Finance
ORD202400626,2025-01-15 12:36:37.831526268,2025,1,Q1,France,Singapore,Trucks and Buses,Petrol,Fleet,Dealer,Prime Motors,Karthik,13,62983.03,818779.37,17.5,143286.39,675492.98,562388.19,113104.79,16.74,10.0,67549.3,34069.89,0,4.3,5,UPI
ORD202400627,2025-01-16 03:13:21.668056712,2025,1,Q1,India,Brussels,Motorcycles,Hybrid,Fleet,Online,Elite Cars,Daniel,2,29137.53,58275.06,5.7,3321.68,54953.38,40357.16,14596.22,26.56,18.0,9891.61,1820.3,0,4.2,2,Bank Transfer
ORD202400628,2025-01-16 17:50:05.504587152,2025,1,Q1,Finland,Vienna,Trucks and Buses,Diesel,Corporate,Direct Sales,Speed Wheels,Karthik,15,53773.61,806604.22,6.9,55655.69,750948.53,555274.07,195674.47,26.06,18.0,135170.74,35655.56,1,4.6,14,Cash
ORD202400629,2025-01-17 08:26:49.341117596,2025,1,Q1,Canada,Sydney,Motorcycles,Diesel,Fleet,Online,Speed Wheels,Rahul,6,22500.37,135002.21,6.5,8775.14,126227.07,106248.31,19978.76,15.83,5.0,6311.35,3572.78,0,4.2,6,Finance
ORD202400630,2025-01-17 23:03:33.177648036,2025,1,Q1,Norway,Zurich,Classic Cars,Petrol,Retail,Online,Global Auto,Vikram,8,51700.86,413606.9,6.8,28125.27,385481.64,310647.93,74833.71,19.41,8.0,30838.53,20489.26,0,3.2,5,Bank Transfer
ORD202400631,2025-01-18 13:40:17.014178480,2025,1,Q1,Finland,Paris,Classic Cars,Diesel,Retail,Distributor,Elite Cars,Arun,13,48613.89,631980.53,14.4,91005.2,540975.34,388358.58,152616.75,28.21,10.0,54097.53,26904.59,0,4.0,6,Credit Card
ORD202400632,2025-01-19 04:17:00.850708920,2025,1,Q1,Spain,Toronto,Ships,Diesel,Retail,Dealer,Speed Wheels,Sneha,2,105019.05,210038.1,14.5,30455.52,179582.58,159412.75,20169.83,11.23,10.0,17958.26,4941.33,0,4.0,7,Finance
ORD202400633,2025-01-19 18:53:44.687239364,2025,1,Q1,UK,Zurich,Vintage Cars,Diesel,Government,Direct Sales,AutoMax,Sneha,1,69975.96,69975.96,8.2,5738.03,64237.93,54764.83,9473.1,14.75,18.0,11562.83,1640.03,0,4.7,4,Credit Card
ORD202400634,2025-01-20 09:30:28.523769804,2025,1,Q1,Italy,Vienna,Vintage Cars,Petrol,Corporate,Dealer,City Motors,Daniel,10,45762.67,457626.66,15.1,69101.63,388525.04,330700.59,57824.45,14.88,8.0,31082.0,12152.65,0,3.9,6,UPI
ORD202400635,2025-01-21 00:07:12.360300248,2025,1,Q1,Spain,London,Trucks and Buses,Electric,Corporate,Direct Sales,Prime Motors,Karthik,3,75315.97,225947.92,16.1,36377.61,189570.3,151665.37,37904.93,20.0,18.0,34122.65,7315.43,0,4.7,11,Credit Card
ORD202400636,2025-01-21 14:43:56.196830688,2025,1,Q1,Australia,Rome,Vintage Cars,Petrol,Retail,Online,Elite Cars,Vikram,2,45229.89,90459.77,4.7,4251.61,86208.16,72362.22,13845.95,16.06,12.0,10344.98,2358.03,0,3.4,12,Bank Transfer
ORD202400637,2025-01-22 05:20:40.033361132,2025,1,Q1,France,Vienna,Classic Cars,Hybrid,Fleet,Direct Sales,Global Auto,Rahul,4,54129.36,216517.42,11.6,25116.02,191401.4,142886.41,48514.99,25.35,18.0,34452.25,10436.98,1,4.4,7,Bank Transfer
ORD202400638,2025-01-22 19:57:23.869891572,2025,1,Q1,Spain,Stockholm,Planes,Hybrid,Fleet,Online,AutoMax,Rahul,4,99092.67,396370.68,16.9,66986.64,329384.03,248565.18,80818.85,24.54,8.0,26350.72,15547.68,1,4.2,9,Bank Transfer
ORD202400639,2025-01-23 10:34:07.706422016,2025,1,Q1,UK,Sydney,Trains,Petrol,Corporate,Online,AutoMax,Meera,15,48077.15,721157.18,12.8,92308.12,628849.06,565174.76,63674.3,10.13,10.0,62884.91,14683.98,1,3.5,4,Bank Transfer
ORD202400640,2025-01-24 01:10:51.542952456,2025,1,Q1,India,Oslo,Trains,Electric,Fleet,Dealer,Elite Cars,Sofia,3,57261.7,171785.09,3.7,6356.05,165429.04,113852.42,51576.62,31.18,8.0,13234.32,7243.21,1,3.6,10,Credit Card
ORD202400641,2025-01-24 15:47:35.379482900,2025,1,Q1,Australia,Stockholm,Trucks and Buses,Hybrid,Fleet,Direct Sales,Global Auto,Meera,1,61480.23,61480.23,0.0,0.0,61480.23,49410.07,12070.16,19.63,10.0,6148.02,1507.57,1,3.8,6,Finance
ORD202400642,2025-01-25 06:24:19.216013344,2025,1,Q1,Sweden,Singapore,Classic Cars,Electric,Retail,Distributor,Elite Cars,Karthik,15,50813.69,762205.34,16.0,121952.85,640252.49,561735.62,78516.87,12.26,18.0,115245.45,29035.86,0,4.3,2,UPI
ORD202400643,2025-01-25 21:01:03.052543784,2025,1,Q1,Denmark,New York,Trains,Electric,Corporate,Dealer,City Motors,Priya,10,30774.88,307748.82,8.5,26158.65,281590.17,246463.69,35126.48,12.47,10.0,28159.02,5080.58,0,4.3,9,Bank Transfer
ORD202400644,2025-01-26 11:37:46.889074228,2025,1,Q1,Canada,Berlin,Ships,Hybrid,Retail,Dealer,Prime Motors,Karthik,5,102192.29,510961.45,8.2,41898.84,469062.61,386531.9,82530.72,17.59,5.0,23453.13,7712.84,0,3.5,8,Bank Transfer
ORD202400645,2025-01-27 02:14:30.725604668,2025,1,Q1,Germany,Toronto,Vintage Cars,Electric,Corporate,Direct Sales,Elite Cars,Sofia,4,75287.22,301148.88,13.5,40655.1,260493.78,212889.78,47603.99,18.27,18.0,46888.88,9290.55,0,4.3,9,Cash
ORD202400646,2025-01-27 16:51:14.562135112,2025,1,Q1,Denmark,Tokyo,Classic Cars,Electric,Corporate,Distributor,AutoMax,Sneha,7,32708.98,228962.85,16.4,37549.91,191412.94,153338.77,38074.17,19.89,8.0,15313.04,2891.57,0,3.9,4,Cash
ORD202400647,2025-01-28 07:27:58.398665552,2025,1,Q1,Japan,Madrid,Vintage Cars,Diesel,Corporate,Direct Sales,Prime Motors,Daniel,7,71167.09,498169.62,13.9,69245.58,428924.05,341887.51,87036.53,20.29,12.0,51470.89,8648.89,0,4.0,3,Finance
ORD202400648,2025-01-28 22:04:42.235195996,2025,1,Q1,Canada,Singapore,Trucks and Buses,Petrol,Corporate,Online,AutoMax,Daniel,8,58222.48,465779.81,1.0,4657.8,461122.02,357350.95,103771.07,22.5,12.0,55334.64,20057.11,0,4.4,11,UPI
ORD202400649,2025-01-29 12:41:26.071726436,2025,1,Q1,USA,Sydney,Trains,Hybrid,Fleet,Dealer,City Motors,Daniel,12,57745.73,692948.73,17.8,123344.87,569603.86,443213.7,126390.16,22.19,8.0,45568.31,26702.13,0,3.9,11,Credit Card
ORD202400650,2025-01-30 03:18:09.908256880,2025,1,Q1,Norway,Copenhagen,Motorcycles,Electric,Retail,Online,City Motors,Priya,11,16422.92,180652.07,12.6,22762.16,157889.91,120945.12,36944.79,23.4,12.0,18946.79,3239.61,0,4.6,8,Finance
ORD202400651,2025-01-30 17:54:53.744787320,2025,1,Q1,Australia,Stockholm,Vintage Cars,Hybrid,Corporate,Dealer,City Motors,Arun,11,34728.15,382009.68,7.4,28268.72,353740.96,299565.04,54175.93,15.32,18.0,63673.37,16681.34,0,3.6,13,Finance
ORD202400652,2025-01-31 08:31:37.581317764,2025,1,Q1,Denmark,Copenhagen,Planes,Diesel,Corporate,Distributor,Global Auto,Vikram,11,76940.75,846348.28,17.2,145571.9,700776.38,562376.72,138399.66,19.75,8.0,56062.11,16464.88,0,4.1,12,Finance
ORD202400653,2025-01-31 23:08:21.417848204,2025,1,Q1,UK,New York,Vintage Cars,Electric,Government,Dealer,Prime Motors,Rahul,6,59148.42,354890.51,0.2,709.78,354180.73,301445.25,52735.48,14.89,12.0,42501.69,6533.18,0,4.1,5,Bank Transfer
ORD202400654,2025-02-01 13:45:05.254378648,2025,2,Q1,Norway,Zurich,Classic Cars,Petrol,Retail,Direct Sales,City Motors,Sofia,3,33921.22,101763.65,13.7,13941.62,87822.03,63978.99,23843.04,27.15,10.0,8782.2,1556.07,0,4.1,7,Finance
ORD202400655,2025-02-02 04:21:49.090909088,2025,2,Q1,Japan,Paris,Classic Cars,Diesel,Fleet,Dealer,Global Auto,Sofia,13,72470.0,942109.99,2.5,23552.75,918557.24,640044.47,278512.78,30.32,12.0,110226.87,14296.48,1,4.2,2,Cash
ORD202400656,2025-02-02 18:58:32.927439532,2025,2,Q1,France,Zurich,Vintage Cars,Petrol,Fleet,Direct Sales,City Motors,Sofia,10,39083.06,390830.58,6.8,26576.48,364254.1,310089.07,54165.03,14.87,18.0,65565.74,8634.06,0,3.9,13,UPI
ORD202400657,2025-02-03 09:35:16.763969972,2025,2,Q1,USA,Mumbai,Classic Cars,Petrol,Fleet,Direct Sales,Elite Cars,Rahul,14,117639.76,1646956.62,15.1,248690.45,1398266.17,1124366.43,273899.73,19.59,10.0,139826.62,47379.11,1,4.0,7,Credit Card
ORD202400658,2025-02-04 00:12:00.600500416,2025,2,Q1,Norway,Toronto,Motorcycles,Diesel,Fleet,Online,Global Auto,Daniel,14,14247.95,199471.31,5.8,11569.34,187901.98,146597.72,41304.25,21.98,18.0,33822.36,6852.5,1,3.4,10,Cash
ORD202400659,2025-02-04 14:48:44.437030856,2025,2,Q1,France,Paris,Classic Cars,Diesel,Fleet,Online,Global Auto,Vikram,2,53301.74,106603.48,3.8,4050.93,102552.55,84121.76,18430.78,17.97,10.0,10255.25,2610.61,0,4.0,14,Cash
ORD202400660,2025-02-05 05:25:28.273561300,2025,2,Q1,India,Brussels,Trucks and Buses,Petrol,Retail,Online,Speed Wheels,Rahul,5,92531.99,462659.97,8.1,37475.46,425184.51,382311.71,42872.8,10.08,8.0,34014.76,9856.22,0,3.6,8,Bank Transfer
ORD202400661,2025-02-05 20:02:12.110091740,2025,2,Q1,Italy,Madrid,Vintage Cars,Petrol,Retail,Online,AutoMax,Daniel,15,48282.67,724240.05,16.2,117326.89,606913.16,462775.36,144137.81,23.75,12.0,72829.58,11476.75,0,5.0,12,UPI
ORD202400662,2025-02-06 10:38:55.946622184,2025,2,Q1,Germany,Sydney,Trains,Hybrid,Retail,Direct Sales,Speed Wheels,Rahul,10,59923.0,599229.98,1.1,6591.53,592638.45,456116.07,136522.38,23.04,8.0,47411.08,15858.97,0,4.4,11,Cash
ORD202400663,2025-02-07 01:15:39.783152624,2025,2,Q1,Japan,New York,Vintage Cars,Petrol,Fleet,Direct Sales,AutoMax,Sofia,2,52086.87,104173.75,10.5,10938.24,93235.51,80575.34,12660.16,13.58,18.0,16782.39,3174.71,0,4.4,5,UPI
ORD202400664,2025-02-07 15:52:23.619683068,2025,2,Q1,Belgium,Singapore,Trucks and Buses,Petrol,Corporate,Dealer,Global Auto,Sneha,8,44016.84,352134.69,17.0,59862.9,292271.79,233519.28,58752.51,20.1,5.0,14613.59,9280.68,0,3.7,13,UPI
ORD202400665,2025-02-08 06:29:07.456213508,2025,2,Q1,Denmark,Tokyo,Classic Cars,Petrol,Retail,Dealer,Prime Motors,Rahul,11,33939.48,373334.28,3.6,13440.03,359894.24,309204.09,50690.15,14.08,8.0,28791.54,7704.72,0,3.4,6,Finance
ORD202400666,2025-02-08 21:05:51.292743952,2025,2,Q1,Singapore,Sydney,Classic Cars,Petrol,Corporate,Online,City Motors,Karthik,10,47255.36,472553.61,4.2,19847.25,452706.36,357260.62,95445.74,21.08,12.0,54324.76,24560.92,0,4.1,12,Bank Transfer
ORD202400667,2025-02-09 11:42:35.129274392,2025,2,Q1,Canada,Tokyo,Vintage Cars,Electric,Corporate,Direct Sales,Elite Cars,Daniel,6,33668.95,202013.68,9.9,19999.35,182014.32,141917.23,40097.1,22.03,18.0,32762.58,3291.91,0,3.8,5,Bank Transfer
ORD202400668,2025-02-10 02:19:18.965804836,2025,2,Q1,Singapore,Stockholm,Trucks and Buses,Electric,Corporate,Dealer,AutoMax,Arun,8,58232.76,465862.08,1.7,7919.66,457942.43,367052.58,90889.84,19.85,18.0,82429.64,11016.88,0,4.5,15,Credit Card
ORD202400669,2025-02-10 16:56:02.802335276,2025,2,Q1,Australia,Paris,Trains,Diesel,Corporate,Dealer,Global Auto,Ananya,3,30694.36,92083.08,10.2,9392.47,82690.6,68532.0,14158.6,17.12,12.0,9922.87,3242.27,0,3.5,2,UPI
ORD202400670,2025-02-11 07:32:46.638865720,2025,2,Q1,Canada,Vienna,Classic Cars,Hybrid,Retail,Dealer,Global Auto,Sofia,3,53097.07,159291.2,1.9,3026.53,156264.67,137728.35,18536.32,11.86,18.0,28127.64,8301.48,0,4.0,4,Finance
ORD202400671,2025-02-11 22:09:30.475396160,2025,2,Q1,Austria,Sydney,Planes,Petrol,Fleet,Direct Sales,City Motors,Daniel,11,107372.38,1181096.22,1.2,14173.15,1166923.06,892818.01,274105.06,23.49,10.0,116692.31,54786.85,0,4.4,5,Credit Card
ORD202400672,2025-02-12 12:46:14.311926604,2025,2,Q1,Spain,Helsinki,Vintage Cars,Petrol,Government,Dealer,Global Auto,Arun,12,31565.64,378787.72,17.2,65151.49,313636.23,214709.27,98926.97,31.54,8.0,25090.9,6638.65,0,3.8,2,Credit Card
ORD202400673,2025-02-13 03:22:58.148457044,2025,2,Q1,Belgium,Manila,Classic Cars,Hybrid,Retail,Distributor,City Motors,Sofia,5,48441.74,242208.72,5.9,14290.31,227918.4,171709.6,56208.8,24.66,12.0,27350.21,5915.14,0,3.8,2,Finance
ORD202400674,2025-02-13 17:59:41.984987488,2025,2,Q1,Austria,Rome,Trains,Hybrid,Retail,Dealer,City Motors,Vikram,2,41137.43,82274.85,14.0,11518.48,70756.37,53371.42,17384.95,24.57,12.0,8490.76,1856.12,1,3.2,14,Cash
ORD202400675,2025-02-14 08:36:25.821517928,2025,2,Q1,Philippines,Berlin,Trains,Petrol,Retail,Dealer,City Motors,Sneha,14,29893.38,418507.39,9.8,41013.72,377493.66,282109.78,95383.89,25.27,12.0,45299.24,6468.4,0,3.5,3,Cash
ORD202400676,2025-02-14 23:13:09.658048372,2025,2,Q1,Italy,Sydney,Vintage Cars,Hybrid,Corporate,Distributor,Speed Wheels,Priya,3,49759.67,149279.0,8.0,11942.32,137336.68,122100.31,15236.37,11.09,18.0,24720.6,6401.7,0,4.0,2,Credit Card
ORD202400677,2025-02-15 13:49:53.494578812,2025,2,Q1,Austria,Berlin,Vintage Cars,Diesel,Retail,Dealer,City Motors,Sneha,11,40666.11,447327.26,0.2,894.65,446432.61,351904.41,94528.2,21.17,12.0,53571.91,14387.48,0,4.1,11,Bank Transfer
ORD202400678,2025-02-16 04:26:37.331109256,2025,2,Q1,India,Copenhagen,Classic Cars,Petrol,Retail,Distributor,AutoMax,Karthik,10,77267.34,772673.42,13.7,105856.26,666817.16,512717.49,154099.67,23.11,12.0,80018.06,23015.11,0,4.1,7,Bank Transfer
ORD202400679,2025-02-16 19:03:21.167639696,2025,2,Q1,France,London,Vintage Cars,Petrol,Corporate,Dealer,Global Auto,Daniel,3,46622.52,139867.57,7.2,10070.46,129797.1,111492.78,18304.33,14.1,18.0,23363.48,7076.41,0,3.7,4,Credit Card
ORD202400680,2025-02-17 09:40:05.004170140,2025,2,Q1,France,Oslo,Motorcycles,Petrol,Retail,Direct Sales,Prime Motors,Arun,10,23423.55,234235.51,14.8,34666.86,199568.65,173019.79,26548.86,13.3,18.0,35922.36,7907.71,0,4.2,6,Bank Transfer
ORD202400681,2025-02-18 00:16:48.840700580,2025,2,Q1,Germany,Madrid,Classic Cars,Petrol,Fleet,Dealer,Speed Wheels,Priya,15,101743.4,1526150.93,5.4,82412.15,1443738.78,1221726.02,222012.77,15.38,18.0,259872.98,55682.48,1,4.3,11,Finance
ORD202400682,2025-02-18 14:53:32.677231024,2025,2,Q1,USA,Vienna,Motorcycles,Electric,Corporate,Online,Elite Cars,Vikram,7,41565.15,290956.06,2.5,7273.9,283682.15,199901.02,83781.14,29.53,5.0,14184.11,10473.0,1,4.4,12,Credit Card
ORD202400683,2025-02-19 05:30:16.513761464,2025,2,Q1,Denmark,Copenhagen,Trains,Electric,Corporate,Dealer,Speed Wheels,Daniel,6,26712.68,160276.08,9.8,15707.06,144569.02,127531.42,17037.6,11.79,18.0,26022.42,2678.48,0,4.7,15,Credit Card
ORD202400684,2025-02-19 20:07:00.350291908,2025,2,Q1,Canada,Stockholm,Vintage Cars,Hybrid,Corporate,Dealer,Speed Wheels,Sofia,8,53754.73,430037.82,5.5,23652.08,406385.74,306659.06,99726.68,24.54,18.0,73149.43,18667.02,0,3.8,8,Bank Transfer
ORD202400685,2025-02-20 10:43:44.186822348,2025,2,Q1,UK,Helsinki,Classic Cars,Petrol,Government,Online,Global Auto,Rahul,13,69145.26,898888.33,5.4,48539.97,850348.36,621352.77,228995.59,26.93,8.0,68027.87,20819.67,0,3.4,13,Credit Card
ORD202400686,2025-02-21 01:20:28.023352792,2025,2,Q1,Belgium,Manila,Motorcycles,Electric,Retail,Direct Sales,Elite Cars,Vikram,10,21522.69,215226.94,12.5,26903.37,188323.57,166468.01,21855.56,11.61,18.0,33898.24,4942.78,0,3.6,5,Bank Transfer
ORD202400687,2025-02-21 15:57:11.859883232,2025,2,Q1,Philippines,Madrid,Planes,Electric,Retail,Direct Sales,Global Auto,Sneha,8,69985.1,559880.77,14.1,78943.19,480937.58,370648.9,110288.69,22.93,8.0,38475.01,17559.85,0,3.7,2,Cash
ORD202400688,2025-02-22 06:33:55.696413672,2025,2,Q1,Canada,Berlin,Classic Cars,Hybrid,Corporate,Dealer,Global Auto,Daniel,14,62839.66,879755.22,0.6,5278.53,874476.68,743021.78,131454.91,15.03,10.0,87447.67,29401.58,0,3.9,4,Finance
ORD202400689,2025-02-22 21:10:39.532944120,2025,2,Q1,Finland,Berlin,Motorcycles,Hybrid,Retail,Direct Sales,City Motors,Arun,8,11322.67,90581.37,5.9,5344.3,85237.07,75885.88,9351.19,10.97,12.0,10228.45,2396.64,1,4.1,10,Bank Transfer
ORD202400690,2025-02-23 11:47:23.369474560,2025,2,Q1,Finland,Madrid,Trucks and Buses,Diesel,Retail,Dealer,AutoMax,Rahul,11,32292.93,355222.25,7.0,24865.56,330356.69,281258.83,49097.86,14.86,8.0,26428.54,11885.72,0,3.9,2,Cash
ORD202400691,2025-02-24 02:24:07.206005000,2025,2,Q1,Japan,Madrid,Trucks and Buses,Electric,Corporate,Dealer,Elite Cars,Daniel,7,70010.28,490071.95,7.7,37735.54,452336.41,362211.98,90124.43,19.92,18.0,81420.55,18605.91,0,4.0,9,Bank Transfer
ORD202400692,2025-02-24 17:00:51.042535440,2025,2,Q1,Canada,Copenhagen,Classic Cars,Petrol,Retail,Online,AutoMax,Sneha,14,57682.74,807558.4,1.2,9690.7,797867.7,621153.52,176714.18,22.15,12.0,95744.12,25170.26,0,4.3,11,Finance
ORD202400693,2025-02-25 07:37:34.879065888,2025,2,Q1,Germany,Singapore,Classic Cars,Diesel,Fleet,Dealer,City Motors,Karthik,11,60966.11,670627.18,5.8,38896.38,631730.8,510923.78,120807.02,19.12,18.0,113711.54,14492.03,0,4.8,4,Finance
ORD202400694,2025-02-25 22:14:18.715596328,2025,2,Q1,Singapore,Tokyo,Classic Cars,Hybrid,Retail,Online,City Motors,Vikram,6,59672.87,358037.22,11.9,42606.43,315430.79,283053.92,32376.88,10.26,10.0,31543.08,14372.52,1,4.1,8,Credit Card
ORD202400695,2025-02-26 12:51:02.552126768,2025,2,Q1,France,Singapore,Motorcycles,Petrol,Retail,Online,Global Auto,Arun,5,18137.24,90686.19,0.0,0.0,90686.19,71768.91,18917.28,20.86,12.0,10882.34,2645.23,0,3.7,2,UPI
ORD202400696,2025-02-27 03:27:46.388657208,2025,2,Q1,Italy,Paris,Trucks and Buses,Petrol,Fleet,Online,Prime Motors,Vikram,1,77740.72,77740.72,9.8,7618.59,70122.13,60343.32,9778.81,13.95,12.0,8414.66,1692.48,1,3.6,9,Cash
ORD202400697,2025-02-27 18:04:30.225187656,2025,2,Q1,India,Berlin,Vintage Cars,Hybrid,Retail,Distributor,Speed Wheels,Meera,2,64718.4,129436.8,4.3,5565.78,123871.02,110734.2,13136.82,10.61,18.0,22296.78,4718.98,0,3.7,14,UPI
ORD202400698,2025-02-28 08:41:14.061718096,2025,2,Q1,Japan,Rome,Classic Cars,Diesel,Fleet,Online,Prime Motors,Priya,10,76408.23,764082.3,5.3,40496.36,723585.94,608971.41,114614.53,15.84,5.0,36179.3,16010.19,0,4.3,4,Credit Card
ORD202400699,2025-02-28 23:17:57.898248536,2025,2,Q1,Japan,Rome,Motorcycles,Hybrid,Fleet,Dealer,Global Auto,Karthik,13,32633.52,424235.77,13.1,55574.89,368660.88,279106.45,89554.43,24.29,10.0,36866.09,18273.99,0,3.5,13,Cash
ORD202400700,2025-03-01 13:54:41.734778976,2025,3,Q1,Belgium,Stockholm,Classic Cars,Petrol,Corporate,Online,AutoMax,Meera,9,35707.41,321366.72,7.3,23459.77,297906.95,220459.05,77447.9,26.0,12.0,35748.83,8418.3,0,4.6,8,Cash
ORD202400701,2025-03-02 04:31:25.571309424,2025,3,Q1,Philippines,Copenhagen,Ships,Petrol,Government,Online,Elite Cars,Daniel,12,76283.14,915397.65,3.7,33869.71,881527.94,707250.75,174277.19,19.77,18.0,158675.03,18533.32,0,4.1,10,Credit Card
ORD202400702,2025-03-02 19:08:09.407839864,2025,3,Q1,Belgium,Stockholm,Trucks and Buses,Petrol,Government,Dealer,Elite Cars,Sneha,5,58037.5,290187.5,1.1,3192.06,286995.44,229753.47,57241.96,19.95,18.0,51659.18,7668.16,0,4.3,13,Bank Transfer
ORD202400703,2025-03-03 09:44:53.244370304,2025,3,Q1,UK,Helsinki,Motorcycles,Diesel,Retail,Dealer,AutoMax,Sneha,13,28085.15,365106.97,6.3,23001.74,342105.23,238771.49,103333.74,30.21,18.0,61578.94,6743.52,1,4.1,14,UPI
ORD202400704,2025-03-04 00:21:37.080900744,2025,3,Q1,Philippines,Vienna,Classic Cars,Petrol,Fleet,Dealer,Global Auto,Ananya,7,41903.15,293322.02,1.3,3813.19,289508.83,260357.79,29151.05,10.07,10.0,28950.88,13606.19,0,4.3,13,Finance
ORD202400705,2025-03-04 14:58:20.917431192,2025,3,Q1,France,Tokyo,Trucks and Buses,Diesel,Fleet,Dealer,AutoMax,Arun,13,74844.73,972981.46,10.9,106054.98,866926.48,704538.74,162387.74,18.73,10.0,86692.65,14793.93,0,4.7,13,Cash
ORD202400706,2025-03-05 05:35:04.753961632,2025,3,Q1,Italy,Mumbai,Planes,Electric,Retail,Distributor,Prime Motors,Sofia,5,149051.28,745256.42,0.1,745.26,744511.16,568874.81,175636.35,23.59,10.0,74451.12,22385.47,1,4.8,13,UPI
ORD202400707,2025-03-05 20:11:48.590492072,2025,3,Q1,Singapore,Tokyo,Motorcycles,Hybrid,Corporate,Direct Sales,Elite Cars,Karthik,14,15345.25,214833.57,3.4,7304.34,207529.23,142591.95,64937.28,31.29,10.0,20752.92,8236.78,0,4.4,15,Cash
ORD202400708,2025-03-06 10:48:32.427022520,2025,3,Q1,France,Singapore,Vintage Cars,Diesel,Retail,Online,Prime Motors,Sofia,2,42468.3,84936.6,7.6,6455.18,78481.42,65733.41,12748.01,16.24,18.0,14126.66,2003.77,0,3.9,14,Finance
ORD202400709,2025-03-07 01:25:16.263552960,2025,3,Q1,Switzerland,Manila,Vintage Cars,Diesel,Retail,Distributor,Global Auto,Meera,8,44305.99,354447.91,4.1,14532.36,339915.54,250260.95,89654.6,26.38,18.0,61184.8,11406.02,0,3.4,13,Credit Card
ORD202400710,2025-03-07 16:02:00.100083400,2025,3,Q1,Singapore,Madrid,Motorcycles,Diesel,Fleet,Dealer,City Motors,Priya,12,16642.42,199709.09,5.2,10384.87,189324.21,131541.54,57782.68,30.52,12.0,22718.91,10041.57,0,4.7,7,Finance
ORD202400711,2025-03-08 06:38:43.936613840,2025,3,Q1,Norway,Rome,Motorcycles,Petrol,Retail,Distributor,Speed Wheels,Daniel,4,15513.32,62053.26,11.4,7074.07,54979.19,39636.07,15343.12,27.91,18.0,9896.25,2804.19,0,3.5,14,Bank Transfer
ORD202400712,2025-03-08 21:15:27.773144288,2025,3,Q1,Belgium,London,Classic Cars,Petrol,Retail,Direct Sales,Global Auto,Sofia,12,41548.6,498583.25,0.3,1495.75,497087.5,434701.28,62386.22,12.55,10.0,49708.75,13095.16,0,4.3,5,UPI
ORD202400713,2025-03-09 11:52:11.609674728,2025,3,Q1,Denmark,Paris,Trucks and Buses,Diesel,Fleet,Dealer,Global Auto,Karthik,10,49720.47,497204.68,14.1,70105.86,427098.82,370543.85,56554.96,13.24,12.0,51251.86,22074.81,1,3.9,13,Cash
ORD202400714,2025-03-10 02:28:55.446205168,2025,3,Q1,Switzerland,Zurich,Trains,Petrol,Fleet,Online,Prime Motors,Sneha,5,46065.16,230325.82,12.2,28099.75,202226.07,169290.73,32935.34,16.29,5.0,10111.3,4965.27,0,4.8,2,Finance
ORD202400715,2025-03-10 17:05:39.282735608,2025,3,Q1,Norway,London,Trains,Diesel,Fleet,Dealer,AutoMax,Daniel,9,41763.88,375874.88,13.2,49615.48,326259.4,237244.77,89014.63,27.28,12.0,39151.13,7326.13,0,4.6,3,Finance
ORD202400716,2025-03-11 07:42:23.119266056,2025,3,Q1,Philippines,Copenhagen,Trucks and Buses,Diesel,Fleet,Direct Sales,Speed Wheels,Sneha,15,39846.23,597693.51,8.7,51999.34,545694.17,408681.54,137012.63,25.11,18.0,98224.95,19415.3,0,4.5,2,Finance
ORD202400717,2025-03-11 22:19:06.955796496,2025,3,Q1,Italy,Singapore,Planes,Petrol,Retail,Dealer,Prime Motors,Sneha,7,141854.03,992978.19,5.2,51634.87,941343.33,657271.47,284071.86,30.18,12.0,112961.2,47755.07,0,4.1,8,Finance
ORD202400718,2025-03-12 12:55:50.792326936,2025,3,Q1,USA,Stockholm,Trucks and Buses,Petrol,Retail,Dealer,Global Auto,Arun,13,96627.05,1256151.63,4.0,50246.07,1205905.56,1013279.43,192626.14,15.97,12.0,144708.67,53734.98,0,4.3,2,Credit Card
ORD202400719,2025-03-13 03:32:34.628857376,2025,3,Q1,USA,Oslo,Planes,Electric,Retail,Distributor,Elite Cars,Meera,11,171964.66,1891611.31,15.2,287524.92,1604086.39,1282971.13,321115.25,20.02,10.0,160408.64,61365.88,0,4.6,12,Finance
ORD202400720,2025-03-13 18:09:18.465387824,2025,3,Q1,Canada,Tokyo,Classic Cars,Petrol,Retail,Online,City Motors,Sofia,13,73694.24,958025.13,13.3,127417.34,830607.78,612695.53,217912.26,26.24,10.0,83060.78,40965.87,1,3.9,6,Bank Transfer
ORD202400721,2025-03-14 08:46:02.301918264,2025,3,Q1,Norway,Zurich,Trains,Petrol,Government,Distributor,AutoMax,Sofia,11,38488.38,423372.13,17.5,74090.12,349282.01,309080.84,40201.17,11.51,18.0,62870.76,10607.27,0,4.4,10,Finance
ORD202400722,2025-03-14 23:22:46.138448704,2025,3,Q1,Norway,London,Trucks and Buses,Hybrid,Corporate,Distributor,Speed Wheels,Arun,9,43912.78,395215.04,4.5,17784.68,377430.36,270192.64,107237.72,28.41,12.0,45291.64,19239.79,0,5.0,15,UPI
ORD202400723,2025-03-15 13:59:29.974979144,2025,3,Q1,Japan,Singapore,Trucks and Buses,Petrol,Retail,Online,City Motors,Rahul,4,90873.3,363493.2,5.3,19265.14,344228.06,247038.42,97189.64,28.23,12.0,41307.37,5216.39,0,4.7,3,UPI
ORD202400724,2025-03-16 04:36:13.811509592,2025,3,Q1,Germany,Madrid,Vintage Cars,Petrol,Corporate,Distributor,AutoMax,Sneha,14,75672.49,1059414.84,6.5,68861.96,990552.88,845537.11,145015.77,14.64,10.0,99055.29,38123.91,1,4.8,14,Finance
ORD202400725,2025-03-16 19:12:57.648040032,2025,3,Q1,Japan,Madrid,Vintage Cars,Hybrid,Government,Dealer,Elite Cars,Rahul,7,53060.95,371426.63,1.9,7057.11,364369.52,305527.02,58842.5,16.15,8.0,29149.56,15753.12,0,4.5,9,Bank Transfer
ORD202400726,2025-03-17 09:49:41.484570472,2025,3,Q1,Australia,Toronto,Motorcycles,Hybrid,Fleet,Dealer,City Motors,Meera,14,17344.53,242823.49,1.6,3885.18,238938.31,166402.99,72535.32,30.36,10.0,23893.83,5989.45,0,3.5,10,UPI
ORD202400727,2025-03-18 00:26:25.321100912,2025,3,Q1,USA,Stockholm,Vintage Cars,Petrol,Retail,Direct Sales,Elite Cars,Karthik,7,81890.57,573233.99,6.3,36113.74,537120.25,423949.76,113170.49,21.07,12.0,64454.43,28382.2,0,4.5,2,Cash
ORD202400728,2025-03-18 15:03:09.157631360,2025,3,Q1,Germany,Berlin,Trucks and Buses,Petrol,Corporate,Online,AutoMax,Rahul,4,91667.96,366671.84,3.1,11366.83,355305.01,265853.48,89451.53,25.18,8.0,28424.4,9259.08,0,3.3,4,Cash
ORD202400729,2025-03-19 05:39:52.994161800,2025,3,Q1,France,Vienna,Classic Cars,Petrol,Corporate,Dealer,Prime Motors,Daniel,6,69309.52,415857.1,10.4,43249.14,372607.96,268715.47,103892.48,27.88,18.0,67069.43,7127.56,0,3.8,11,UPI
ORD202400730,2025-03-19 20:16:36.830692240,2025,3,Q1,Singapore,Zurich,Vintage Cars,Hybrid,Corporate,Online,Elite Cars,Arun,12,25570.38,306844.55,12.0,36821.35,270023.21,187728.33,82294.87,30.48,18.0,48604.18,4504.07,1,3.3,11,Cash
ORD202400731,2025-03-20 10:53:20.667222680,2025,3,Q1,Switzerland,Stockholm,Vintage Cars,Hybrid,Retail,Dealer,AutoMax,Meera,10,39798.85,397988.51,16.3,64872.13,333116.38,281040.55,52075.84,15.63,12.0,39973.97,9302.15,0,3.6,4,Cash
ORD202400732,2025-03-21 01:30:04.503753128,2025,3,Q1,Spain,Paris,Trains,Petrol,Corporate,Dealer,AutoMax,Meera,2,36873.43,73746.86,8.0,5899.75,67847.11,51281.64,16565.46,24.42,18.0,12212.48,2896.89,0,4.5,9,Credit Card
ORD202400733,2025-03-21 16:06:48.340283568,2025,3,Q1,France,Toronto,Trains,Electric,Retail,Online,AutoMax,Rahul,4,53983.06,215932.24,7.3,15763.05,200169.18,176915.17,23254.02,11.62,10.0,20016.92,9807.62,0,5.0,12,Credit Card
ORD202400734,2025-03-22 06:43:32.176814008,2025,3,Q1,Australia,Tokyo,Trucks and Buses,Diesel,Corporate,Online,City Motors,Vikram,3,51418.16,154254.48,9.0,13882.9,140371.57,102902.09,37469.49,26.69,10.0,14037.16,6777.86,1,3.6,2,Bank Transfer
ORD202400735,2025-03-22 21:20:16.013344448,2025,3,Q1,Austria,Oslo,Motorcycles,Petrol,Retail,Direct Sales,Global Auto,Ananya,12,18206.27,218475.27,8.5,18570.4,199904.87,150605.36,49299.51,24.66,10.0,19990.49,3245.48,0,4.5,12,Credit Card
ORD202400736,2025-03-23 11:56:59.849874896,2025,3,Q1,Japan,Singapore,Classic Cars,Petrol,Corporate,Online,AutoMax,Rahul,6,97780.56,586683.36,12.8,75095.47,511587.89,410254.84,101333.04,19.81,12.0,61390.55,20402.0,0,5.0,11,Finance
ORD202400737,2025-03-24 02:33:43.686405336,2025,3,Q1,Canada,London,Vintage Cars,Petrol,Retail,Direct Sales,Speed Wheels,Sofia,1,32553.99,32553.99,13.1,4264.57,28289.42,20684.66,7604.76,26.88,18.0,5092.1,572.81,1,4.4,12,Cash
ORD202400738,2025-03-24 17:10:27.522935776,2025,3,Q1,France,Stockholm,Motorcycles,Petrol,Retail,Direct Sales,Elite Cars,Priya,11,29434.25,323776.8,11.8,38205.66,285571.14,212821.44,72749.7,25.48,8.0,22845.69,15644.6,0,4.3,3,Finance
ORD202400739,2025-03-25 07:47:11.359466216,2025,3,Q1,Canada,Helsinki,Trucks and Buses,Petrol,Corporate,Distributor,Prime Motors,Priya,8,58383.26,467066.09,15.6,72862.31,394203.78,351399.87,42803.91,10.86,18.0,70956.68,9580.42,0,4.4,6,Credit Card
ORD202400740,2025-03-25 22:23:55.195996664,2025,3,Q1,USA,Oslo,Ships,Petrol,Corporate,Dealer,City Motors,Rahul,3,134512.09,403536.26,17.7,71425.92,332110.34,279199.4,52910.94,15.93,5.0,16605.52,10248.95,1,4.9,12,Finance
ORD202400741,2025-03-26 13:00:39.032527104,2025,3,Q1,Denmark,Paris,Motorcycles,Electric,Retail,Dealer,Speed Wheels,Priya,9,12665.96,113993.66,14.1,16073.11,97920.55,68065.93,29854.63,30.49,12.0,11750.47,4994.35,1,4.8,11,UPI
ORD202400742,2025-03-27 03:37:22.869057544,2025,3,Q1,Norway,London,Ships,Hybrid,Retail,Dealer,City Motors,Meera,12,77948.53,935382.33,2.7,25255.32,910127.01,692645.66,217481.36,23.9,5.0,45506.35,35618.14,0,3.8,6,Credit Card
ORD202400743,2025-03-27 18:14:06.705587984,2025,3,Q1,Austria,Brussels,Motorcycles,Petrol,Retail,Direct Sales,Global Auto,Sofia,4,14708.68,58834.7,3.5,2059.21,56775.49,43520.1,13255.39,23.35,12.0,6813.06,1910.1,0,4.0,4,Credit Card
ORD202400744,2025-03-28 08:50:50.542118432,2025,3,Q1,Canada,Madrid,Trucks and Buses,Hybrid,Corporate,Distributor,Elite Cars,Rahul,11,51975.01,571725.12,12.7,72609.09,499116.03,415802.79,83313.25,16.69,18.0,89840.89,11509.79,0,4.8,11,Cash
ORD202400745,2025-03-28 23:27:34.378648872,2025,3,Q1,UK,New York,Ships,Electric,Fleet,Distributor,Elite Cars,Vikram,10,97542.33,975423.27,2.2,21459.31,953963.96,755999.5,197964.46,20.75,18.0,171713.51,20608.97,0,4.2,9,Credit Card
ORD202400746,2025-03-29 14:04:18.215179312,2025,3,Q1,Austria,Vienna,Planes,Diesel,Fleet,Online,Global Auto,Sneha,6,82105.29,492631.72,9.9,48770.54,443861.18,334606.49,109254.69,24.61,10.0,44386.12,18652.56,0,3.7,11,Cash
ORD202400747,2025-03-30 04:41:02.051709752,2025,3,Q1,Australia,Oslo,Classic Cars,Hybrid,Retail,Online,Speed Wheels,Arun,5,50630.76,253153.81,13.7,34682.07,218471.73,192678.01,25793.72,11.81,10.0,21847.17,10864.38,0,3.5,9,Cash
ORD202400748,2025-03-30 19:17:45.888240200,2025,3,Q1,Japan,Manila,Classic Cars,Diesel,Retail,Online,Speed Wheels,Sofia,3,67526.7,202580.11,12.7,25727.67,176852.43,148762.53,28089.91,15.88,12.0,21222.29,5451.03,0,4.0,2,UPI
ORD202400749,2025-03-31 09:54:29.724770640,2025,3,Q1,Australia,Helsinki,Motorcycles,Hybrid,Fleet,Dealer,Speed Wheels,Karthik,12,13161.56,157938.78,10.6,16741.51,141197.27,102918.33,38278.94,27.11,12.0,16943.67,4572.36,0,4.7,11,Cash
ORD202400750,2025-04-01 00:31:13.561301080,2025,4,Q2,Canada,Brussels,Trains,Petrol,Retail,Direct Sales,AutoMax,Vikram,5,43542.74,217713.7,15.5,33745.62,183968.08,157779.61,26188.47,14.24,8.0,14717.45,10016.08,0,4.3,13,Cash
ORD202400751,2025-04-01 15:07:57.397831520,2025,4,Q2,Denmark,Stockholm,Classic Cars,Petrol,Corporate,Dealer,Speed Wheels,Priya,4,34375.33,137501.32,11.4,15675.15,121826.17,99713.52,22112.65,18.15,18.0,21928.71,5474.97,0,3.8,15,Bank Transfer
ORD202400752,2025-04-02 05:44:41.234361968,2025,4,Q2,Japan,Zurich,Trucks and Buses,Diesel,Corporate,Distributor,Prime Motors,Sneha,4,83320.64,333282.56,16.8,55991.47,277291.09,247259.13,30031.96,10.83,18.0,49912.4,13003.29,1,5.0,3,Cash
ORD202400753,2025-04-02 20:21:25.070892408,2025,4,Q2,Finland,Berlin,Motorcycles,Electric,Retail,Dealer,AutoMax,Sneha,8,11342.47,90739.72,7.3,6624.0,84115.72,58144.32,25971.4,30.88,8.0,6729.26,1649.34,0,3.8,2,Bank Transfer
ORD202400754,2025-04-03 10:58:08.907422848,2025,4,Q2,Canada,New York,Ships,Petrol,Retail,Direct Sales,Speed Wheels,Rahul,5,85751.39,428756.96,2.0,8575.14,420181.82,297602.31,122579.51,29.17,5.0,21009.09,21726.3,0,4.7,4,UPI
ORD202400755,2025-04-04 01:34:52.743953288,2025,4,Q2,Australia,Berlin,Vintage Cars,Diesel,Fleet,Online,AutoMax,Vikram,11,27371.52,301086.74,5.3,15957.6,285129.15,247709.71,37419.43,13.12,18.0,51323.25,5472.11,0,3.5,4,Bank Transfer
ORD202400756,2025-04-04 16:11:36.580483736,2025,4,Q2,Canada,Mumbai,Trucks and Buses,Hybrid,Retail,Direct Sales,Speed Wheels,Sneha,8,73274.91,586199.26,2.5,14654.98,571544.28,442708.3,128835.98,22.54,8.0,45723.54,12425.36,0,3.8,11,Finance
ORD202400757,2025-04-05 06:48:20.417014176,2025,4,Q2,Canada,Brussels,Trains,Petrol,Retail,Online,Speed Wheels,Priya,10,56259.05,562590.47,7.6,42756.88,519833.6,407853.6,111980.0,21.54,18.0,93570.05,18677.69,0,3.7,10,UPI
ORD202400758,2025-04-05 21:25:04.253544616,2025,4,Q2,Sweden,New York,Vintage Cars,Diesel,Retail,Distributor,Speed Wheels,Meera,12,37748.09,452977.04,14.6,66134.65,386842.39,289474.55,97367.84,25.17,10.0,38684.24,20465.21,0,3.6,5,Finance
ORD202400759,2025-04-06 12:01:48.090075056,2025,4,Q2,Singapore,Stockholm,Motorcycles,Electric,Fleet,Dealer,Global Auto,Daniel,9,13344.36,120099.25,1.5,1801.49,118297.77,94363.65,23934.11,20.23,10.0,11829.78,3501.41,0,4.1,10,UPI
ORD202400760,2025-04-07 02:38:31.926605504,2025,4,Q2,Sweden,Rome,Vintage Cars,Hybrid,Fleet,Online,Elite Cars,Karthik,6,29372.32,176233.89,4.9,8635.46,167598.43,122511.87,45086.57,26.9,5.0,8379.92,7960.16,0,4.3,13,UPI
ORD202400761,2025-04-07 17:15:15.763135944,2025,4,Q2,Germany,Mumbai,Classic Cars,Hybrid,Fleet,Online,City Motors,Sofia,3,86166.94,258500.81,12.7,32829.6,225671.21,177618.37,48052.84,21.29,8.0,18053.7,10564.6,0,4.2,12,Finance
ORD202400762,2025-04-08 07:51:59.599666384,2025,4,Q2,UK,London,Classic Cars,Hybrid,Corporate,Direct Sales,Global Auto,Sofia,8,87948.69,703589.55,9.6,67544.6,636044.95,558787.14,77257.81,12.15,18.0,114488.09,15026.49,0,4.1,9,Cash
ORD202400763,2025-04-08 22:28:43.436196824,2025,4,Q2,Spain,Copenhagen,Vintage Cars,Petrol,Retail,Online,City Motors,Sneha,13,33988.8,441854.4,1.2,5302.25,436552.15,384621.75,51930.4,11.9,12.0,52386.26,23505.74,1,4.0,2,UPI
ORD202400764,2025-04-09 13:05:27.272727272,2025,4,Q2,Sweden,New York,Trains,Hybrid,Retail,Dealer,Prime Motors,Karthik,13,33730.1,438491.28,5.8,25432.49,413058.78,306779.42,106279.36,25.73,12.0,49567.05,16347.38,1,4.1,10,UPI
ORD202400765,2025-04-10 03:42:11.109257712,2025,4,Q2,Singapore,Berlin,Trucks and Buses,Petrol,Retail,Dealer,AutoMax,Karthik,5,66627.32,333136.61,13.3,44307.17,288829.44,229175.67,59653.77,20.65,12.0,34659.53,12273.43,1,4.3,10,Credit Card
ORD202400766,2025-04-10 18:18:54.945788152,2025,4,Q2,Belgium,Oslo,Vintage Cars,Diesel,Retail,Dealer,Speed Wheels,Sneha,11,39372.52,433097.71,1.4,6063.37,427034.34,327670.65,99363.69,23.27,10.0,42703.43,18211.73,0,4.7,3,Bank Transfer
ORD202400767,2025-04-11 08:55:38.782318592,2025,4,Q2,Denmark,Brussels,Classic Cars,Electric,Corporate,Online,Prime Motors,Sofia,10,50556.05,505560.49,9.0,45500.44,460060.05,365740.2,94319.84,20.5,8.0,36804.8,17287.32,0,4.6,15,Finance
ORD202400768,2025-04-11 23:32:22.618849040,2025,4,Q2,Philippines,Paris,Classic Cars,Diesel,Retail,Dealer,Global Auto,Vikram,10,48080.79,480807.85,13.7,65870.68,414937.18,338339.49,76597.69,18.46,10.0,41493.72,8952.93,1,5.0,11,Bank Transfer
ORD202400769,2025-04-12 14:09:06.455379480,2025,4,Q2,Germany,Singapore,Vintage Cars,Hybrid,Retail,Direct Sales,Elite Cars,Arun,5,67509.82,337549.12,8.2,27679.03,309870.1,223048.07,86822.03,28.02,12.0,37184.41,12888.05,1,4.6,13,Finance
ORD202400770,2025-04-13 04:45:50.291909920,2025,4,Q2,India,Rome,Ships,Electric,Fleet,Online,Prime Motors,Rahul,10,114074.8,1140747.97,3.2,36503.94,1104244.04,952086.65,152157.39,13.78,12.0,132509.28,27667.7,0,3.7,10,Credit Card
ORD202400771,2025-04-13 19:22:34.128440368,2025,4,Q2,Spain,Sydney,Vintage Cars,Petrol,Retail,Dealer,Global Auto,Karthik,14,49797.49,697164.93,13.0,90631.44,606533.49,456322.47,150211.02,24.77,12.0,72784.02,31480.57,0,4.1,9,Cash
ORD202400772,2025-04-14 09:59:17.964970808,2025,4,Q2,Austria,Helsinki,Motorcycles,Petrol,Corporate,Dealer,Speed Wheels,Rahul,8,11508.35,92066.79,5.3,4879.54,87187.25,61732.94,25454.31,29.19,10.0,8718.73,2445.27,0,4.8,14,Bank Transfer
ORD202400773,2025-04-15 00:36:01.801501248,2025,4,Q2,Finland,Brussels,Classic Cars,Diesel,Retail,Online,City Motors,Priya,14,30861.96,432067.39,9.9,42774.67,389292.72,265696.21,123596.51,31.75,12.0,46715.13,20205.72,0,4.5,14,Credit Card
ORD202400774,2025-04-15 15:12:45.638031688,2025,4,Q2,Japan,Vienna,Classic Cars,Diesel,Retail,Dealer,City Motors,Karthik,1,62967.95,62967.95,13.4,8437.71,54530.24,40787.6,13742.64,25.2,12.0,6543.63,2923.38,0,4.6,7,Credit Card
ORD202400775,2025-04-16 05:49:29.474562136,2025,4,Q2,Finland,Singapore,Motorcycles,Petrol,Retail,Distributor,Prime Motors,Priya,10,12320.42,123204.16,11.9,14661.29,108542.86,91670.39,16872.48,15.54,18.0,19537.72,3882.0,1,4.4,7,Credit Card
ORD202400776,2025-04-16 20:26:13.311092576,2025,4,Q2,Italy,Madrid,Classic Cars,Petrol,Corporate,Direct Sales,Global Auto,Ananya,13,52263.44,679424.67,13.1,89004.63,590420.04,444654.85,145765.19,24.69,10.0,59042.0,11010.03,0,3.9,11,Cash
ORD202400777,2025-04-17 11:02:57.147623016,2025,4,Q2,Germany,Helsinki,Classic Cars,Petrol,Government,Online,Speed Wheels,Arun,7,78162.66,547138.59,13.9,76052.26,471086.32,329229.27,141857.06,30.11,8.0,37686.91,18500.24,1,4.2,10,Finance
ORD202400778,2025-04-18 01:39:40.984153456,2025,4,Q2,Norway,Stockholm,Classic Cars,Diesel,Retail,Dealer,AutoMax,Sofia,6,49246.92,295481.52,3.0,8864.45,286617.08,199606.6,87010.48,30.36,12.0,34394.05,13571.45,1,3.4,2,Cash
ORD202400779,2025-04-18 16:16:24.820683904,2025,4,Q2,Germany,London,Trucks and Buses,Petrol,Retail,Direct Sales,Elite Cars,Meera,13,85878.95,1116426.29,8.2,91546.96,1024879.34,827412.57,197466.77,19.27,10.0,102487.93,26493.88,1,4.4,4,UPI
ORD202400780,2025-04-19 06:53:08.657214344,2025,4,Q2,Spain,Oslo,Vintage Cars,Electric,Fleet,Online,Global Auto,Sneha,1,46857.62,46857.62,4.5,2108.59,44749.02,37336.64,7412.39,16.56,12.0,5369.88,832.87,1,4.9,12,Cash
ORD202400781,2025-04-19 21:29:52.493744784,2025,4,Q2,Sweden,Sydney,Motorcycles,Electric,Corporate,Direct Sales,AutoMax,Meera,12,11876.44,142517.23,15.6,22232.69,120284.54,82748.97,37535.57,31.21,8.0,9622.76,4600.26,0,5.0,2,Bank Transfer
ORD202400782,2025-04-20 12:06:36.330275224,2025,4,Q2,Singapore,Copenhagen,Trucks and Buses,Electric,Retail,Direct Sales,Speed Wheels,Rahul,8,48128.33,385026.62,10.8,41582.87,343443.74,242405.25,101038.49,29.42,10.0,34344.37,11729.32,0,4.1,8,UPI
ORD202400783,2025-04-21 02:43:20.166805672,2025,4,Q2,Singapore,New York,Trucks and Buses,Petrol,Retail,Direct Sales,Prime Motors,Ananya,13,44513.63,578677.2,15.6,90273.64,488403.56,415512.82,72890.74,14.92,8.0,39072.28,19084.38,0,4.7,9,UPI
ORD202400784,2025-04-21 17:20:04.003336112,2025,4,Q2,Belgium,Rome,Planes,Hybrid,Retail,Dealer,Speed Wheels,Daniel,5,89203.1,446015.49,12.6,56197.95,389817.54,337126.71,52690.83,13.52,12.0,46778.1,14934.76,1,3.6,3,Finance
ORD202400785,2025-04-22 07:56:47.839866552,2025,4,Q2,Canada,Mumbai,Vintage Cars,Petrol,Government,Distributor,AutoMax,Daniel,8,35211.22,281689.72,6.7,18873.21,262816.51,216341.98,46474.53,17.68,10.0,26281.65,10854.03,0,3.9,5,Credit Card
ORD202400786,2025-04-22 22:33:31.676396992,2025,4,Q2,Switzerland,Berlin,Vintage Cars,Petrol,Retail,Online,City Motors,Meera,3,42633.65,127900.94,5.9,7546.16,120354.78,100803.31,19551.47,16.24,5.0,6017.74,2801.1,0,4.7,4,Cash
ORD202400787,2025-04-23 13:10:15.512927440,2025,4,Q2,Germany,Zurich,Trucks and Buses,Petrol,Fleet,Dealer,AutoMax,Ananya,7,92363.41,646543.84,5.9,38146.09,608397.76,481630.23,126767.53,20.84,8.0,48671.82,15561.81,0,4.9,3,Cash
ORD202400788,2025-04-24 03:46:59.349457880,2025,4,Q2,Germany,Oslo,Planes,Petrol,Corporate,Online,City Motors,Arun,4,110751.96,443007.85,1.0,4430.08,438577.77,366491.76,72086.02,16.44,10.0,43857.78,14725.6,0,3.9,12,UPI
ORD202400789,2025-04-24 18:23:43.185988320,2025,4,Q2,Spain,New York,Trucks and Buses,Diesel,Retail,Distributor,Global Auto,Daniel,13,58151.34,755967.38,2.2,16631.28,739336.1,540427.91,198908.19,26.9,10.0,73933.61,25940.32,0,3.5,6,UPI
ORD202400790,2025-04-25 09:00:27.022518760,2025,4,Q2,France,Stockholm,Classic Cars,Hybrid,Fleet,Online,Speed Wheels,Meera,7,67097.21,469680.45,9.6,45089.32,424591.13,298578.88,126012.25,29.68,10.0,42459.11,12413.01,0,3.7,11,Finance
ORD202400791,2025-04-25 23:37:10.859049208,2025,4,Q2,India,Helsinki,Trains,Hybrid,Corporate,Online,Elite Cars,Meera,1,62867.06,62867.06,6.0,3772.02,59095.03,42203.83,16891.2,28.58,12.0,7091.4,1183.23,0,4.0,9,Finance
ORD202400792,2025-04-26 14:13:54.695579648,2025,4,Q2,Belgium,Stockholm,Trains,Electric,Retail,Dealer,Global Auto,Priya,15,43787.3,656809.48,14.0,91953.33,564856.15,422189.94,142666.21,25.26,8.0,45188.49,9834.72,0,4.3,12,Finance
ORD202400793,2025-04-27 04:50:38.532110088,2025,4,Q2,Denmark,Madrid,Trucks and Buses,Petrol,Retail,Online,Global Auto,Ananya,6,46260.83,277564.96,7.2,19984.68,257580.28,231104.44,26475.85,10.28,10.0,25758.03,6971.91,1,3.9,3,Bank Transfer
ORD202400794,2025-04-27 19:27:22.368640528,2025,4,Q2,India,Berlin,Trucks and Buses,Petrol,Retail,Direct Sales,Elite Cars,Rahul,5,94805.98,474029.88,1.1,5214.33,468815.56,383507.65,85307.91,18.2,8.0,37505.24,15050.42,1,3.9,2,UPI
ORD202400795,2025-04-28 10:04:06.205170976,2025,4,Q2,Germany,Tokyo,Ships,Diesel,Retail,Dealer,City Motors,Daniel,11,98988.37,1088872.11,2.7,29399.55,1059472.57,770842.73,288629.84,27.24,18.0,190705.06,37957.73,0,5.0,2,Cash
ORD202400796,2025-04-29 00:40:50.041701416,2025,4,Q2,Sweden,Oslo,Motorcycles,Diesel,Retail,Online,Prime Motors,Rahul,5,15675.4,78377.01,7.8,6113.41,72263.61,63244.89,9018.72,12.48,18.0,13007.45,1611.6,0,3.8,4,Bank Transfer
ORD202400797,2025-04-29 15:17:33.878231856,2025,4,Q2,Sweden,Helsinki,Classic Cars,Petrol,Fleet,Dealer,AutoMax,Sofia,6,55429.77,332578.64,2.5,8314.47,324264.17,230205.69,94058.48,29.01,12.0,38911.7,14009.9,0,4.0,11,UPI
ORD202400798,2025-04-30 05:54:17.714762296,2025,4,Q2,Australia,Stockholm,Motorcycles,Diesel,Corporate,Online,City Motors,Ananya,1,19266.74,19266.74,17.6,3390.95,15875.79,11453.93,4421.86,27.85,10.0,1587.58,580.11,0,4.0,12,UPI
ORD202400799,2025-04-30 20:31:01.551292744,2025,4,Q2,Philippines,Toronto,Trains,Hybrid,Retail,Dealer,AutoMax,Sneha,13,39000.37,507004.79,11.4,57798.55,449206.25,387910.37,61295.88,13.65,5.0,22460.31,20701.35,0,3.1,3,Bank Transfer
ORD202400800,2025-05-01 11:07:45.387823184,2025,5,Q2,Austria,Helsinki,Vintage Cars,Electric,Fleet,Dealer,Speed Wheels,Daniel,3,39145.47,117436.41,4.5,5284.64,112151.77,82041.5,30110.27,26.85,12.0,13458.21,3584.61,0,4.1,15,Cash
ORD202400801,2025-05-02 01:44:29.224353624,2025,5,Q2,Denmark,Rome,Classic Cars,Diesel,Retail,Online,City Motors,Meera,15,47162.1,707431.48,16.1,113896.47,593535.01,479243.29,114291.72,19.26,12.0,71224.2,27246.09,0,4.1,5,UPI
ORD202400802,2025-05-02 16:21:13.060884064,2025,5,Q2,Singapore,Stockholm,Planes,Petrol,Corporate,Dealer,Elite Cars,Priya,2,73880.67,147761.34,9.4,13889.57,133871.78,92443.79,41427.99,30.95,12.0,16064.61,4923.08,0,4.3,10,Cash
ORD202400803,2025-05-03 06:57:56.897414512,2025,5,Q2,Spain,Helsinki,Trains,Electric,Corporate,Direct Sales,City Motors,Rahul,12,33553.47,402641.66,8.8,35432.47,367209.19,312722.77,54486.42,14.84,5.0,18360.46,19594.58,0,3.3,6,Cash
ORD202400804,2025-05-03 21:34:40.733944952,2025,5,Q2,USA,New York,Trucks and Buses,Petrol,Retail,Dealer,City Motors,Vikram,12,91258.5,1095101.99,7.3,79942.45,1015159.55,722435.23,292724.32,28.84,18.0,182728.72,53795.78,1,4.7,10,Cash
ORD202400805,2025-05-04 12:11:24.570475392,2025,5,Q2,Belgium,Singapore,Vintage Cars,Diesel,Retail,Dealer,Global Auto,Vikram,10,37295.31,372953.1,4.3,16036.98,356916.11,315010.96,41905.15,11.74,8.0,28553.29,7235.91,1,4.0,2,Cash
ORD202400806,2025-05-05 02:48:08.407005832,2025,5,Q2,Austria,Stockholm,Trains,Petrol,Corporate,Direct Sales,AutoMax,Priya,7,29800.63,208604.44,7.2,15019.52,193584.92,172766.2,20818.72,10.75,10.0,19358.49,3671.5,0,3.6,7,Finance
ORD202400807,2025-05-05 17:24:52.243536280,2025,5,Q2,Switzerland,Zurich,Vintage Cars,Diesel,Corporate,Dealer,AutoMax,Rahul,3,37126.73,111380.19,2.2,2450.36,108929.83,78440.08,30489.75,27.99,10.0,10892.98,2023.05,0,4.1,15,UPI
ORD202400808,2025-05-06 08:01:36.080066720,2025,5,Q2,Austria,Singapore,Trains,Electric,Corporate,Online,Elite Cars,Ananya,1,32285.04,32285.04,15.2,4907.33,27377.71,18864.25,8513.46,31.1,10.0,2737.77,1222.04,1,4.4,13,Finance
ORD202400809,2025-05-06 22:38:19.916597160,2025,5,Q2,Sweden,Tokyo,Trucks and Buses,Petrol,Retail,Online,AutoMax,Vikram,1,41023.42,41023.42,3.0,1230.7,39792.72,28467.4,11325.32,28.46,18.0,7162.69,1352.21,0,4.0,9,Credit Card
ORD202400810,2025-05-07 13:15:03.753127600,2025,5,Q2,Italy,Helsinki,Planes,Diesel,Retail,Direct Sales,Elite Cars,Daniel,7,109151.16,764058.11,15.8,120721.18,643336.93,495537.08,147799.85,22.97,18.0,115800.65,19302.65,0,4.1,12,Credit Card
ORD202400811,2025-05-08 03:51:47.589658048,2025,5,Q2,Philippines,Rome,Classic Cars,Petrol,Retail,Dealer,City Motors,Vikram,14,31732.03,444248.4,2.7,11994.71,432253.69,314813.08,117440.61,27.17,12.0,51870.44,19132.56,0,4.7,6,Cash
ORD202400812,2025-05-08 18:28:31.426188488,2025,5,Q2,Finland,Berlin,Vintage Cars,Diesel,Government,Dealer,AutoMax,Vikram,9,26752.87,240775.84,5.9,14205.77,226570.06,161088.59,65481.48,28.9,18.0,40782.61,6068.05,1,3.9,3,Bank Transfer
ORD202400813,2025-05-09 09:05:15.262718928,2025,5,Q2,Austria,Paris,Motorcycles,Hybrid,Corporate,Online,Prime Motors,Karthik,2,13183.39,26366.77,2.3,606.44,25760.34,22232.91,3527.43,13.69,10.0,2576.03,494.55,0,3.2,6,Finance
ORD202400814,2025-05-09 23:41:59.099249368,2025,5,Q2,Germany,Stockholm,Trucks and Buses,Petrol,Corporate,Distributor,AutoMax,Priya,7,99725.88,698081.16,13.2,92146.71,605934.44,497683.81,108250.63,17.87,10.0,60593.44,17698.28,1,4.4,9,Credit Card
ORD202400815,2025-05-10 14:18:42.935779816,2025,5,Q2,Philippines,Brussels,Planes,Diesel,Corporate,Online,Elite Cars,Sofia,7,80019.11,560133.77,16.4,91861.94,468271.83,339055.36,129216.47,27.59,8.0,37461.75,14638.93,0,4.5,5,Finance
ORD202400816,2025-05-11 04:55:26.772310256,2025,5,Q2,Sweden,Sydney,Trucks and Buses,Petrol,Retail,Dealer,Global Auto,Meera,6,63804.74,382828.46,14.9,57041.44,325787.02,245721.43,80065.58,24.58,12.0,39094.44,10817.0,0,3.8,12,UPI
ORD202400817,2025-05-11 19:32:10.608840696,2025,5,Q2,UK,New York,Trains,Petrol,Fleet,Dealer,AutoMax,Ananya,8,45496.98,363975.87,9.4,34213.73,329762.14,238391.83,91370.31,27.71,18.0,59357.19,5195.25,1,3.6,6,Finance
ORD202400818,2025-05-12 10:08:54.445371136,2025,5,Q2,Philippines,Paris,Trucks and Buses,Petrol,Fleet,Dealer,Elite Cars,Meera,10,51056.16,510561.6,12.0,61267.39,449294.21,359213.1,90081.11,20.05,8.0,35943.54,8528.04,0,4.2,11,Finance
ORD202400819,2025-05-13 00:45:38.281901584,2025,5,Q2,Belgium,Helsinki,Vintage Cars,Electric,Government,Dealer,Global Auto,Karthik,14,32020.48,448286.66,17.2,77105.3,371181.35,254322.9,116858.45,31.48,10.0,37118.14,17245.02,0,2.8,13,UPI
ORD202400820,2025-05-13 15:22:22.118432024,2025,5,Q2,USA,New York,Classic Cars,Petrol,Retail,Direct Sales,Prime Motors,Vikram,5,77150.92,385754.59,7.6,29317.35,356437.24,263147.3,93289.95,26.17,18.0,64158.7,13644.68,1,4.2,5,Bank Transfer
ORD202400821,2025-05-14 05:59:05.954962464,2025,5,Q2,Denmark,Berlin,Trains,Hybrid,Retail,Online,Speed Wheels,Karthik,14,37405.7,523679.85,8.9,46607.51,477072.35,397715.46,79356.88,16.63,12.0,57248.68,15080.54,0,5.0,2,Finance
ORD202400822,2025-05-14 20:35:49.791492904,2025,5,Q2,Denmark,Sydney,Vintage Cars,Electric,Retail,Dealer,City Motors,Sneha,3,33013.83,99041.5,10.1,10003.19,89038.31,72988.15,16050.16,18.03,12.0,10684.6,4758.37,0,4.1,10,Finance
ORD202400823,2025-05-15 11:12:33.628023352,2025,5,Q2,Italy,Singapore,Classic Cars,Diesel,Retail,Distributor,City Motors,Priya,15,62398.16,935972.39,8.8,82365.57,853606.82,626637.55,226969.27,26.59,10.0,85360.68,36318.73,0,4.2,2,UPI
ORD202400824,2025-05-16 01:49:17.464553792,2025,5,Q2,Switzerland,Sydney,Trains,Petrol,Fleet,Online,Speed Wheels,Sofia,15,36406.21,546093.09,16.8,91743.64,454349.45,358847.52,95501.93,21.02,10.0,45434.94,20612.95,0,3.9,3,Credit Card
ORD202400825,2025-05-16 16:26:01.301084232,2025,5,Q2,Singapore,Rome,Ships,Hybrid,Retail,Distributor,Prime Motors,Sneha,4,90621.91,362487.65,9.1,32986.38,329501.28,262417.98,67083.3,20.36,10.0,32950.13,8556.26,1,3.3,15,UPI
ORD202400826,2025-05-17 07:02:45.137614672,2025,5,Q2,Japan,Vienna,Classic Cars,Hybrid,Government,Dealer,Global Auto,Vikram,6,87246.54,523479.24,16.5,86374.07,437105.16,388395.08,48710.09,11.14,8.0,34968.41,20521.25,0,4.1,9,Cash
ORD202400827,2025-05-17 21:39:28.974145120,2025,5,Q2,Sweden,Sydney,Classic Cars,Diesel,Government,Online,City Motors,Ananya,2,51407.83,102815.66,9.4,9664.67,93150.99,70286.59,22864.4,24.55,10.0,9315.1,1580.43,0,3.3,3,Finance
ORD202400828,2025-05-18 12:16:12.810675560,2025,5,Q2,Denmark,Tokyo,Classic Cars,Hybrid,Retail,Dealer,AutoMax,Ananya,6,44425.05,266550.31,3.8,10128.91,256421.4,191101.65,65319.75,25.47,10.0,25642.14,10396.07,0,5.0,5,Credit Card
ORD202400829,2025-05-19 02:52:56.647206000,2025,5,Q2,Denmark,Vienna,Trains,Hybrid,Government,Direct Sales,Elite Cars,Sneha,15,26747.26,401208.84,12.9,51755.94,349452.9,305309.99,44142.91,12.63,10.0,34945.29,10018.34,1,4.8,2,Credit Card
ORD202400830,2025-05-19 17:29:40.483736440,2025,5,Q2,Norway,Helsinki,Classic Cars,Petrol,Fleet,Dealer,Global Auto,Sneha,6,44564.25,267385.51,10.8,28877.63,238507.87,197154.54,41353.33,17.34,8.0,19080.63,10615.42,1,3.8,8,UPI
ORD202400831,2025-05-20 08:06:24.320266888,2025,5,Q2,Finland,Stockholm,Classic Cars,Petrol,Fleet,Dealer,AutoMax,Rahul,10,41734.85,417348.48,13.6,56759.39,360589.09,277118.86,83470.23,23.15,12.0,43270.69,15825.98,0,2.6,6,Cash
ORD202400832,2025-05-20 22:43:08.156797328,2025,5,Q2,Denmark,Paris,Planes,Hybrid,Retail,Dealer,Prime Motors,Meera,15,64927.19,973907.92,15.0,146086.19,827821.73,649160.82,178660.91,21.58,12.0,99338.61,40554.19,0,4.3,6,Finance
ORD202400833,2025-05-21 13:19:51.993327768,2025,5,Q2,France,Zurich,Trucks and Buses,Diesel,Retail,Online,City Motors,Ananya,8,60843.35,486746.79,13.0,63277.08,423469.71,325909.76,97559.95,23.04,12.0,50816.36,17951.42,0,4.1,13,Credit Card
ORD202400834,2025-05-22 03:56:35.829858216,2025,5,Q2,Italy,Tokyo,Trucks and Buses,Petrol,Government,Online,Prime Motors,Daniel,5,77399.85,386999.26,11.0,42569.92,344429.34,267795.59,76633.76,22.25,12.0,41331.52,14696.91,0,4.3,8,Credit Card
ORD202400835,2025-05-22 18:33:19.666388656,2025,5,Q2,UK,Toronto,Trucks and Buses,Electric,Retail,Dealer,Prime Motors,Priya,2,93903.12,187806.25,3.7,6948.83,180857.42,131582.65,49274.77,27.25,12.0,21702.89,9804.91,0,3.9,2,Cash
ORD202400836,2025-05-23 09:10:03.502919096,2025,5,Q2,Switzerland,Sydney,Classic Cars,Diesel,Fleet,Dealer,Prime Motors,Meera,9,58995.32,530957.92,17.4,92386.68,438571.24,320292.08,118279.16,26.97,8.0,35085.7,17642.17,1,4.3,13,Bank Transfer
ORD202400837,2025-05-23 23:46:47.339449536,2025,5,Q2,Finland,Mumbai,Trucks and Buses,Diesel,Retail,Direct Sales,Elite Cars,Daniel,3,46645.84,139937.53,0.3,419.81,139517.72,101729.17,37788.55,27.09,10.0,13951.77,6931.73,0,3.3,6,UPI
ORD202400838,2025-05-24 14:23:31.175979984,2025,5,Q2,Canada,Sydney,Classic Cars,Diesel,Retail,Distributor,Global Auto,Karthik,8,45808.03,366464.21,10.9,39944.6,326519.61,229907.26,96612.36,29.59,12.0,39182.35,5585.07,0,3.6,10,Credit Card
ORD202400839,2025-05-25 05:00:15.012510424,2025,5,Q2,USA,Brussels,Planes,Hybrid,Retail,Direct Sales,Elite Cars,Arun,3,150631.83,451895.48,4.8,21690.98,430204.5,307098.59,123105.91,28.62,18.0,77436.81,9013.25,0,5.0,9,Bank Transfer
ORD202400840,2025-05-25 19:36:58.849040864,2025,5,Q2,Germany,Paris,Motorcycles,Petrol,Retail,Dealer,Speed Wheels,Sneha,3,22685.32,68055.95,8.1,5512.53,62543.42,44128.79,18414.63,29.44,18.0,11257.82,3179.24,0,3.7,2,Cash
ORD202400841,2025-05-26 10:13:42.685571304,2025,5,Q2,Norway,Zurich,Trains,Electric,Retail,Online,AutoMax,Sneha,4,42201.55,168806.21,1.2,2025.67,166780.54,135828.85,30951.69,18.56,8.0,13342.44,3628.4,0,3.9,11,Credit Card
ORD202400842,2025-05-27 00:50:26.522101752,2025,5,Q2,Philippines,Copenhagen,Motorcycles,Electric,Fleet,Distributor,Speed Wheels,Ananya,10,13262.67,132626.69,5.5,7294.47,125332.23,96980.97,28351.26,22.62,8.0,10026.58,5028.07,1,3.7,12,Finance
ORD202400843,2025-05-27 15:27:10.358632192,2025,5,Q2,France,Manila,Vintage Cars,Hybrid,Retail,Distributor,Elite Cars,Sneha,10,48639.64,486396.35,12.7,61772.34,424624.02,307524.21,117099.81,27.58,8.0,33969.92,14231.22,0,4.8,14,Finance
ORD202400844,2025-05-28 06:03:54.195162632,2025,5,Q2,Australia,Mumbai,Vintage Cars,Hybrid,Government,Distributor,Prime Motors,Priya,7,30383.29,212683.05,3.7,7869.27,204813.78,150212.13,54601.65,26.66,8.0,16385.1,10839.11,1,3.4,12,Credit Card
ORD202400845,2025-05-28 20:40:38.031693072,2025,5,Q2,Philippines,Stockholm,Classic Cars,Electric,Corporate,Distributor,Global Auto,Ananya,8,50311.56,402492.52,7.8,31394.42,371098.1,300193.56,70904.55,19.11,18.0,66797.66,15744.98,0,5.0,2,Bank Transfer
ORD202400846,2025-05-29 11:17:21.868223520,2025,5,Q2,Germany,Copenhagen,Ships,Diesel,Fleet,Dealer,City Motors,Meera,6,162993.75,977962.51,7.0,68457.38,909505.14,631283.6,278221.54,30.59,12.0,109140.62,41731.38,0,4.3,11,Bank Transfer
ORD202400847,2025-05-30 01:54:05.704753960,2025,5,Q2,Norway,Copenhagen,Vintage Cars,Hybrid,Retail,Dealer,City Motors,Meera,14,34074.31,477040.3,11.2,53428.51,423611.79,288394.13,135217.66,31.92,10.0,42361.18,22477.94,0,4.5,9,Credit Card
ORD202400848,2025-05-30 16:30:49.541284400,2025,5,Q2,Australia,Stockholm,Motorcycles,Petrol,Fleet,Dealer,Speed Wheels,Rahul,11,20290.68,223197.5,9.9,22096.55,201100.95,144653.67,56447.27,28.07,12.0,24132.11,3075.22,0,4.2,9,Finance
ORD202400849,2025-05-31 07:07:33.377814840,2025,5,Q2,Norway,Rome,Trucks and Buses,Diesel,Corporate,Online,Global Auto,Karthik,9,41731.44,375582.95,7.5,28168.72,347414.23,277942.53,69471.7,20.0,18.0,62534.56,18247.74,0,3.8,3,Finance
ORD202400850,2025-05-31 21:44:17.214345288,2025,5,Q2,Norway,Mumbai,Vintage Cars,Electric,Retail,Online,Global Auto,Arun,8,25046.64,200373.11,12.3,24645.89,175727.21,130804.94,44922.27,25.56,8.0,14058.18,6778.85,0,4.0,5,Finance
ORD202400851,2025-06-01 12:21:01.050875728,2025,6,Q2,Canada,Madrid,Vintage Cars,Petrol,Fleet,Dealer,Speed Wheels,Vikram,8,49383.61,395068.88,4.5,17778.1,377290.78,325306.48,51984.31,13.78,10.0,37729.08,13363.58,0,3.8,12,Cash
ORD202400852,2025-06-02 02:57:44.887406168,2025,6,Q2,Switzerland,Madrid,Trucks and Buses,Petrol,Retail,Direct Sales,Global Auto,Ananya,11,70631.26,776943.91,17.7,137519.07,639424.84,465658.4,173766.44,27.18,12.0,76730.98,33440.12,0,4.9,4,Credit Card
ORD202400853,2025-06-02 17:34:28.723936608,2025,6,Q2,Sweden,Mumbai,Vintage Cars,Petrol,Corporate,Online,AutoMax,Priya,7,40117.47,280822.31,11.1,31171.28,249651.03,204750.92,44900.11,17.99,10.0,24965.1,6740.34,0,4.0,15,Credit Card
ORD202400854,2025-06-03 08:11:12.560467056,2025,6,Q2,Philippines,Paris,Motorcycles,Petrol,Retail,Distributor,Prime Motors,Arun,5,15197.94,75989.72,6.2,4711.36,71278.36,61132.02,10146.34,14.23,10.0,7127.84,1589.27,0,3.7,3,UPI
ORD202400855,2025-06-03 22:47:56.396997496,2025,6,Q2,Philippines,Copenhagen,Trucks and Buses,Electric,Corporate,Dealer,Elite Cars,Daniel,13,40711.17,529245.23,7.9,41810.37,487434.86,417249.73,70185.13,14.4,18.0,87738.27,13725.83,0,4.9,6,Credit Card
ORD202400856,2025-06-04 13:24:40.233527936,2025,6,Q2,Austria,Stockholm,Classic Cars,Diesel,Government,Distributor,Speed Wheels,Karthik,15,54340.84,815112.6,13.3,108409.98,706702.63,515032.2,191670.42,27.12,10.0,70670.26,15053.26,0,4.7,15,Credit Card
ORD202400857,2025-06-05 04:01:24.070058376,2025,6,Q2,UK,Mumbai,Planes,Petrol,Retail,Online,Speed Wheels,Ananya,6,163650.41,981902.45,8.1,79534.1,902368.35,682953.74,219414.61,24.32,10.0,90236.83,30559.9,0,4.2,8,Finance
ORD202400858,2025-06-05 18:38:07.906588824,2025,6,Q2,Switzerland,New York,Motorcycles,Electric,Fleet,Online,Speed Wheels,Daniel,4,14189.41,56757.65,17.7,10046.1,46711.55,33506.56,13204.98,28.27,8.0,3736.92,1515.53,1,4.6,5,Bank Transfer
ORD202400859,2025-06-06 09:14:51.743119264,2025,6,Q2,India,Stockholm,Vintage Cars,Electric,Corporate,Dealer,Speed Wheels,Vikram,10,49127.35,491273.47,0.7,3438.91,487834.56,384893.83,102940.73,21.1,18.0,87810.22,18190.75,0,3.2,13,Finance
ORD202400860,2025-06-06 23:51:35.579649704,2025,6,Q2,USA,Mumbai,Trains,Petrol,Retail,Dealer,Prime Motors,Sofia,2,68452.24,136904.47,8.3,11363.07,125541.4,94375.29,31166.11,24.83,18.0,22597.45,2175.95,1,3.6,9,Cash
ORD202400861,2025-06-07 14:28:19.416180144,2025,6,Q2,Italy,Copenhagen,Trucks and Buses,Petrol,Retail,Dealer,Elite Cars,Vikram,3,71720.36,215161.09,1.1,2366.77,212794.32,170089.89,42704.42,20.07,10.0,21279.43,5457.55,0,3.7,15,UPI
ORD202400862,2025-06-08 05:05:03.252710592,2025,6,Q2,Canada,Helsinki,Motorcycles,Electric,Corporate,Direct Sales,AutoMax,Priya,2,25839.13,51678.27,9.1,4702.72,46975.54,34823.92,12151.62,25.87,8.0,3758.04,2340.85,1,3.8,9,Cash
ORD202400863,2025-06-08 19:41:47.089241032,2025,6,Q2,Italy,Helsinki,Trucks and Buses,Petrol,Corporate,Online,City Motors,Vikram,11,76632.82,842961.04,14.7,123915.27,719045.77,501476.13,217569.64,30.26,8.0,57523.66,16117.99,1,3.6,12,Cash
ORD202400864,2025-06-09 10:18:30.925771472,2025,6,Q2,Spain,Madrid,Vintage Cars,Diesel,Retail,Direct Sales,Global Auto,Arun,4,36668.52,146674.1,12.8,18774.28,127899.81,108360.97,19538.85,15.28,10.0,12789.98,6404.01,0,5.0,9,Finance
ORD202400865,2025-06-10 00:55:14.762301912,2025,6,Q2,France,Vienna,Motorcycles,Petrol,Corporate,Dealer,AutoMax,Karthik,6,31650.6,189903.59,13.2,25067.27,164836.31,143051.84,21784.47,13.22,18.0,29670.54,4598.56,0,3.7,8,Credit Card
ORD202400866,2025-06-10 15:31:58.598832360,2025,6,Q2,Canada,Sydney,Trucks and Buses,Diesel,Retail,Distributor,Prime Motors,Rahul,13,70092.52,911202.74,7.6,69251.41,841951.33,690452.19,151499.14,17.99,18.0,151551.24,26909.58,0,4.1,8,Credit Card
ORD202400867,2025-06-11 06:08:42.435362800,2025,6,Q2,Switzerland,Copenhagen,Classic Cars,Diesel,Retail,Dealer,Prime Motors,Sneha,5,48171.74,240858.68,1.0,2408.59,238450.09,177114.53,61335.56,25.72,10.0,23845.01,3958.11,0,3.8,9,Finance
ORD202400868,2025-06-11 20:45:26.271893240,2025,6,Q2,Spain,Zurich,Trucks and Buses,Diesel,Retail,Dealer,AutoMax,Sofia,11,49535.9,544894.85,1.1,5993.84,538901.01,469898.72,69002.29,12.8,8.0,43112.08,22053.2,0,4.8,13,UPI
ORD202400869,2025-06-12 11:22:10.108423680,2025,6,Q2,Canada,Manila,Trains,Diesel,Retail,Distributor,City Motors,Daniel,8,48798.55,390388.38,8.4,32792.62,357595.75,308995.52,48600.23,13.59,10.0,35759.58,14126.39,0,4.3,7,UPI
ORD202400870,2025-06-13 01:58:53.944954128,2025,6,Q2,Japan,Stockholm,Planes,Hybrid,Retail,Online,Global Auto,Vikram,12,137778.07,1653336.88,15.2,251307.21,1402029.67,1121955.38,280074.29,19.98,18.0,252365.34,30422.69,0,4.4,13,Finance
ORD202400871,2025-06-13 16:35:37.781484568,2025,6,Q2,Philippines,Toronto,Trucks and Buses,Diesel,Corporate,Distributor,AutoMax,Priya,14,41142.42,575993.86,11.3,65087.31,510906.56,375771.27,135135.28,26.45,8.0,40872.52,21855.09,0,3.1,5,UPI
ORD202400872,2025-06-14 07:12:21.618015008,2025,6,Q2,Finland,Berlin,Trucks and Buses,Hybrid,Retail,Dealer,Elite Cars,Sofia,11,49075.02,539825.22,0.2,1079.65,538745.57,376305.44,162440.14,30.15,8.0,43099.65,23845.29,1,5.0,15,Bank Transfer
ORD202400873,2025-06-14 21:49:05.454545448,2025,6,Q2,Austria,Berlin,Motorcycles,Petrol,Retail,Direct Sales,Global Auto,Vikram,3,16031.52,48094.56,3.5,1683.31,46411.25,38779.55,7631.71,16.44,12.0,5569.35,741.38,1,4.1,10,UPI
ORD202400874,2025-06-15 12:25:49.291075896,2025,6,Q2,Spain,Sydney,Classic Cars,Electric,Retail,Dealer,Prime Motors,Vikram,15,53638.38,804575.71,1.8,14482.36,790093.35,641170.79,148922.56,18.85,18.0,142216.8,16436.8,0,3.5,9,UPI
ORD202400875,2025-06-16 03:02:33.127606336,2025,6,Q2,Norway,Brussels,Vintage Cars,Petrol,Corporate,Dealer,City Motors,Sneha,1,32764.2,32764.2,17.1,5602.68,27161.52,18927.91,8233.61,30.31,5.0,1358.08,498.86,0,3.6,15,Credit Card
ORD202400876,2025-06-16 17:39:16.964136776,2025,6,Q2,Japan,Oslo,Trains,Electric,Fleet,Dealer,Prime Motors,Rahul,3,44997.86,134993.59,14.4,19439.08,115554.52,88142.84,27411.68,23.72,8.0,9244.36,4234.52,0,4.5,3,Finance
ORD202400877,2025-06-17 08:16:00.800667216,2025,6,Q2,France,Mumbai,Classic Cars,Petrol,Corporate,Online,City Motors,Rahul,2,69395.61,138791.22,7.1,9854.18,128937.04,95288.57,33648.47,26.1,8.0,10314.96,6160.24,0,4.2,12,Cash
ORD202400878,2025-06-17 22:52:44.637197664,2025,6,Q2,Philippines,Tokyo,Classic Cars,Electric,Corporate,Dealer,City Motors,Meera,1,35462.48,35462.48,17.6,6241.4,29221.08,21166.5,8054.58,27.56,8.0,2337.69,1282.59,0,4.2,11,Finance
ORD202400879,2025-06-18 13:29:28.473728104,2025,6,Q2,India,Toronto,Motorcycles,Diesel,Fleet,Dealer,Elite Cars,Priya,1,26499.28,26499.28,1.8,476.99,26022.3,20294.09,5728.21,22.01,18.0,4684.01,521.74,0,4.0,2,Credit Card
ORD202400880,2025-06-19 04:06:12.310258544,2025,6,Q2,Sweden,Oslo,Trucks and Buses,Petrol,Corporate,Distributor,Prime Motors,Ananya,14,48307.9,676310.59,9.8,66278.44,610032.15,437309.91,172722.24,28.31,18.0,109805.79,14537.29,0,5.0,3,UPI
ORD202400881,2025-06-19 18:42:56.146788984,2025,6,Q2,Denmark,Madrid,Vintage Cars,Diesel,Retail,Distributor,Prime Motors,Vikram,3,31768.95,95306.85,14.2,13533.57,81773.28,72433.94,9339.34,11.42,18.0,14719.19,2449.47,0,4.6,12,Finance
ORD202400882,2025-06-20 09:19:39.983319432,2025,6,Q2,Australia,Sydney,Trains,Diesel,Government,Online,Elite Cars,Karthik,7,32905.01,230335.04,15.5,35701.93,194633.1,161822.19,32810.91,16.86,5.0,9731.66,9834.76,0,3.8,13,Cash
ORD202400883,2025-06-20 23:56:23.819849872,2025,6,Q2,France,Vienna,Vintage Cars,Electric,Corporate,Distributor,Global Auto,Daniel,10,49810.0,498099.99,11.3,56285.3,441814.69,365715.41,76099.28,17.22,8.0,35345.18,17178.26,0,4.4,15,UPI
ORD202400884,2025-06-21 14:33:07.656380312,2025,6,Q2,Sweden,Toronto,Ships,Petrol,Retail,Dealer,AutoMax,Daniel,9,89147.23,802325.08,13.2,105906.91,696418.17,604275.62,92142.55,13.23,8.0,55713.45,18829.08,0,3.4,10,Bank Transfer
ORD202400885,2025-06-22 05:09:51.492910752,2025,6,Q2,Japan,New York,Motorcycles,Diesel,Fleet,Dealer,Global Auto,Ananya,14,20570.31,287984.29,2.2,6335.65,281648.64,246138.85,35509.79,12.61,5.0,14082.43,7038.62,0,3.9,13,Finance
ORD202400886,2025-06-22 19:46:35.329441200,2025,6,Q2,Finland,Sydney,Vintage Cars,Hybrid,Retail,Online,Elite Cars,Ananya,5,25798.78,128993.92,11.7,15092.29,113901.63,80497.47,33404.16,29.33,10.0,11390.16,2312.52,0,4.3,7,Cash
ORD202400887,2025-06-23 10:23:19.165971640,2025,6,Q2,Italy,Madrid,Classic Cars,Petrol,Fleet,Online,Global Auto,Daniel,7,57613.96,403297.74,11.8,47589.13,355708.6,290741.29,64967.31,18.26,12.0,42685.03,7280.99,0,4.0,4,Credit Card
ORD202400888,2025-06-24 01:00:03.002502080,2025,6,Q2,Australia,Rome,Motorcycles,Petrol,Fleet,Direct Sales,Prime Motors,Vikram,14,17992.27,251891.74,12.1,30478.9,221412.84,168689.68,52723.16,23.81,5.0,11070.64,4282.47,0,3.3,9,UPI
ORD202400889,2025-06-24 15:36:46.839032520,2025,6,Q2,India,Vienna,Motorcycles,Petrol,Retail,Online,Elite Cars,Ananya,10,23579.24,235792.42,1.5,3536.89,232255.53,187125.66,45129.87,19.43,10.0,23225.55,7098.62,1,4.6,14,Cash
ORD202400890,2025-06-25 06:13:30.675562968,2025,6,Q2,Denmark,New York,Classic Cars,Petrol,Retail,Online,Global Auto,Sneha,4,38921.19,155684.78,1.7,2646.64,153038.14,134925.75,18112.38,11.84,10.0,15303.81,2709.21,0,3.2,14,Credit Card
ORD202400891,2025-06-25 20:50:14.512093408,2025,6,Q2,Philippines,Rome,Motorcycles,Hybrid,Fleet,Distributor,City Motors,Sneha,14,11202.08,156829.18,8.6,13487.31,143341.87,122481.03,20860.84,14.55,10.0,14334.19,7377.6,0,4.6,11,Finance
ORD202400892,2025-06-26 11:26:58.348623848,2025,6,Q2,Australia,Oslo,Classic Cars,Petrol,Retail,Distributor,City Motors,Meera,11,37378.04,411158.49,5.6,23024.88,388133.62,338297.04,49836.57,12.84,12.0,46576.03,13000.13,0,4.8,6,Bank Transfer
ORD202400893,2025-06-27 02:03:42.185154288,2025,6,Q2,USA,Berlin,Motorcycles,Diesel,Retail,Direct Sales,City Motors,Sofia,8,26058.57,208468.56,12.4,25850.1,182618.46,128178.8,54439.66,29.81,12.0,21914.22,8734.33,0,3.8,5,Bank Transfer
ORD202400894,2025-06-27 16:40:26.021684736,2025,6,Q2,Germany,Rome,Vintage Cars,Petrol,Fleet,Direct Sales,Global Auto,Meera,7,45155.79,316090.51,4.9,15488.43,300602.07,251817.1,48784.97,16.23,10.0,30060.21,11805.68,0,3.1,15,Cash
ORD202400895,2025-06-28 07:17:09.858215176,2025,6,Q2,Spain,Singapore,Classic Cars,Petrol,Government,Direct Sales,City Motors,Priya,12,52219.38,626632.51,11.1,69556.21,557076.3,462046.25,95030.05,17.06,10.0,55707.63,25752.58,1,4.4,6,Credit Card
ORD202400896,2025-06-28 21:53:53.694745616,2025,6,Q2,Germany,Mumbai,Classic Cars,Diesel,Government,Direct Sales,AutoMax,Ananya,2,70236.66,140473.32,2.1,2949.94,137523.38,97185.74,40337.65,29.33,18.0,24754.21,3952.39,0,4.7,9,Bank Transfer
ORD202400897,2025-06-29 12:30:37.531276064,2025,6,Q2,Spain,Rome,Vintage Cars,Electric,Retail,Dealer,Prime Motors,Arun,2,34519.83,69039.66,12.1,8353.8,60685.86,53346.68,7339.18,12.09,18.0,10923.45,1197.6,0,5.0,11,Bank Transfer
ORD202400898,2025-06-30 03:07:21.367806504,2025,6,Q2,India,Zurich,Vintage Cars,Petrol,Retail,Dealer,Global Auto,Karthik,12,48142.83,577714.0,13.2,76258.25,501455.75,427778.26,73677.49,14.69,18.0,90262.03,18222.94,0,4.8,4,Cash
ORD202400899,2025-06-30 17:44:05.204336944,2025,6,Q2,Denmark,Tokyo,Vintage Cars,Hybrid,Fleet,Dealer,AutoMax,Ananya,5,37072.68,185363.38,15.5,28731.32,156632.06,106872.0,49760.06,31.77,18.0,28193.77,5217.81,0,4.3,6,Credit Card
ORD202400900,2025-07-01 08:20:49.040867384,2025,7,Q3,Japan,Mumbai,Vintage Cars,Hybrid,Retail,Direct Sales,Speed Wheels,Ananya,12,69541.46,834497.49,3.8,31710.9,802786.59,668034.8,134751.79,16.79,10.0,80278.66,19550.79,0,4.4,3,UPI
ORD202400901,2025-07-01 22:57:32.877397832,2025,7,Q3,UK,Zurich,Classic Cars,Diesel,Fleet,Dealer,Global Auto,Meera,3,68824.7,206474.1,0.7,1445.32,205028.78,155284.34,49744.44,24.26,18.0,36905.18,3733.03,1,4.3,15,Finance
ORD202400902,2025-07-02 13:34:16.713928272,2025,7,Q3,Italy,New York,Classic Cars,Petrol,Retail,Direct Sales,AutoMax,Arun,5,74711.66,373558.28,10.6,39597.18,333961.1,270106.94,63854.16,19.12,10.0,33396.11,9611.17,0,4.4,8,Credit Card
ORD202400903,2025-07-03 04:11:00.550458712,2025,7,Q3,France,Zurich,Motorcycles,Petrol,Corporate,Dealer,Prime Motors,Daniel,10,24283.55,242835.48,16.6,40310.69,202524.79,174081.1,28443.69,14.04,5.0,10126.24,9257.86,0,3.8,5,Bank Transfer
ORD202400904,2025-07-03 18:47:44.386989152,2025,7,Q3,Finland,Helsinki,Motorcycles,Diesel,Fleet,Online,Global Auto,Sofia,14,14898.83,208583.69,18.0,37545.06,171038.62,125046.44,45992.18,26.89,18.0,30786.95,8804.98,0,4.0,6,UPI
ORD202400905,2025-07-04 09:24:28.223519600,2025,7,Q3,UK,Stockholm,Trains,Petrol,Fleet,Online,Prime Motors,Sofia,12,43604.24,523250.82,16.5,86336.39,436914.44,378448.63,58465.81,13.38,12.0,52429.73,20461.29,0,4.4,13,Bank Transfer
ORD202400906,2025-07-05 00:01:12.060050040,2025,7,Q3,Norway,Singapore,Motorcycles,Hybrid,Corporate,Dealer,City Motors,Meera,8,13530.6,108244.82,3.1,3355.59,104889.23,89393.69,15495.54,14.77,18.0,18880.06,4013.22,0,5.0,10,UPI
ORD202400907,2025-07-05 14:37:55.896580480,2025,7,Q3,Norway,Zurich,Vintage Cars,Petrol,Retail,Dealer,City Motors,Ananya,15,31420.16,471302.47,16.0,75408.4,395894.07,325638.27,70255.8,17.75,10.0,39589.41,7041.85,0,4.0,8,Credit Card
ORD202400908,2025-07-06 05:14:39.733110920,2025,7,Q3,Japan,Toronto,Vintage Cars,Diesel,Retail,Dealer,Global Auto,Meera,10,70705.89,707058.86,14.7,103937.65,603121.21,468236.27,134884.94,22.36,18.0,108561.82,31685.48,1,4.3,3,UPI
ORD202400909,2025-07-06 19:51:23.569641368,2025,7,Q3,Germany,Helsinki,Vintage Cars,Petrol,Retail,Online,City Motors,Arun,15,49897.68,748465.2,0.7,5239.26,743225.94,558990.55,184235.39,24.79,10.0,74322.59,11342.76,1,3.5,13,Bank Transfer
ORD202400910,2025-07-07 10:28:07.406171808,2025,7,Q3,UK,London,Classic Cars,Petrol,Retail,Dealer,AutoMax,Daniel,14,56497.46,790964.39,10.7,84633.19,706331.2,558961.72,147369.49,20.86,10.0,70633.12,12256.67,0,3.9,14,Credit Card
ORD202400911,2025-07-08 01:04:51.242702248,2025,7,Q3,Denmark,London,Classic Cars,Petrol,Government,Online,Elite Cars,Arun,3,30017.93,90053.78,4.0,3602.15,86451.63,69361.92,17089.71,19.77,5.0,4322.58,1868.67,0,3.3,10,Finance
ORD202400912,2025-07-08 15:41:35.079232688,2025,7,Q3,Austria,Oslo,Vintage Cars,Petrol,Government,Direct Sales,Speed Wheels,Sofia,11,33729.46,371024.1,3.7,13727.89,357296.21,261718.76,95577.45,26.75,12.0,42875.55,9682.67,0,3.9,4,Credit Card
ORD202400913,2025-07-09 06:18:18.915763136,2025,7,Q3,Switzerland,Oslo,Motorcycles,Diesel,Retail,Online,Prime Motors,Meera,13,18968.49,246590.37,9.5,23426.09,223164.29,189029.75,34134.53,15.3,8.0,17853.14,3600.51,0,4.0,6,UPI
ORD202400914,2025-07-09 20:55:02.752293576,2025,7,Q3,Sweden,Stockholm,Trucks and Buses,Hybrid,Corporate,Online,City Motors,Karthik,1,49729.85,49729.85,4.6,2287.57,47442.28,40811.97,6630.31,13.98,8.0,3795.38,1233.52,1,3.9,12,Bank Transfer
ORD202400915,2025-07-10 11:31:46.588824016,2025,7,Q3,Sweden,Oslo,Trucks and Buses,Diesel,Corporate,Direct Sales,Elite Cars,Daniel,4,50283.71,201134.86,15.1,30371.36,170763.5,116175.88,54587.61,31.97,12.0,20491.62,8483.69,0,4.6,2,Bank Transfer
ORD202400916,2025-07-11 02:08:30.425354456,2025,7,Q3,Norway,Sydney,Vintage Cars,Diesel,Government,Distributor,Elite Cars,Sneha,13,36965.35,480549.58,8.4,40366.17,440183.42,349810.54,90372.88,20.53,12.0,52822.01,19825.89,1,4.9,11,Cash
ORD202400917,2025-07-11 16:45:14.261884904,2025,7,Q3,Switzerland,Stockholm,Trucks and Buses,Electric,Fleet,Dealer,Speed Wheels,Ananya,13,68893.32,895613.14,7.5,67170.99,828442.16,627554.82,200887.34,24.25,8.0,66275.37,39271.72,0,4.1,7,Credit Card
ORD202400918,2025-07-12 07:21:58.098415344,2025,7,Q3,Italy,Toronto,Trucks and Buses,Hybrid,Retail,Direct Sales,Global Auto,Daniel,10,59627.16,596271.62,10.2,60819.71,535451.91,473388.41,62063.51,11.59,18.0,96381.34,29027.61,0,4.2,13,Cash
ORD202400919,2025-07-12 21:58:41.934945784,2025,7,Q3,Italy,Stockholm,Trucks and Buses,Electric,Retail,Dealer,Prime Motors,Ananya,4,55590.34,222361.35,6.2,13786.4,208574.95,177000.1,31574.85,15.14,18.0,37543.49,8236.77,0,4.4,4,Bank Transfer
ORD202400920,2025-07-13 12:35:25.771476224,2025,7,Q3,Austria,Rome,Vintage Cars,Electric,Fleet,Dealer,Global Auto,Rahul,1,31464.62,31464.62,17.4,5474.84,25989.78,20603.11,5386.67,20.73,5.0,1299.49,1425.03,0,3.8,14,Credit Card
ORD202400921,2025-07-14 03:12:09.608006672,2025,7,Q3,Sweden,Helsinki,Vintage Cars,Diesel,Fleet,Dealer,Prime Motors,Meera,7,41126.71,287886.95,3.4,9788.16,278098.8,193179.47,84919.33,30.54,12.0,33371.86,14896.39,0,4.3,4,Credit Card
ORD202400922,2025-07-14 17:48:53.444537112,2025,7,Q3,Singapore,Sydney,Classic Cars,Petrol,Corporate,Dealer,City Motors,Sofia,9,49813.22,448319.02,9.6,43038.63,405280.39,341455.54,63824.85,15.75,18.0,72950.47,7247.85,1,3.9,5,Finance
ORD202400923,2025-07-15 08:25:37.281067552,2025,7,Q3,Philippines,Madrid,Classic Cars,Electric,Fleet,Distributor,Prime Motors,Meera,13,50164.8,652142.41,17.4,113472.78,538669.63,483314.48,55355.16,10.28,12.0,64640.36,23082.33,0,4.1,10,Cash
ORD202400924,2025-07-15 23:02:21.117597992,2025,7,Q3,India,Rome,Classic Cars,Diesel,Retail,Direct Sales,AutoMax,Daniel,15,73566.4,1103496.06,6.8,75037.73,1028458.32,837543.27,190915.05,18.56,10.0,102845.83,38005.76,0,4.1,7,Finance
ORD202400925,2025-07-16 13:39:04.954128440,2025,7,Q3,Canada,Copenhagen,Vintage Cars,Diesel,Corporate,Distributor,Global Auto,Vikram,6,45026.39,270158.31,4.1,11076.49,259081.82,181493.53,77588.29,29.95,18.0,46634.73,8040.62,0,3.1,14,Cash
ORD202400926,2025-07-17 04:15:48.790658880,2025,7,Q3,Japan,Zurich,Ships,Petrol,Retail,Online,Speed Wheels,Ananya,12,139716.9,1676602.83,11.8,197839.13,1478763.7,1145128.28,333635.42,22.56,12.0,177451.64,75291.93,0,3.8,4,UPI
ORD202400927,2025-07-17 18:52:32.627189320,2025,7,Q3,Belgium,Mumbai,Vintage Cars,Diesel,Retail,Direct Sales,AutoMax,Arun,4,34435.35,137741.41,15.3,21074.44,116666.97,83177.44,33489.53,28.71,18.0,21000.05,6322.13,0,3.6,5,Cash
ORD202400928,2025-07-18 09:29:16.463719760,2025,7,Q3,Italy,Copenhagen,Trucks and Buses,Diesel,Fleet,Online,Elite Cars,Rahul,13,71237.36,926085.74,15.2,140765.03,785320.71,602145.22,183175.48,23.32,5.0,39266.04,42926.57,0,4.0,13,Finance
ORD202400929,2025-07-19 00:06:00.300250208,2025,7,Q3,Finland,Mumbai,Planes,Diesel,Retail,Distributor,Global Auto,Vikram,11,72235.63,794591.97,7.8,61978.17,732613.8,641279.39,91334.4,12.47,8.0,58609.1,28344.53,0,4.8,15,Bank Transfer
ORD202400930,2025-07-19 14:42:44.136780648,2025,7,Q3,Norway,Toronto,Trains,Petrol,Retail,Distributor,Global Auto,Karthik,7,42083.54,294584.81,16.7,49195.66,245389.14,178376.68,67012.47,27.31,12.0,29446.7,10958.01,0,4.3,9,UPI
ORD202400931,2025-07-20 05:19:27.973311088,2025,7,Q3,Germany,Paris,Trains,Electric,Corporate,Dealer,Global Auto,Meera,1,78284.26,78284.26,2.1,1643.97,76640.29,56794.91,19845.38,25.89,18.0,13795.25,2077.26,0,3.3,5,Bank Transfer
ORD202400932,2025-07-20 19:56:11.809841528,2025,7,Q3,Singapore,Sydney,Ships,Hybrid,Retail,Dealer,Speed Wheels,Meera,9,76392.58,687533.26,9.0,61877.99,625655.27,560446.36,65208.9,10.42,5.0,31282.76,10560.43,0,3.8,4,Bank Transfer
ORD202400933,2025-07-21 10:32:55.646371976,2025,7,Q3,Japan,Vienna,Vintage Cars,Petrol,Retail,Distributor,City Motors,Sneha,5,53678.27,268391.36,8.7,23350.05,245041.31,180224.53,64816.79,26.45,18.0,44107.44,10544.46,0,3.5,14,Credit Card
ORD202400934,2025-07-22 01:09:39.482902416,2025,7,Q3,UK,Paris,Planes,Petrol,Corporate,Dealer,Global Auto,Daniel,14,181296.61,2538152.53,17.0,431485.93,2106666.6,1828216.51,278450.08,13.22,12.0,252799.99,52472.72,0,3.2,15,Bank Transfer
ORD202400935,2025-07-22 15:46:23.319432856,2025,7,Q3,Switzerland,Brussels,Trains,Petrol,Retail,Dealer,City Motors,Rahul,15,46328.63,694929.51,4.6,31966.76,662962.75,465436.96,197525.79,29.79,12.0,79555.53,27061.62,0,4.2,13,Credit Card
ORD202400936,2025-07-23 06:23:07.155963296,2025,7,Q3,Singapore,Paris,Classic Cars,Hybrid,Retail,Direct Sales,City Motors,Karthik,8,36065.61,288524.88,2.7,7790.17,280734.71,226024.95,54709.77,19.49,8.0,22458.78,13142.03,0,4.0,6,Cash
ORD202400937,2025-07-23 20:59:50.992493744,2025,7,Q3,Spain,Stockholm,Classic Cars,Diesel,Retail,Dealer,Speed Wheels,Daniel,9,72291.38,650622.38,13.4,87183.4,563438.98,387782.84,175656.15,31.18,12.0,67612.68,29147.19,0,3.9,3,Cash
ORD202400938,2025-07-24 11:36:34.829024184,2025,7,Q3,Switzerland,Zurich,Classic Cars,Diesel,Retail,Dealer,Global Auto,Sofia,7,45457.68,318203.79,8.1,25774.51,292429.28,239391.2,53038.08,18.14,10.0,29242.93,5793.05,0,4.5,13,Finance
ORD202400939,2025-07-25 02:13:18.665554624,2025,7,Q3,Belgium,New York,Trucks and Buses,Hybrid,Fleet,Dealer,City Motors,Ananya,3,56214.61,168643.83,11.3,19056.75,149587.08,130428.86,19158.21,12.81,8.0,11966.97,7976.42,0,3.9,15,Credit Card
ORD202400940,2025-07-25 16:50:02.502085064,2025,7,Q3,Italy,Stockholm,Classic Cars,Diesel,Retail,Distributor,Prime Motors,Karthik,2,49232.48,98464.97,7.8,7680.27,90784.7,71578.83,19205.87,21.16,8.0,7262.78,2026.65,0,4.2,10,Finance
ORD202400941,2025-07-26 07:26:46.338615512,2025,7,Q3,Denmark,Singapore,Vintage Cars,Hybrid,Corporate,Dealer,City Motors,Vikram,7,25535.43,178748.0,12.9,23058.49,155689.51,131667.86,24021.66,15.43,18.0,28024.11,8505.59,0,3.7,13,UPI
ORD202400942,2025-07-26 22:03:30.175145952,2025,7,Q3,Philippines,Stockholm,Trucks and Buses,Diesel,Retail,Dealer,Prime Motors,Sofia,1,40889.0,40889.0,5.1,2085.34,38803.66,27974.09,10829.56,27.91,12.0,4656.44,1788.69,0,3.9,2,Credit Card
ORD202400943,2025-07-27 12:40:14.011676392,2025,7,Q3,Japan,Tokyo,Trains,Petrol,Retail,Direct Sales,Global Auto,Ananya,14,72754.24,1018559.41,6.7,68243.48,950315.93,651827.33,298488.6,31.41,18.0,171056.87,30939.76,0,4.3,13,Bank Transfer
ORD202400944,2025-07-28 03:16:57.848206832,2025,7,Q3,Switzerland,Helsinki,Vintage Cars,Electric,Retail,Direct Sales,Speed Wheels,Karthik,2,40878.95,81757.9,5.8,4741.96,77015.94,59977.59,17038.35,22.12,8.0,6161.28,3603.5,0,4.9,8,UPI
ORD202400945,2025-07-28 17:53:41.684737280,2025,7,Q3,Finland,Brussels,Ships,Petrol,Retail,Distributor,City Motors,Karthik,1,82218.72,82218.72,11.8,9701.81,72516.91,62325.01,10191.9,14.05,8.0,5801.35,1149.55,0,3.7,10,Credit Card
ORD202400946,2025-07-29 08:30:25.521267720,2025,7,Q3,Japan,Stockholm,Vintage Cars,Electric,Corporate,Dealer,Global Auto,Karthik,2,70141.58,140283.17,2.7,3787.65,136495.52,99380.02,37115.5,27.19,8.0,10919.64,6023.74,0,4.2,11,Bank Transfer
ORD202400947,2025-07-29 23:07:09.357798160,2025,7,Q3,Philippines,Vienna,Classic Cars,Electric,Corporate,Dealer,Elite Cars,Karthik,6,45308.11,271848.66,17.9,48660.91,223187.75,172972.6,50215.15,22.5,8.0,17855.02,8216.73,1,4.1,9,Credit Card
ORD202400948,2025-07-30 13:43:53.194328600,2025,7,Q3,Germany,Tokyo,Trucks and Buses,Diesel,Retail,Online,Speed Wheels,Sofia,7,71004.07,497028.5,14.8,73560.22,423468.29,331745.2,91723.09,21.66,12.0,50816.19,23022.9,0,3.8,3,Finance
ORD202400949,2025-07-31 04:20:37.030859048,2025,7,Q3,Austria,Vienna,Vintage Cars,Electric,Corporate,Dealer,Prime Motors,Sneha,3,42476.83,127430.5,8.3,10576.73,116853.77,95053.7,21800.07,18.66,10.0,11685.38,2856.78,0,3.6,13,Credit Card
ORD202400950,2025-07-31 18:57:20.867389488,2025,7,Q3,UK,Oslo,Classic Cars,Petrol,Fleet,Dealer,Prime Motors,Sneha,13,60978.8,792724.45,6.3,49941.64,742782.81,654910.58,87872.23,11.83,8.0,59422.62,30718.72,0,4.2,10,UPI
ORD202400951,2025-08-01 09:34:04.703919928,2025,8,Q3,Switzerland,Manila,Classic Cars,Petrol,Retail,Online,Elite Cars,Karthik,14,58695.37,821735.12,13.5,110934.24,710800.88,535257.26,175543.62,24.7,8.0,56864.07,24593.62,0,4.6,9,Credit Card
ORD202400952,2025-08-02 00:10:48.540450368,2025,8,Q3,Japan,Toronto,Motorcycles,Electric,Fleet,Direct Sales,City Motors,Sneha,8,33947.12,271576.95,17.1,46439.66,225137.3,159958.27,65179.02,28.95,5.0,11256.86,11949.71,1,4.6,3,Cash
ORD202400953,2025-08-02 14:47:32.376980816,2025,8,Q3,Finland,Brussels,Vintage Cars,Petrol,Retail,Direct Sales,City Motors,Vikram,5,34514.37,172571.86,12.7,21916.63,150655.23,132493.69,18161.55,12.06,10.0,15065.52,7547.53,0,5.0,11,Finance
ORD202400954,2025-08-03 05:24:16.213511256,2025,8,Q3,Finland,Oslo,Classic Cars,Electric,Retail,Online,Global Auto,Daniel,4,31595.24,126380.95,11.6,14660.19,111720.76,99267.75,12453.01,11.15,18.0,20109.74,6139.36,0,4.0,14,Cash
ORD202400955,2025-08-03 20:01:00.050041696,2025,8,Q3,Singapore,Copenhagen,Motorcycles,Petrol,Retail,Online,Global Auto,Sneha,11,15997.61,175973.69,15.7,27627.87,148345.82,107310.34,41035.48,27.66,12.0,17801.5,2614.79,0,4.3,6,Cash
ORD202400956,2025-08-04 10:37:43.886572136,2025,8,Q3,Norway,Singapore,Ships,Hybrid,Retail,Direct Sales,Speed Wheels,Vikram,13,59301.52,770919.75,17.8,137223.72,633696.03,569172.97,64523.06,10.18,8.0,50695.68,25250.62,0,4.3,12,Cash
ORD202400957,2025-08-05 01:14:27.723102584,2025,8,Q3,Germany,Madrid,Trains,Hybrid,Fleet,Direct Sales,Speed Wheels,Daniel,13,67298.72,874883.42,10.5,91862.76,783020.66,541062.07,241958.58,30.9,10.0,78302.07,37814.43,0,4.2,12,Bank Transfer
ORD202400958,2025-08-05 15:51:11.559633024,2025,8,Q3,Finland,Mumbai,Trains,Diesel,Retail,Dealer,Global Auto,Karthik,7,26679.96,186759.69,4.9,9151.22,177608.46,122150.98,55457.48,31.22,10.0,17760.85,7421.23,1,3.0,15,Cash
ORD202400959,2025-08-06 06:27:55.396163464,2025,8,Q3,Philippines,New York,Classic Cars,Diesel,Government,Distributor,Elite Cars,Ananya,12,38650.13,463801.57,3.2,14841.65,448959.92,317278.83,131681.08,29.33,12.0,53875.19,10541.06,0,4.5,11,Credit Card
ORD202400960,2025-08-06 21:04:39.232693904,2025,8,Q3,Japan,Copenhagen,Trucks and Buses,Diesel,Retail,Direct Sales,Elite Cars,Karthik,7,88350.78,618455.49,1.5,9276.83,609178.66,531547.21,77631.44,12.74,12.0,73101.44,24303.83,0,3.7,2,Cash
ORD202400961,2025-08-07 11:41:23.069224352,2025,8,Q3,Switzerland,New York,Motorcycles,Diesel,Corporate,Dealer,City Motors,Sneha,12,19982.56,239790.69,4.1,9831.42,229959.27,171968.63,57990.64,25.22,12.0,27595.11,4419.07,1,4.5,14,Bank Transfer
ORD202400962,2025-08-08 02:18:06.905754792,2025,8,Q3,Sweden,Sydney,Classic Cars,Hybrid,Fleet,Online,Elite Cars,Rahul,10,50047.15,500471.46,8.0,40037.72,460433.74,382112.53,78321.2,17.01,5.0,23021.69,8357.62,0,3.9,14,UPI
ORD202400963,2025-08-08 16:54:50.742285232,2025,8,Q3,Denmark,Madrid,Vintage Cars,Petrol,Retail,Direct Sales,City Motors,Sneha,11,36715.89,403874.75,13.5,54523.09,349351.66,251663.68,97687.98,27.96,10.0,34935.17,16868.01,0,3.8,9,Finance
ORD202400964,2025-08-09 07:31:34.578815680,2025,8,Q3,Norway,Helsinki,Trains,Petrol,Fleet,Online,Global Auto,Ananya,7,26993.32,188953.24,2.9,5479.64,183473.6,161767.24,21706.35,11.83,10.0,18347.36,3718.73,0,2.9,9,Credit Card
ORD202400965,2025-08-09 22:08:18.415346120,2025,8,Q3,Australia,Helsinki,Trains,Electric,Retail,Dealer,Global Auto,Ananya,11,37582.05,413402.58,10.2,42167.06,371235.52,296815.1,74420.42,20.05,10.0,37123.55,14080.93,0,4.1,3,Credit Card
ORD202400966,2025-08-10 12:45:02.251876560,2025,8,Q3,Spain,Zurich,Classic Cars,Electric,Retail,Online,Speed Wheels,Daniel,3,51228.06,153684.17,16.1,24743.15,128941.02,100353.57,28587.45,22.17,12.0,15472.92,2639.39,0,4.4,11,Bank Transfer
ORD202400967,2025-08-11 03:21:46.088407000,2025,8,Q3,Italy,Vienna,Motorcycles,Diesel,Fleet,Online,Prime Motors,Priya,9,19454.93,175094.41,11.9,20836.23,154258.17,122293.94,31964.23,20.72,10.0,15425.82,4587.9,0,3.8,14,UPI
ORD202400968,2025-08-11 17:58:29.924937448,2025,8,Q3,France,New York,Classic Cars,Diesel,Fleet,Dealer,Speed Wheels,Daniel,7,67163.26,470142.8,5.4,25387.71,444755.09,398567.5,46187.59,10.38,10.0,44475.51,23767.99,0,3.5,3,Bank Transfer
ORD202400969,2025-08-12 08:35:13.761467888,2025,8,Q3,India,Toronto,Trains,Electric,Retail,Direct Sales,AutoMax,Ananya,9,56022.37,504201.35,3.6,18151.25,486050.1,424278.99,61771.11,12.71,5.0,24302.51,7925.51,0,4.9,13,Finance
ORD202400970,2025-08-12 23:11:57.597998328,2025,8,Q3,Singapore,Copenhagen,Trucks and Buses,Hybrid,Retail,Online,City Motors,Karthik,6,44568.79,267412.75,11.7,31287.29,236125.46,186706.05,49419.4,20.93,18.0,42502.58,7783.24,0,4.6,10,Bank Transfer
ORD202400971,2025-08-13 13:48:41.434528768,2025,8,Q3,Belgium,Tokyo,Vintage Cars,Petrol,Corporate,Online,Global Auto,Rahul,3,27096.77,81290.32,13.5,10974.19,70316.13,57924.59,12391.54,17.62,10.0,7031.61,2896.05,0,3.3,14,Credit Card
ORD202400972,2025-08-14 04:25:25.271059216,2025,8,Q3,Spain,Sydney,Motorcycles,Petrol,Corporate,Dealer,AutoMax,Arun,6,26172.05,157032.29,1.6,2512.52,154519.77,118356.42,36163.35,23.4,18.0,27813.56,3673.63,0,3.9,12,Bank Transfer
ORD202400973,2025-08-14 19:02:09.107589656,2025,8,Q3,Philippines,Helsinki,Trucks and Buses,Petrol,Government,Online,Prime Motors,Arun,2,41917.19,83834.39,7.2,6036.08,77798.31,67447.03,10351.28,13.31,10.0,7779.83,3040.9,1,3.9,2,Finance
ORD202400974,2025-08-15 09:38:52.944120096,2025,8,Q3,Singapore,Vienna,Classic Cars,Petrol,Fleet,Dealer,AutoMax,Arun,3,55911.19,167733.58,8.8,14760.55,152973.02,119067.31,33905.71,22.16,12.0,18356.76,5057.36,0,4.8,7,Bank Transfer
ORD202400975,2025-08-16 00:15:36.780650536,2025,8,Q3,Germany,Sydney,Motorcycles,Diesel,Corporate,Direct Sales,Speed Wheels,Priya,6,22633.45,135800.68,5.9,8012.24,127788.44,97746.74,30041.7,23.51,12.0,15334.61,3343.83,0,4.9,12,Cash
ORD202400976,2025-08-16 14:52:20.617180984,2025,8,Q3,Italy,Tokyo,Motorcycles,Petrol,Retail,Direct Sales,Prime Motors,Priya,7,16105.86,112741.03,0.2,225.48,112515.55,90088.6,22426.94,19.93,12.0,13501.87,2899.47,0,3.4,4,Finance
ORD202400977,2025-08-17 05:29:04.453711424,2025,8,Q3,Denmark,Zurich,Trucks and Buses,Petrol,Retail,Direct Sales,AutoMax,Karthik,8,51770.89,414167.15,3.5,14495.85,399671.3,349734.21,49937.09,12.49,8.0,31973.7,11696.31,0,4.7,2,UPI
ORD202400978,2025-08-17 20:05:48.290241864,2025,8,Q3,Austria,Helsinki,Planes,Petrol,Retail,Distributor,Speed Wheels,Sneha,7,102930.55,720513.88,5.9,42510.32,678003.56,480998.12,197005.44,29.06,12.0,81360.43,26744.25,0,4.5,13,UPI
ORD202400979,2025-08-18 10:42:32.126772304,2025,8,Q3,Australia,Madrid,Trucks and Buses,Petrol,Corporate,Dealer,AutoMax,Sneha,1,41139.12,41139.12,10.8,4443.03,36696.1,25093.69,11602.41,31.62,8.0,2935.69,568.6,0,3.5,11,Credit Card
ORD202400980,2025-08-19 01:19:15.963302752,2025,8,Q3,Japan,London,Classic Cars,Petrol,Government,Dealer,Elite Cars,Ananya,6,92707.91,556247.47,15.8,87887.1,468360.37,349261.26,119099.11,25.43,5.0,23418.02,8721.42,1,4.1,8,Cash
ORD202400981,2025-08-19 15:55:59.799833192,2025,8,Q3,UK,Singapore,Trains,Hybrid,Government,Online,City Motors,Karthik,15,65854.13,987812.02,14.4,142244.93,845567.09,648097.77,197469.32,23.35,12.0,101468.05,15706.15,0,3.4,12,UPI
ORD202400982,2025-08-20 06:32:43.636363632,2025,8,Q3,Switzerland,Mumbai,Vintage Cars,Electric,Government,Dealer,City Motors,Ananya,11,43904.84,482953.19,13.6,65681.63,417271.55,323997.83,93273.73,22.35,18.0,75108.88,22661.27,1,4.0,11,Finance
ORD202400983,2025-08-20 21:09:27.472894072,2025,8,Q3,Singapore,Stockholm,Classic Cars,Petrol,Government,Dealer,Global Auto,Ananya,2,40915.98,81831.96,6.2,5073.58,76758.38,58171.23,18587.16,24.22,5.0,3837.92,2739.63,0,4.2,12,Bank Transfer
ORD202400984,2025-08-21 11:46:11.309424520,2025,8,Q3,Sweden,Singapore,Ships,Diesel,Corporate,Direct Sales,Speed Wheels,Karthik,15,89111.34,1336670.14,16.9,225897.25,1110772.89,758803.22,351969.66,31.69,10.0,111077.29,33005.1,0,4.3,3,Credit Card
ORD202400985,2025-08-22 02:22:55.145954960,2025,8,Q3,Philippines,Singapore,Planes,Petrol,Corporate,Direct Sales,Prime Motors,Karthik,2,97283.79,194567.59,4.6,8950.11,185617.48,156493.09,29124.39,15.69,5.0,9280.87,5838.82,0,4.3,7,Finance
ORD202400986,2025-08-22 16:59:38.982485400,2025,8,Q3,Canada,Vienna,Trains,Petrol,Corporate,Distributor,Prime Motors,Daniel,4,48240.16,192960.65,9.8,18910.14,174050.51,146332.3,27718.21,15.93,5.0,8702.53,6942.05,0,5.0,4,Cash
ORD202400987,2025-08-23 07:36:22.819015840,2025,8,Q3,Italy,Tokyo,Classic Cars,Electric,Retail,Direct Sales,Prime Motors,Rahul,11,48480.91,533290.04,8.9,47462.81,485827.22,342502.94,143324.29,29.5,8.0,38866.18,16584.79,0,3.9,8,Finance
ORD202400988,2025-08-23 22:13:06.655546288,2025,8,Q3,Belgium,Paris,Motorcycles,Petrol,Retail,Online,AutoMax,Arun,12,13401.85,160822.22,11.1,17851.27,142970.95,127143.88,15827.07,11.07,10.0,14297.1,5807.64,0,3.4,6,Finance
ORD202400989,2025-08-24 12:49:50.492076728,2025,8,Q3,Switzerland,Sydney,Motorcycles,Petrol,Fleet,Direct Sales,AutoMax,Meera,5,17556.6,87783.02,5.1,4476.93,83306.09,60687.06,22619.03,27.15,8.0,6664.49,3456.55,0,5.0,10,Cash
ORD202400990,2025-08-25 03:26:34.328607168,2025,8,Q3,Japan,Singapore,Trucks and Buses,Diesel,Retail,Dealer,Speed Wheels,Vikram,4,93582.93,374331.7,1.7,6363.64,367968.06,291765.87,76202.19,20.71,18.0,66234.25,10565.24,0,3.1,8,Cash
ORD202400991,2025-08-25 18:03:18.165137608,2025,8,Q3,Italy,Oslo,Trains,Diesel,Corporate,Dealer,AutoMax,Sneha,9,45919.17,413272.53,13.8,57031.61,356240.92,271199.68,85041.25,23.87,8.0,28499.27,19316.73,0,5.0,12,UPI
ORD202400992,2025-08-26 08:40:02.001668056,2025,8,Q3,Spain,Brussels,Vintage Cars,Diesel,Fleet,Dealer,Speed Wheels,Daniel,6,32117.93,192707.57,13.9,26786.35,165921.22,130431.58,35489.64,21.39,12.0,19910.55,7804.12,0,4.0,6,UPI
ORD202400993,2025-08-26 23:16:45.838198496,2025,8,Q3,USA,New York,Vintage Cars,Hybrid,Government,Dealer,Prime Motors,Ananya,7,80666.22,564663.57,12.5,70582.95,494080.62,374140.56,119940.07,24.28,18.0,88934.51,23868.3,1,5.0,8,Finance
ORD202400994,2025-08-27 13:53:29.674728936,2025,8,Q3,Singapore,Madrid,Trains,Electric,Retail,Dealer,Global Auto,Sofia,7,43829.42,306805.91,8.3,25464.89,281341.02,249005.19,32335.83,11.49,8.0,22507.28,10404.94,1,3.6,15,Credit Card
ORD202400995,2025-08-28 04:30:13.511259376,2025,8,Q3,UK,Helsinki,Trains,Electric,Retail,Dealer,Prime Motors,Rahul,1,66221.21,66221.21,14.8,9800.74,56420.47,44060.55,12359.93,21.91,10.0,5642.05,1187.28,0,3.4,10,Credit Card
ORD202400996,2025-08-28 19:06:57.347789824,2025,8,Q3,Spain,Zurich,Trucks and Buses,Petrol,Corporate,Dealer,Global Auto,Meera,5,74265.94,371329.72,12.3,45673.56,325656.17,226070.65,99585.51,30.58,8.0,26052.49,11003.48,0,4.4,5,UPI
ORD202400997,2025-08-29 09:43:41.184320264,2025,8,Q3,India,Oslo,Vintage Cars,Diesel,Retail,Distributor,Elite Cars,Vikram,11,62308.23,685390.5,0.0,0.0,685390.5,568640.45,116750.05,17.03,12.0,82246.86,23461.95,0,4.8,7,Finance
ORD202400998,2025-08-30 00:20:25.020850704,2025,8,Q3,Australia,Tokyo,Classic Cars,Hybrid,Government,Distributor,AutoMax,Rahul,14,43778.09,612893.25,0.6,3677.36,609215.89,455999.84,153216.06,25.15,18.0,109658.86,31852.52,1,4.5,4,Cash
ORD202400999,2025-08-30 14:57:08.857381144,2025,8,Q3,Germany,Mumbai,Classic Cars,Petrol,Government,Direct Sales,City Motors,Sneha,13,102595.06,1333735.74,0.7,9336.15,1324399.59,935697.27,388702.32,29.35,12.0,158927.95,64186.54,1,4.8,8,Finance
ORD202401000,2025-08-31 05:33:52.693911592,2025,8,Q3,Denmark,Tokyo,Ships,Diesel,Fleet,Online,Speed Wheels,Priya,9,67931.96,611387.63,10.9,66641.25,544746.38,441688.49,103057.89,18.92,10.0,54474.64,15443.74,1,4.4,3,Finance
ORD202401001,2025-08-31 20:10:36.530442032,2025,8,Q3,Norway,Mumbai,Trucks and Buses,Petrol,Corporate,Dealer,City Motors,Rahul,12,53322.62,639871.45,13.3,85102.9,554768.55,485213.96,69554.59,12.54,18.0,99858.34,20450.3,1,5.0,3,Credit Card
ORD202401002,2025-09-01 10:47:20.366972472,2025,9,Q3,Denmark,Toronto,Trains,Hybrid,Retail,Dealer,AutoMax,Ananya,6,41384.59,248307.52,17.7,43950.43,204357.09,151798.8,52558.29,25.72,10.0,20435.71,8905.88,0,3.5,5,Cash
ORD202401003,2025-09-02 01:24:04.203502912,2025,9,Q3,Finland,Helsinki,Classic Cars,Diesel,Government,Dealer,City Motors,Arun,8,43020.37,344162.93,5.7,19617.29,324545.64,279351.96,45193.68,13.93,10.0,32454.56,10832.48,0,5.0,4,Cash
ORD202401004,2025-09-02 16:00:48.040033360,2025,9,Q3,UK,Copenhagen,Vintage Cars,Electric,Government,Dealer,AutoMax,Sneha,8,52435.42,419483.39,12.7,53274.39,366209.0,263280.08,102928.91,28.11,18.0,65917.62,14705.01,1,4.1,8,Cash
ORD202401005,2025-09-03 06:37:31.876563800,2025,9,Q3,Germany,Madrid,Vintage Cars,Hybrid,Retail,Online,Speed Wheels,Karthik,8,45799.16,366393.3,0.7,2564.75,363828.54,307909.57,55918.98,15.37,5.0,18191.43,12357.8,0,3.9,14,Finance
ORD202401006,2025-09-03 21:14:15.713094240,2025,9,Q3,Japan,Madrid,Motorcycles,Diesel,Corporate,Dealer,Prime Motors,Sneha,3,24598.89,73796.68,17.7,13062.01,60734.66,48789.32,11945.35,19.67,18.0,10932.24,2403.75,1,3.5,12,UPI
ORD202401007,2025-09-04 11:50:59.549624680,2025,9,Q3,Japan,Stockholm,Vintage Cars,Hybrid,Retail,Direct Sales,AutoMax,Priya,3,41241.71,123725.13,7.4,9155.66,114569.47,79366.72,35202.75,30.73,8.0,9165.56,6192.56,0,4.0,4,Bank Transfer
ORD202401008,2025-09-05 02:27:43.386155128,2025,9,Q3,Philippines,Paris,Trucks and Buses,Petrol,Retail,Distributor,City Motors,Sofia,15,54328.88,814933.13,3.7,30152.53,784780.61,646813.08,137967.53,17.58,5.0,39239.03,40090.99,1,3.8,8,Finance
ORD202401009,2025-09-05 17:04:27.222685568,2025,9,Q3,Austria,London,Trucks and Buses,Electric,Retail,Distributor,Global Auto,Vikram,2,44522.19,89044.38,3.7,3294.64,85749.74,69757.59,15992.15,18.65,12.0,10289.97,2924.65,0,4.1,15,UPI
ORD202401010,2025-09-06 07:41:11.059216008,2025,9,Q3,Switzerland,Sydney,Classic Cars,Electric,Retail,Dealer,Elite Cars,Ananya,11,64202.24,706224.61,12.2,86159.4,620065.2,438012.85,182052.35,29.36,12.0,74407.82,15441.29,0,3.9,14,Finance
ORD202401011,2025-09-06 22:17:54.895746448,2025,9,Q3,USA,New York,Ships,Hybrid,Retail,Online,Speed Wheels,Sneha,6,187873.15,1127238.87,9.2,103705.98,1023532.9,712905.47,310627.42,30.35,12.0,122823.95,23109.12,0,4.4,14,Credit Card
ORD202401012,2025-09-07 12:54:38.732276896,2025,9,Q3,Spain,Oslo,Vintage Cars,Diesel,Retail,Dealer,Elite Cars,Sofia,12,35342.72,424112.67,12.9,54710.53,369402.13,324236.71,45165.43,12.23,5.0,18470.11,12216.99,0,3.5,8,Credit Card
ORD202401013,2025-09-08 03:31:22.568807336,2025,9,Q3,USA,Berlin,Classic Cars,Diesel,Fleet,Dealer,Global Auto,Arun,11,118132.22,1299454.46,0.3,3898.36,1295556.1,1038335.28,257220.82,19.85,8.0,103644.49,23273.32,0,4.0,3,Bank Transfer
ORD202401014,2025-09-08 18:08:06.405337776,2025,9,Q3,Denmark,Zurich,Vintage Cars,Diesel,Corporate,Direct Sales,Global Auto,Vikram,13,26819.7,348656.04,1.8,6275.81,342380.23,260314.66,82065.57,23.97,18.0,61628.44,15508.28,0,4.0,7,Credit Card
ORD202401015,2025-09-09 08:44:50.241868216,2025,9,Q3,Singapore,Tokyo,Motorcycles,Hybrid,Fleet,Direct Sales,Global Auto,Ananya,15,17742.08,266131.26,5.5,14637.22,251494.04,219593.58,31900.46,12.68,10.0,25149.4,5280.03,1,4.5,2,Cash
ORD202401016,2025-09-09 23:21:34.078398664,2025,9,Q3,Switzerland,Tokyo,Planes,Diesel,Government,Direct Sales,Elite Cars,Vikram,6,81910.6,491463.57,12.3,60450.02,431013.55,368633.15,62380.4,14.47,18.0,77582.44,22012.82,1,3.8,7,Finance
ORD202401017,2025-09-10 13:58:17.914929104,2025,9,Q3,Belgium,Singapore,Classic Cars,Diesel,Corporate,Online,Prime Motors,Karthik,8,37549.8,300398.39,9.5,28537.85,271860.54,199422.49,72438.05,26.65,5.0,13593.03,9402.51,0,5.0,7,Bank Transfer
ORD202401018,2025-09-11 04:35:01.751459544,2025,9,Q3,Singapore,Zurich,Trucks and Buses,Petrol,Corporate,Direct Sales,Speed Wheels,Daniel,1,43820.03,43820.03,3.0,1314.6,42505.43,29211.22,13294.22,31.28,5.0,2125.27,874.36,0,4.2,3,UPI
ORD202401019,2025-09-11 19:11:45.587989984,2025,9,Q3,USA,Toronto,Classic Cars,Petrol,Government,Distributor,Prime Motors,Sofia,8,86137.76,689102.05,1.3,8958.33,680143.72,574215.33,105928.4,15.57,18.0,122425.87,18768.13,1,4.2,12,Credit Card
ORD202401020,2025-09-12 09:48:29.424520432,2025,9,Q3,Japan,Vienna,Classic Cars,Electric,Government,Direct Sales,Global Auto,Ananya,3,66746.25,200238.76,12.1,24228.89,176009.87,128924.07,47085.8,26.75,10.0,17600.99,3006.49,0,3.9,7,Bank Transfer
ORD202401021,2025-09-13 00:25:13.261050872,2025,9,Q3,UK,Stockholm,Trains,Hybrid,Fleet,Direct Sales,Prime Motors,Priya,5,57296.96,286484.79,4.7,13464.79,273020.01,193872.08,79147.93,28.99,12.0,32762.4,11483.15,0,4.9,6,Credit Card
ORD202401022,2025-09-13 15:01:57.097581312,2025,9,Q3,Finland,Toronto,Planes,Hybrid,Retail,Direct Sales,City Motors,Karthik,3,56010.76,168032.28,15.6,26213.04,141819.24,101692.88,40126.37,28.29,12.0,17018.31,5582.43,0,4.1,11,Finance
ORD202401023,2025-09-14 05:38:40.934111752,2025,9,Q3,Denmark,Paris,Trucks and Buses,Petrol,Retail,Distributor,AutoMax,Sofia,3,42118.85,126356.56,9.1,11498.45,114858.12,86000.23,28857.89,25.12,18.0,20674.46,4566.05,0,3.3,8,Finance
ORD202401024,2025-09-14 20:15:24.770642200,2025,9,Q3,Belgium,Toronto,Classic Cars,Petrol,Government,Dealer,Speed Wheels,Arun,6,48048.53,288291.2,2.3,6630.7,281660.5,231374.32,50286.18,17.85,12.0,33799.26,11106.42,0,4.4,8,Finance
ORD202401025,2025-09-15 10:52:08.607172640,2025,9,Q3,Spain,Helsinki,Vintage Cars,Diesel,Fleet,Distributor,Global Auto,Sneha,13,37711.22,490245.8,5.9,28924.5,461321.3,322811.66,138509.64,30.02,10.0,46132.13,7709.37,0,4.1,15,UPI
ORD202401026,2025-09-16 01:28:52.443703080,2025,9,Q3,India,Stockholm,Vintage Cars,Diesel,Corporate,Direct Sales,Elite Cars,Vikram,9,39772.75,357954.77,13.0,46534.12,311420.65,242021.04,69399.61,22.28,8.0,24913.65,7040.12,0,4.6,9,Cash
ORD202401027,2025-09-16 16:05:36.280233528,2025,9,Q3,Japan,Toronto,Classic Cars,Petrol,Retail,Dealer,Prime Motors,Daniel,6,78847.34,473084.01,0.4,1892.34,471191.68,359364.14,111827.54,23.73,12.0,56543.0,22844.02,0,3.8,7,Finance
ORD202401028,2025-09-17 06:42:20.116763968,2025,9,Q3,Austria,Helsinki,Vintage Cars,Petrol,Corporate,Distributor,Elite Cars,Ananya,6,31153.85,186923.08,0.5,934.62,185988.46,147059.64,38928.82,20.93,18.0,33477.92,3183.48,0,3.0,12,Cash
ORD202401029,2025-09-17 21:19:03.953294408,2025,9,Q3,Japan,Toronto,Classic Cars,Petrol,Retail,Distributor,City Motors,Rahul,9,60282.41,542541.7,17.0,92232.09,450309.61,311558.78,138750.83,30.81,18.0,81055.73,17741.28,0,3.5,13,Credit Card
ORD202401030,2025-09-18 11:55:47.789824848,2025,9,Q3,Belgium,Madrid,Motorcycles,Electric,Retail,Dealer,Speed Wheels,Rahul,13,15598.82,202784.71,0.4,811.14,201973.57,158309.6,43663.97,21.62,8.0,16157.89,4811.35,0,4.4,7,Cash
ORD202401031,2025-09-19 02:32:31.626355296,2025,9,Q3,Finland,London,Classic Cars,Petrol,Retail,Online,Prime Motors,Sofia,7,41030.73,287215.11,0.7,2010.51,285204.6,242977.53,42227.07,14.81,10.0,28520.46,11723.9,0,4.8,12,Bank Transfer
ORD202401032,2025-09-19 17:09:15.462885736,2025,9,Q3,Germany,Mumbai,Trains,Electric,Corporate,Direct Sales,Speed Wheels,Arun,7,58582.05,410074.32,17.1,70122.71,339951.61,290174.26,49777.35,14.64,8.0,27196.13,6169.11,0,3.7,13,UPI
ORD202401033,2025-09-20 07:45:59.299416176,2025,9,Q3,India,Manila,Trains,Petrol,Corporate,Direct Sales,City Motors,Sofia,6,55639.3,333835.77,0.1,333.84,333501.94,294870.72,38631.21,11.58,18.0,60030.35,16440.36,0,4.0,7,Finance
ORD202401034,2025-09-20 22:22:43.135946616,2025,9,Q3,Spain,Berlin,Trucks and Buses,Hybrid,Fleet,Dealer,Elite Cars,Meera,5,66317.28,331586.39,8.8,29179.6,302406.79,270353.51,32053.28,10.6,8.0,24192.54,6978.81,0,3.7,2,Finance
ORD202401035,2025-09-21 12:59:26.972477064,2025,9,Q3,Canada,Paris,Trucks and Buses,Petrol,Retail,Distributor,Global Auto,Ananya,8,73159.67,585277.37,10.3,60283.57,524993.8,388991.32,136002.48,25.91,18.0,94498.88,25698.33,0,4.8,8,Cash
ORD202401036,2025-09-22 03:36:10.809007504,2025,9,Q3,USA,Sydney,Trucks and Buses,Petrol,Retail,Dealer,City Motors,Karthik,3,104690.06,314070.19,11.9,37374.35,276695.84,189243.59,87452.25,31.61,5.0,13834.79,8395.05,0,4.1,14,Credit Card
ORD202401037,2025-09-22 18:12:54.645537944,2025,9,Q3,Switzerland,Manila,Vintage Cars,Petrol,Retail,Distributor,Global Auto,Sneha,8,39473.41,315787.24,0.6,1894.72,313892.52,270465.94,43426.58,13.83,5.0,15694.63,15304.32,0,4.4,8,Cash
ORD202401038,2025-09-23 08:49:38.482068384,2025,9,Q3,Austria,Rome,Classic Cars,Electric,Corporate,Dealer,AutoMax,Vikram,2,42033.26,84066.51,5.9,4959.92,79106.59,69575.44,9531.15,12.05,18.0,14239.19,3790.55,0,3.0,3,Credit Card
ORD202401039,2025-09-23 23:26:22.318598832,2025,9,Q3,India,Toronto,Trains,Petrol,Fleet,Dealer,City Motors,Daniel,5,73136.11,365680.56,15.2,55583.45,310097.12,258868.67,51228.45,16.52,10.0,31009.71,6708.51,0,3.9,10,Credit Card
ORD202401040,2025-09-24 14:03:06.155129272,2025,9,Q3,Spain,New York,Motorcycles,Petrol,Fleet,Direct Sales,Speed Wheels,Ananya,14,21324.58,298544.1,0.3,895.63,297648.46,214217.04,83431.42,28.03,12.0,35717.82,15009.85,0,4.0,5,Bank Transfer
ORD202401041,2025-09-25 04:39:49.991659712,2025,9,Q3,Japan,Tokyo,Trains,Diesel,Retail,Direct Sales,Elite Cars,Rahul,12,64836.81,778041.66,6.2,48238.58,729803.08,531285.9,198517.18,27.2,10.0,72980.31,11165.36,0,4.5,11,Credit Card
ORD202401042,2025-09-25 19:16:33.828190152,2025,9,Q3,Italy,Zurich,Planes,Petrol,Retail,Direct Sales,Global Auto,Sneha,13,131298.92,1706886.02,6.8,116068.25,1590817.77,1293817.45,297000.32,18.67,8.0,127265.42,37700.6,0,4.3,11,UPI
ORD202401043,2025-09-26 09:53:17.664720600,2025,9,Q3,Belgium,Berlin,Trains,Electric,Retail,Dealer,City Motors,Arun,1,42570.18,42570.18,13.5,5746.97,36823.21,31481.24,5341.97,14.51,18.0,6628.18,780.67,0,4.0,5,UPI
ORD202401044,2025-09-27 00:30:01.501251040,2025,9,Q3,USA,Stockholm,Vintage Cars,Petrol,Retail,Dealer,Speed Wheels,Vikram,15,84390.4,1265856.07,2.3,29114.69,1236741.38,1057920.85,178820.54,14.46,5.0,61837.07,45302.99,0,4.8,11,Cash
ORD202401045,2025-09-27 15:06:45.337781480,2025,9,Q3,France,Paris,Planes,Petrol,Retail,Distributor,AutoMax,Meera,15,97242.46,1458636.96,17.2,250885.56,1207751.4,948733.43,259017.97,21.45,18.0,217395.25,60444.86,0,4.4,11,Cash
ORD202401046,2025-09-28 05:43:29.174311920,2025,9,Q3,Spain,Copenhagen,Classic Cars,Hybrid,Retail,Direct Sales,Global Auto,Meera,8,54374.96,434999.65,16.5,71774.94,363224.7,312165.79,51058.92,14.06,18.0,65380.45,19629.83,0,4.8,8,Bank Transfer
ORD202401047,2025-09-28 20:20:13.010842368,2025,9,Q3,Belgium,Toronto,Trains,Electric,Government,Direct Sales,Speed Wheels,Meera,14,39492.37,552893.17,9.7,53630.64,499262.54,375072.95,124189.58,24.87,10.0,49926.25,25360.54,0,4.2,10,Finance
ORD202401048,2025-09-29 10:56:56.847372808,2025,9,Q3,Japan,Singapore,Motorcycles,Petrol,Retail,Dealer,AutoMax,Rahul,15,33135.59,497033.89,13.6,67596.61,429437.28,301219.98,128217.3,29.86,12.0,51532.47,18977.53,1,4.2,8,Credit Card
ORD202401049,2025-09-30 01:33:40.683903248,2025,9,Q3,France,New York,Vintage Cars,Diesel,Corporate,Dealer,AutoMax,Sneha,6,59834.76,359008.57,6.1,21899.52,337109.05,272646.43,64462.62,19.12,12.0,40453.09,5773.24,1,3.5,5,UPI
ORD202401050,2025-09-30 16:10:24.520433688,2025,9,Q3,UK,Madrid,Vintage Cars,Electric,Retail,Dealer,Prime Motors,Sneha,14,49648.46,695078.49,17.4,120943.66,574134.83,410265.78,163869.05,28.54,12.0,68896.18,15807.53,0,4.9,5,UPI
ORD202401051,2025-10-01 06:47:08.356964136,2025,10,Q4,Norway,New York,Motorcycles,Petrol,Corporate,Distributor,Global Auto,Meera,2,12377.69,24755.38,17.3,4282.68,20472.7,17301.64,3171.05,15.49,18.0,3685.09,854.3,0,4.8,11,Cash
ORD202401052,2025-10-01 21:23:52.193494576,2025,10,Q4,Germany,Copenhagen,Trucks and Buses,Hybrid,Corporate,Direct Sales,AutoMax,Arun,2,86615.13,173230.25,6.5,11259.97,161970.29,111247.55,50722.74,31.32,12.0,19436.43,5346.64,0,4.0,11,Finance
ORD202401053,2025-10-02 12:00:36.030025016,2025,10,Q4,Belgium,Mumbai,Trucks and Buses,Hybrid,Retail,Direct Sales,City Motors,Sofia,14,54406.18,761686.54,8.8,67028.42,694658.13,618877.38,75780.75,10.91,10.0,69465.81,25323.16,0,3.6,9,Bank Transfer
ORD202401054,2025-10-03 02:37:19.866555456,2025,10,Q4,Japan,Toronto,Vintage Cars,Diesel,Retail,Dealer,AutoMax,Sofia,6,55835.84,335015.06,8.2,27471.24,307543.83,271217.83,36325.99,11.81,12.0,36905.26,15558.29,0,4.8,15,Credit Card
ORD202401055,2025-10-03 17:14:03.703085904,2025,10,Q4,Denmark,Mumbai,Vintage Cars,Hybrid,Retail,Distributor,Elite Cars,Meera,15,34009.86,510147.88,17.0,86725.14,423422.74,342394.86,81027.89,19.14,12.0,50810.73,8043.09,1,3.6,13,Cash
ORD202401056,2025-10-04 07:50:47.539616344,2025,10,Q4,Denmark,Rome,Classic Cars,Petrol,Retail,Online,Prime Motors,Sofia,11,52629.32,578922.48,9.6,55576.56,523345.92,414120.59,109225.33,20.87,10.0,52334.59,17227.1,0,4.9,12,UPI
ORD202401057,2025-10-04 22:27:31.376146784,2025,10,Q4,UK,Zurich,Vintage Cars,Diesel,Fleet,Online,Speed Wheels,Sneha,3,63451.64,190354.93,14.2,27030.4,163324.53,111113.45,52211.07,31.97,12.0,19598.94,7276.28,0,4.6,7,UPI
ORD202401058,2025-10-05 13:04:15.212677224,2025,10,Q4,UK,Madrid,Trucks and Buses,Petrol,Fleet,Online,Speed Wheels,Meera,14,86871.85,1216205.86,5.6,68107.53,1148098.33,891568.32,256530.01,22.34,12.0,137771.8,34763.77,0,5.0,15,Finance
ORD202401059,2025-10-06 03:40:59.049207672,2025,10,Q4,Switzerland,Toronto,Vintage Cars,Hybrid,Corporate,Dealer,Speed Wheels,Karthik,3,43608.68,130826.04,8.2,10727.74,120098.3,93317.37,26780.94,22.3,12.0,14411.8,2939.77,0,3.7,7,Cash
ORD202401060,2025-10-06 18:17:42.885738112,2025,10,Q4,Finland,Toronto,Motorcycles,Petrol,Corporate,Online,Speed Wheels,Sneha,6,16972.05,101832.31,12.0,12219.88,89612.43,65933.32,23679.11,26.42,12.0,10753.49,4746.27,0,4.3,4,Cash
ORD202401061,2025-10-07 08:54:26.722268552,2025,10,Q4,Japan,Toronto,Planes,Hybrid,Corporate,Direct Sales,City Motors,Priya,10,140889.22,1408892.19,0.3,4226.68,1404665.52,1053489.33,351176.18,25.0,18.0,252839.79,28766.58,0,4.0,7,Cash
ORD202401062,2025-10-07 23:31:10.558798992,2025,10,Q4,UK,Zurich,Ships,Hybrid,Fleet,Distributor,Elite Cars,Meera,11,148744.61,1636190.74,9.4,153801.93,1482388.81,1059879.24,422509.57,28.5,10.0,148238.88,62279.72,0,5.0,3,Bank Transfer
ORD202401063,2025-10-08 14:07:54.395329440,2025,10,Q4,Austria,New York,Trucks and Buses,Hybrid,Retail,Online,City Motors,Meera,12,37599.07,451188.83,8.2,36997.48,414191.35,352478.73,61712.61,14.9,12.0,49702.96,19579.28,0,4.4,12,Cash
ORD202401064,2025-10-09 04:44:38.231859880,2025,10,Q4,Germany,Zurich,Vintage Cars,Diesel,Retail,Online,AutoMax,Priya,15,64522.72,967840.73,17.3,167436.45,800404.28,597308.91,203095.37,25.37,18.0,144072.77,20277.4,0,4.4,3,Cash
ORD202401065,2025-10-09 19:21:22.068390320,2025,10,Q4,Philippines,Mumbai,Classic Cars,Petrol,Fleet,Online,AutoMax,Arun,4,31489.01,125956.04,15.2,19145.32,106810.72,87901.4,18909.32,17.7,18.0,19225.93,4754.82,0,4.6,4,Cash
ORD202401066,2025-10-10 09:58:05.904920760,2025,10,Q4,USA,Mumbai,Trucks and Buses,Electric,Government,Dealer,Global Auto,Priya,11,117134.38,1288478.17,6.6,85039.56,1203438.61,903830.7,299607.91,24.9,10.0,120343.86,61200.67,0,3.6,8,Bank Transfer
ORD202401067,2025-10-11 00:34:49.741451208,2025,10,Q4,USA,Zurich,Ships,Electric,Fleet,Dealer,AutoMax,Sneha,11,115342.63,1268768.93,8.0,101501.51,1167267.42,994736.11,172531.31,14.78,8.0,93381.39,46056.91,0,3.9,2,Cash
ORD202401068,2025-10-11 15:11:33.577981648,2025,10,Q4,Belgium,Paris,Classic Cars,Petrol,Fleet,Distributor,Prime Motors,Priya,4,51640.28,206561.13,8.5,17557.7,189003.43,163295.35,25708.08,13.6,12.0,22680.41,4237.15,0,4.1,7,Bank Transfer
ORD202401069,2025-10-12 05:48:17.414512088,2025,10,Q4,Canada,Vienna,Classic Cars,Petrol,Corporate,Dealer,City Motors,Meera,6,57758.25,346549.51,10.6,36734.25,309815.27,250536.14,59279.12,19.13,12.0,37177.83,15512.33,0,3.9,11,Bank Transfer
ORD202401070,2025-10-12 20:25:01.251042528,2025,10,Q4,Germany,Helsinki,Classic Cars,Electric,Retail,Direct Sales,Elite Cars,Sofia,13,71482.7,929275.07,6.4,59473.6,869801.46,777571.32,92230.15,10.6,10.0,86980.15,28012.98,0,3.9,11,Bank Transfer
ORD202401071,2025-10-13 11:01:45.087572976,2025,10,Q4,Belgium,Mumbai,Trucks and Buses,Petrol,Government,Dealer,Speed Wheels,Sofia,14,59128.18,827794.59,11.1,91885.2,735909.39,556355.94,179553.46,24.4,12.0,88309.13,29472.31,0,3.8,4,UPI
ORD202401072,2025-10-14 01:38:28.924103416,2025,10,Q4,Singapore,Brussels,Motorcycles,Petrol,Retail,Online,Prime Motors,Ananya,12,15017.38,180208.53,0.1,180.21,180028.32,148974.5,31053.82,17.25,10.0,18002.83,5545.28,0,3.9,13,Finance
ORD202401073,2025-10-14 16:15:12.760633856,2025,10,Q4,Germany,Oslo,Vintage Cars,Petrol,Retail,Direct Sales,Global Auto,Sneha,11,68731.15,756042.68,4.7,35534.01,720508.67,501483.41,219025.26,30.4,18.0,129691.56,38490.07,0,3.3,3,UPI
ORD202401074,2025-10-15 06:51:56.597164296,2025,10,Q4,Australia,Copenhagen,Trucks and Buses,Electric,Retail,Online,Prime Motors,Sofia,10,68979.18,689791.83,7.5,51734.39,638057.44,524327.2,113730.24,17.82,12.0,76566.89,17901.83,0,3.4,14,UPI
ORD202401075,2025-10-15 21:28:40.433694744,2025,10,Q4,Norway,Paris,Trucks and Buses,Petrol,Retail,Dealer,Prime Motors,Karthik,14,46838.02,655732.24,12.0,78687.87,577044.37,407173.74,169870.63,29.44,10.0,57704.44,13924.66,0,4.8,15,Cash
ORD202401076,2025-10-16 12:05:24.270225184,2025,10,Q4,Singapore,Copenhagen,Trains,Hybrid,Retail,Distributor,Elite Cars,Daniel,10,37255.05,372550.53,12.7,47313.92,325236.61,230864.21,94372.4,29.02,12.0,39028.39,15727.92,1,4.9,12,Credit Card
ORD202401077,2025-10-17 02:42:08.106755624,2025,10,Q4,Norway,Manila,Trucks and Buses,Petrol,Corporate,Distributor,Elite Cars,Meera,4,53066.56,212266.23,10.9,23137.02,189129.21,136037.35,53091.86,28.07,10.0,18912.92,9641.34,0,4.6,10,Bank Transfer
ORD202401078,2025-10-17 17:18:51.943286064,2025,10,Q4,UK,Sydney,Vintage Cars,Electric,Retail,Online,Prime Motors,Rahul,10,52237.18,522371.85,0.1,522.37,521849.48,446794.25,75055.23,14.38,18.0,93932.91,20503.97,0,3.8,4,Finance
ORD202401079,2025-10-18 07:55:35.779816512,2025,10,Q4,Singapore,Berlin,Classic Cars,Petrol,Retail,Distributor,Prime Motors,Meera,10,55247.46,552474.63,1.6,8839.59,543635.04,402004.15,141630.89,26.05,5.0,27181.75,11213.07,0,3.9,4,Cash
ORD202401080,2025-10-18 22:32:19.616346952,2025,10,Q4,Denmark,London,Vintage Cars,Hybrid,Retail,Direct Sales,Prime Motors,Rahul,9,36317.19,326854.7,16.4,53604.17,273250.53,231493.97,41756.55,15.28,18.0,49185.09,12977.58,0,4.3,13,UPI
ORD202401081,2025-10-19 13:09:03.452877392,2025,10,Q4,Singapore,Zurich,Planes,Petrol,Retail,Direct Sales,AutoMax,Daniel,13,83925.1,1091026.3,1.1,12001.29,1079025.01,863408.93,215616.07,19.98,10.0,107902.5,33457.93,1,4.2,2,Cash
ORD202401082,2025-10-20 03:45:47.289407832,2025,10,Q4,India,Tokyo,Planes,Hybrid,Corporate,Direct Sales,Elite Cars,Sneha,4,165038.06,660152.25,1.8,11882.74,648269.51,530926.34,117343.16,18.1,18.0,116688.51,22407.12,0,3.9,5,Finance
ORD202401083,2025-10-20 18:22:31.125938280,2025,10,Q4,UK,Singapore,Motorcycles,Diesel,Retail,Distributor,Speed Wheels,Vikram,11,28539.24,313931.61,12.5,39241.45,274690.16,228818.18,45871.99,16.7,12.0,32962.82,7450.69,0,3.3,9,Credit Card
ORD202401084,2025-10-21 08:59:14.962468720,2025,10,Q4,Spain,Brussels,Trucks and Buses,Diesel,Government,Dealer,AutoMax,Karthik,1,50909.34,50909.34,14.9,7585.49,43323.85,31433.04,11890.81,27.45,18.0,7798.29,1862.02,1,4.7,11,Finance
ORD202401085,2025-10-21 23:35:58.798999160,2025,10,Q4,UK,Helsinki,Motorcycles,Electric,Retail,Online,City Motors,Ananya,5,25863.95,129319.75,6.9,8923.06,120396.69,93276.01,27120.68,22.53,10.0,12039.67,4261.16,1,3.1,9,Credit Card
ORD202401086,2025-10-22 14:12:42.635529600,2025,10,Q4,USA,Manila,Trucks and Buses,Petrol,Fleet,Online,Speed Wheels,Vikram,8,109356.5,874851.96,6.7,58615.08,816236.88,603786.03,212450.84,26.03,18.0,146922.64,14728.36,1,4.1,2,Credit Card
ORD202401087,2025-10-23 04:49:26.472060048,2025,10,Q4,Australia,Mumbai,Classic Cars,Petrol,Retail,Dealer,City Motors,Meera,13,54552.49,709182.37,2.6,18438.74,690743.63,475008.85,215734.78,31.23,10.0,69074.36,17943.54,0,4.2,2,Cash
ORD202401088,2025-10-23 19:26:10.308590488,2025,10,Q4,France,Madrid,Motorcycles,Diesel,Fleet,Direct Sales,Speed Wheels,Rahul,9,28239.21,254152.89,3.4,8641.2,245511.69,172750.57,72761.13,29.64,18.0,44192.1,7256.18,1,3.7,6,Cash
ORD202401089,2025-10-24 10:02:54.145120928,2025,10,Q4,Singapore,Rome,Trains,Diesel,Fleet,Direct Sales,Global Auto,Ananya,3,34257.4,102772.19,2.0,2055.44,100716.75,77633.25,23083.5,22.92,12.0,12086.01,2646.98,0,3.1,2,UPI
ORD202401090,2025-10-25 00:39:37.981651376,2025,10,Q4,UK,Helsinki,Trucks and Buses,Electric,Retail,Direct Sales,AutoMax,Karthik,12,63343.66,760123.89,17.6,133781.8,626342.08,472216.04,154126.05,24.61,8.0,50107.37,27908.41,0,4.3,9,Cash
ORD202401091,2025-10-25 15:16:21.818181816,2025,10,Q4,Switzerland,Stockholm,Vintage Cars,Diesel,Government,Online,City Motors,Sofia,2,30656.95,61313.9,11.0,6744.53,54569.37,44729.06,9840.31,18.03,18.0,9822.49,2440.5,1,4.3,14,Finance
ORD202401092,2025-10-26 05:53:05.654712256,2025,10,Q4,Spain,Singapore,Trucks and Buses,Petrol,Fleet,Direct Sales,Global Auto,Sneha,14,57350.04,802900.56,14.4,115617.68,687282.88,553154.45,134128.42,19.52,12.0,82473.95,32754.71,0,3.8,2,UPI
ORD202401093,2025-10-26 20:29:49.491242696,2025,10,Q4,USA,Vienna,Classic Cars,Petrol,Corporate,Direct Sales,AutoMax,Rahul,7,97850.82,684955.71,16.4,112332.74,572622.97,399929.27,172693.7,30.16,10.0,57262.3,25991.38,1,4.5,9,Finance
ORD202401094,2025-10-27 11:06:33.327773144,2025,10,Q4,Switzerland,Paris,Trucks and Buses,Diesel,Retail,Dealer,City Motors,Rahul,15,42163.55,632453.24,15.8,99927.61,532525.63,446811.75,85713.88,16.1,5.0,26626.28,11304.66,0,4.5,4,Credit Card
ORD202401095,2025-10-28 01:43:17.164303584,2025,10,Q4,Australia,New York,Trucks and Buses,Hybrid,Retail,Online,Global Auto,Arun,7,45531.58,318721.03,15.3,48764.32,269956.71,234424.56,35532.15,13.16,18.0,48592.21,9565.89,0,4.1,12,Cash
ORD202401096,2025-10-28 16:20:01.000834024,2025,10,Q4,Finland,Helsinki,Classic Cars,Diesel,Government,Direct Sales,Elite Cars,Sofia,15,27960.36,419405.44,8.1,33971.84,385433.6,269310.84,116122.77,30.13,10.0,38543.36,8795.82,1,3.9,3,Finance
ORD202401097,2025-10-29 06:56:44.837364464,2025,10,Q4,France,Brussels,Trucks and Buses,Petrol,Retail,Dealer,Speed Wheels,Priya,3,61137.89,183413.67,13.0,23843.78,159569.89,140007.47,19562.43,12.26,10.0,15956.99,2710.7,1,3.9,15,Credit Card
ORD202401098,2025-10-29 21:33:28.673894912,2025,10,Q4,Japan,Madrid,Vintage Cars,Hybrid,Retail,Direct Sales,Prime Motors,Arun,6,45706.44,274238.65,17.4,47717.53,226521.12,181538.6,44982.53,19.86,10.0,22652.11,11410.52,0,4.7,6,Credit Card
ORD202401099,2025-10-30 12:10:12.510425352,2025,10,Q4,Sweden,Toronto,Classic Cars,Petrol,Fleet,Distributor,Prime Motors,Priya,7,45173.38,316213.67,10.6,33518.65,282695.02,231611.62,51083.4,18.07,18.0,50885.1,11783.19,0,3.9,7,UPI
ORD202401100,2025-10-31 02:46:56.346955792,2025,10,Q4,India,Helsinki,Trucks and Buses,Petrol,Retail,Direct Sales,Elite Cars,Ananya,5,96356.62,481783.12,4.6,22162.02,459621.1,318395.98,141225.12,30.73,12.0,55154.53,15794.83,0,3.7,7,Credit Card
ORD202401101,2025-10-31 17:23:40.183486232,2025,10,Q4,Canada,Rome,Vintage Cars,Electric,Retail,Dealer,Global Auto,Vikram,3,43063.88,129191.65,17.9,23125.31,106066.34,87754.6,18311.74,17.26,10.0,10606.63,3440.5,0,3.0,9,Cash
ORD202401102,2025-11-01 08:00:24.020016680,2025,11,Q4,Australia,Oslo,Trains,Petrol,Fleet,Direct Sales,Elite Cars,Karthik,15,43675.8,655136.93,11.7,76651.02,578485.91,463767.99,114717.92,19.83,12.0,69418.31,17476.7,0,3.7,9,Cash
ORD202401103,2025-11-01 22:37:07.856547120,2025,11,Q4,USA,Oslo,Planes,Petrol,Retail,Online,Elite Cars,Daniel,6,150338.88,902033.27,0.2,1804.07,900229.21,790585.82,109643.39,12.18,8.0,72018.34,44683.43,0,4.8,7,Finance
ORD202401104,2025-11-02 13:13:51.693077560,2025,11,Q4,UK,Sydney,Classic Cars,Petrol,Retail,Direct Sales,City Motors,Arun,8,83693.41,669547.29,10.4,69632.92,599914.37,513849.51,86064.86,14.35,10.0,59991.44,26226.6,0,4.0,13,Bank Transfer
ORD202401105,2025-11-03 03:50:35.529608000,2025,11,Q4,Japan,Stockholm,Classic Cars,Diesel,Retail,Online,Global Auto,Vikram,2,62278.55,124557.1,7.1,8843.55,115713.54,97840.08,17873.46,15.45,12.0,13885.63,3798.48,1,3.7,11,UPI
ORD202401106,2025-11-03 18:27:19.366138448,2025,11,Q4,USA,Madrid,Trucks and Buses,Diesel,Retail,Dealer,City Motors,Arun,5,118864.47,594322.36,10.9,64781.14,529541.22,431076.68,98464.54,18.59,8.0,42363.3,25449.37,0,4.0,4,UPI
ORD202401107,2025-11-04 09:04:03.202668888,2025,11,Q4,Sweden,London,Vintage Cars,Diesel,Retail,Direct Sales,Prime Motors,Ananya,13,29195.46,379541.02,8.1,30742.82,348798.19,287694.63,61103.56,17.52,10.0,34879.82,11852.45,0,4.1,11,Credit Card
ORD202401108,2025-11-04 23:40:47.039199328,2025,11,Q4,India,Sydney,Motorcycles,Petrol,Corporate,Dealer,Elite Cars,Sneha,2,23666.67,47333.35,17.0,8046.67,39286.68,30202.87,9083.81,23.12,12.0,4714.4,1068.55,0,3.6,8,UPI
ORD202401109,2025-11-05 14:17:30.875729768,2025,11,Q4,Sweden,Mumbai,Trains,Electric,Retail,Dealer,Global Auto,Rahul,6,46612.15,279672.92,12.3,34399.77,245273.15,200394.25,44878.9,18.3,18.0,44149.17,4900.39,1,3.9,8,Credit Card
ORD202401110,2025-11-06 04:54:14.712260216,2025,11,Q4,Germany,Stockholm,Vintage Cars,Petrol,Retail,Direct Sales,Speed Wheels,Sneha,2,62713.34,125426.68,1.0,1254.27,124172.41,84586.17,39586.24,31.88,18.0,22351.03,5316.64,0,4.9,12,Cash
ORD202401111,2025-11-06 19:30:58.548790656,2025,11,Q4,India,Manila,Trains,Hybrid,Government,Direct Sales,Prime Motors,Ananya,9,45948.12,413533.07,7.6,31428.51,382104.56,327352.24,54752.31,14.33,10.0,38210.46,6969.26,0,3.8,11,Finance
ORD202401112,2025-11-07 10:07:42.385321096,2025,11,Q4,Spain,Paris,Classic Cars,Petrol,Retail,Distributor,Speed Wheels,Vikram,10,53048.93,530489.34,6.9,36603.76,493885.57,405974.62,87910.95,17.8,18.0,88899.4,15087.76,1,5.0,6,Finance
ORD202401113,2025-11-08 00:44:26.221851536,2025,11,Q4,Germany,Singapore,Vintage Cars,Hybrid,Fleet,Distributor,Elite Cars,Sofia,11,75452.73,829980.04,15.1,125326.99,704653.05,532579.12,172073.94,24.42,10.0,70465.31,27189.89,1,3.8,2,Finance
ORD202401114,2025-11-08 15:21:10.058381984,2025,11,Q4,Singapore,Copenhagen,Classic Cars,Diesel,Fleet,Distributor,City Motors,Priya,1,34337.85,34337.85,2.5,858.45,33479.41,28137.37,5342.04,15.96,8.0,2678.35,945.72,1,4.8,10,Bank Transfer
ORD202401115,2025-11-09 05:57:53.894912424,2025,11,Q4,Canada,Vienna,Classic Cars,Hybrid,Government,Dealer,AutoMax,Karthik,5,47997.9,239989.49,1.1,2639.88,237349.61,183508.74,53840.87,22.68,12.0,28481.95,8825.61,0,4.5,14,Finance
ORD202401116,2025-11-09 20:34:37.731442864,2025,11,Q4,UK,Manila,Classic Cars,Diesel,Government,Dealer,AutoMax,Daniel,13,68668.76,892693.86,13.4,119620.98,773072.88,592648.24,180424.64,23.34,12.0,92768.75,26994.6,1,3.3,10,Finance
ORD202401117,2025-11-10 11:11:21.567973304,2025,11,Q4,Germany,Helsinki,Trains,Diesel,Retail,Online,City Motors,Arun,3,76733.44,230200.31,0.4,920.8,229279.51,191249.88,38029.63,16.59,10.0,22927.95,7548.44,1,4.1,15,Bank Transfer
ORD202401118,2025-11-11 01:48:05.404503752,2025,11,Q4,Singapore,Manila,Planes,Petrol,Retail,Dealer,Elite Cars,Priya,12,93104.48,1117253.8,8.8,98318.33,1018935.47,893613.05,125322.42,12.3,12.0,122272.26,24654.74,1,3.9,7,Finance
ORD202401119,2025-11-11 16:24:49.241034192,2025,11,Q4,UK,Zurich,Trucks and Buses,Petrol,Fleet,Direct Sales,Elite Cars,Rahul,4,59563.38,238253.53,12.9,30734.71,207518.82,186278.84,21239.99,10.24,10.0,20751.88,5152.24,0,4.7,15,Finance
ORD202401120,2025-11-12 07:01:33.077564632,2025,11,Q4,Canada,Copenhagen,Motorcycles,Diesel,Fleet,Dealer,Global Auto,Rahul,13,17514.41,227687.35,14.5,33014.67,194672.69,136298.2,58374.49,29.99,10.0,19467.27,5634.54,0,4.3,10,Credit Card
ORD202401121,2025-11-12 21:38:16.914095072,2025,11,Q4,Denmark,Berlin,Trucks and Buses,Petrol,Retail,Dealer,Prime Motors,Sofia,9,57382.13,516439.21,15.0,77465.88,438973.33,394364.43,44608.9,10.16,18.0,79015.2,13087.96,1,3.5,3,Finance
ORD202401122,2025-11-13 12:15:00.750625520,2025,11,Q4,USA,Vienna,Vintage Cars,Petrol,Fleet,Direct Sales,Global Auto,Sneha,14,84850.09,1187901.28,14.7,174621.49,1013279.79,693748.39,319531.4,31.53,12.0,121593.58,34475.0,1,4.3,8,Credit Card
ORD202401123,2025-11-14 02:51:44.587155960,2025,11,Q4,Austria,Rome,Trucks and Buses,Diesel,Retail,Online,Elite Cars,Ananya,8,40110.28,320882.25,1.8,5775.88,315106.37,226048.07,89058.3,28.26,8.0,25208.51,9462.05,0,4.3,2,Bank Transfer
ORD202401124,2025-11-14 17:28:28.423686400,2025,11,Q4,Philippines,Oslo,Trucks and Buses,Electric,Retail,Online,Elite Cars,Ananya,10,48926.79,489267.9,16.0,78282.86,410985.04,339167.92,71817.12,17.47,12.0,49318.2,10999.1,0,4.0,14,Cash
ORD202401125,2025-11-15 08:05:12.260216840,2025,11,Q4,UK,Toronto,Vintage Cars,Petrol,Retail,Direct Sales,Elite Cars,Karthik,9,43162.31,388460.75,12.7,49334.51,339126.23,261173.86,77952.38,22.99,12.0,40695.15,8067.45,0,3.5,13,Finance
ORD202401126,2025-11-15 22:41:56.096747288,2025,11,Q4,Singapore,Stockholm,Planes,Petrol,Retail,Online,Elite Cars,Sneha,6,78700.74,472204.41,8.8,41553.99,430650.42,363463.11,67187.32,15.6,10.0,43065.04,20228.41,0,4.7,10,UPI
ORD202401127,2025-11-16 13:18:39.933277728,2025,11,Q4,Philippines,Paris,Classic Cars,Petrol,Corporate,Direct Sales,Elite Cars,Ananya,2,37674.41,75348.83,15.9,11980.46,63368.36,45372.16,17996.2,28.4,18.0,11406.31,3293.4,0,3.9,13,Cash
ORD202401128,2025-11-17 03:55:23.769808168,2025,11,Q4,Norway,Sydney,Trucks and Buses,Petrol,Retail,Distributor,AutoMax,Karthik,10,37573.07,375730.66,10.1,37948.8,337781.86,265990.79,71791.06,21.25,12.0,40533.82,15186.68,0,4.2,2,Bank Transfer
ORD202401129,2025-11-17 18:32:07.606338608,2025,11,Q4,Norway,Vienna,Trains,Diesel,Retail,Dealer,Speed Wheels,Karthik,13,39904.91,518763.88,11.5,59657.85,459106.04,339226.68,119879.36,26.11,10.0,45910.6,19013.88,0,3.6,12,Cash
ORD202401130,2025-11-18 09:08:51.442869056,2025,11,Q4,Italy,Berlin,Classic Cars,Petrol,Retail,Distributor,Elite Cars,Arun,10,45275.46,452754.58,0.7,3169.28,449585.3,326015.42,123569.89,27.49,10.0,44958.53,20127.21,0,3.9,6,Cash
ORD202401131,2025-11-18 23:45:35.279399496,2025,11,Q4,Italy,Toronto,Vintage Cars,Hybrid,Retail,Direct Sales,City Motors,Sneha,11,34302.08,377322.9,7.6,28676.54,348646.36,253478.79,95167.57,27.3,10.0,34864.64,15980.39,0,4.2,7,UPI
ORD202401132,2025-11-19 14:22:19.115929936,2025,11,Q4,France,London,Classic Cars,Diesel,Fleet,Online,Global Auto,Rahul,10,64775.4,647754.02,5.0,32387.7,615366.32,552962.72,62403.6,10.14,5.0,30768.32,19941.38,1,4.0,7,Bank Transfer
ORD202401133,2025-11-20 04:59:02.952460376,2025,11,Q4,Austria,Vienna,Planes,Petrol,Retail,Dealer,City Motors,Vikram,2,105970.27,211940.54,1.0,2119.41,209821.14,187898.71,21922.43,10.45,18.0,37767.8,5126.99,0,4.1,14,Bank Transfer
ORD202401134,2025-11-20 19:35:46.788990824,2025,11,Q4,Switzerland,Sydney,Classic Cars,Diesel,Retail,Distributor,Elite Cars,Daniel,8,36254.54,290036.31,3.8,11021.38,279014.93,235687.85,43327.08,15.53,12.0,33481.79,15281.08,1,4.9,4,UPI
ORD202401135,2025-11-21 10:12:30.625521264,2025,11,Q4,Belgium,Vienna,Classic Cars,Petrol,Retail,Distributor,Global Auto,Ananya,4,40921.55,163686.2,6.1,9984.86,153701.34,113786.5,39914.84,25.97,18.0,27666.24,2449.22,1,4.3,5,Credit Card
ORD202401136,2025-11-22 00:49:14.462051704,2025,11,Q4,UK,Stockholm,Vintage Cars,Petrol,Retail,Dealer,City Motors,Meera,13,51722.96,672398.44,8.2,55136.67,617261.77,550438.83,66822.93,10.83,18.0,111107.12,16876.59,1,4.9,12,Bank Transfer
ORD202401137,2025-11-22 15:25:58.298582144,2025,11,Q4,Norway,Stockholm,Trucks and Buses,Diesel,Corporate,Online,Prime Motors,Sofia,3,44393.64,133180.92,16.4,21841.67,111339.25,97888.66,13450.59,12.08,10.0,11133.93,4432.72,1,4.7,7,Bank Transfer
ORD202401138,2025-11-23 06:02:42.135112592,2025,11,Q4,Belgium,Zurich,Classic Cars,Electric,Government,Online,AutoMax,Sneha,9,58716.44,528447.94,15.7,82966.33,445481.62,322036.25,123445.37,27.71,18.0,80186.69,13417.87,1,3.8,15,Bank Transfer
ORD202401139,2025-11-23 20:39:25.971643032,2025,11,Q4,Canada,New York,Vintage Cars,Hybrid,Retail,Distributor,AutoMax,Rahul,14,49127.59,687786.28,8.3,57086.26,630700.02,477055.63,153644.4,24.36,18.0,113526.0,22662.06,0,4.5,7,Bank Transfer
ORD202401140,2025-11-24 11:16:09.808173472,2025,11,Q4,Japan,Oslo,Trucks and Buses,Petrol,Government,Dealer,Elite Cars,Sneha,2,91166.13,182332.27,16.5,30084.82,152247.44,122505.52,29741.92,19.54,5.0,7612.37,2568.94,0,4.1,14,UPI
ORD202401141,2025-11-25 01:52:53.644703912,2025,11,Q4,Austria,Tokyo,Vintage Cars,Diesel,Retail,Online,City Motors,Daniel,5,34931.65,174658.24,11.3,19736.38,154921.86,124498.24,30423.62,19.64,18.0,27885.93,5969.07,0,4.4,11,Bank Transfer
ORD202401142,2025-11-25 16:29:37.481234360,2025,11,Q4,Italy,Zurich,Planes,Hybrid,Fleet,Dealer,Elite Cars,Rahul,10,130663.0,1306629.96,6.4,83624.32,1223005.64,885001.36,338004.28,27.64,10.0,122300.56,19954.51,0,4.1,7,Finance
ORD202401143,2025-11-26 07:06:21.317764800,2025,11,Q4,Japan,Madrid,Classic Cars,Diesel,Retail,Online,AutoMax,Priya,8,96167.35,769338.84,14.0,107707.44,661631.4,507151.82,154479.58,23.35,10.0,66163.14,22797.97,0,3.6,4,Bank Transfer
ORD202401144,2025-11-26 21:43:05.154295240,2025,11,Q4,Switzerland,Stockholm,Motorcycles,Diesel,Retail,Online,AutoMax,Meera,2,21788.24,43576.48,10.8,4706.26,38870.22,33221.47,5648.75,14.53,8.0,3109.62,1650.39,1,4.4,10,UPI
ORD202401145,2025-11-27 12:19:48.990825680,2025,11,Q4,UK,Oslo,Trains,Petrol,Retail,Online,Elite Cars,Sofia,15,48834.15,732512.21,2.1,15382.76,717129.45,645292.07,71837.38,10.02,12.0,86055.53,11432.32,0,3.4,9,Finance
ORD202401146,2025-11-28 02:56:32.827356128,2025,11,Q4,UK,Madrid,Classic Cars,Petrol,Retail,Distributor,City Motors,Arun,5,85188.58,425942.92,2.0,8518.86,417424.06,357276.97,60147.09,14.41,10.0,41742.41,12776.85,0,5.0,4,UPI
ORD202401147,2025-11-28 17:33:16.663886568,2025,11,Q4,Denmark,Toronto,Vintage Cars,Hybrid,Retail,Direct Sales,AutoMax,Sofia,2,24673.62,49347.23,11.4,5625.58,43721.65,35244.78,8476.87,19.39,8.0,3497.73,2130.22,0,4.3,2,Credit Card
ORD202401148,2025-11-29 08:10:00.500417008,2025,11,Q4,Australia,Paris,Classic Cars,Electric,Government,Dealer,City Motors,Sofia,1,49661.54,49661.54,5.1,2532.74,47128.8,36527.77,10601.03,22.49,10.0,4712.88,1119.13,0,3.8,7,UPI
ORD202401149,2025-11-29 22:46:44.336947448,2025,11,Q4,Finland,Brussels,Classic Cars,Diesel,Retail,Direct Sales,Speed Wheels,Karthik,6,39860.01,239160.09,13.9,33243.25,205916.83,170769.51,35147.32,17.07,5.0,10295.84,6422.83,0,4.9,14,Credit Card
ORD202401150,2025-11-30 13:23:28.173477896,2025,11,Q4,Spain,Paris,Classic Cars,Diesel,Corporate,Direct Sales,Prime Motors,Sneha,10,51061.12,510611.19,17.9,91399.4,419211.78,337456.58,81755.21,19.5,8.0,33536.94,9015.45,1,3.8,12,Credit Card
ORD202401151,2025-12-01 04:00:12.010008336,2025,12,Q4,Denmark,Stockholm,Planes,Electric,Retail,Direct Sales,Global Auto,Sofia,13,80185.37,1042409.75,7.7,80265.55,962144.2,715935.89,246208.31,25.59,5.0,48107.21,15776.18,0,4.3,6,Cash
ORD202401152,2025-12-01 18:36:55.846538776,2025,12,Q4,Japan,Madrid,Planes,Electric,Fleet,Dealer,Speed Wheels,Meera,14,155521.37,2177299.18,1.8,39191.39,2138107.8,1863187.27,274920.52,12.86,18.0,384859.4,112915.09,0,4.2,8,UPI
ORD202401153,2025-12-02 09:13:39.683069216,2025,12,Q4,Japan,Mumbai,Classic Cars,Petrol,Corporate,Direct Sales,City Motors,Daniel,14,85855.48,1201976.67,15.8,189912.31,1012064.36,870007.9,142056.46,14.04,18.0,182171.58,15694.23,0,4.3,14,Credit Card
ORD202401154,2025-12-02 23:50:23.519599664,2025,12,Q4,Italy,Mumbai,Classic Cars,Petrol,Retail,Online,Speed Wheels,Vikram,4,72008.94,288035.74,10.8,31107.86,256927.88,194309.42,62618.46,24.37,18.0,46247.02,4859.39,0,5.0,14,UPI
ORD202401155,2025-12-03 14:27:07.356130104,2025,12,Q4,Germany,Tokyo,Classic Cars,Petrol,Fleet,Dealer,Speed Wheels,Meera,5,102620.23,513101.15,8.0,41048.09,472053.06,375541.61,96511.46,20.45,12.0,56646.37,7531.56,0,4.4,2,Bank Transfer
ORD202401156,2025-12-04 05:03:51.192660544,2025,12,Q4,India,Zurich,Motorcycles,Diesel,Retail,Direct Sales,Prime Motors,Sneha,12,30659.7,367916.37,13.8,50772.46,317143.91,227731.04,89412.87,28.19,10.0,31714.39,7989.97,1,3.5,5,Cash
ORD202401157,2025-12-04 19:40:35.029190992,2025,12,Q4,USA,Helsinki,Trucks and Buses,Petrol,Retail,Direct Sales,Global Auto,Daniel,14,84518.4,1183257.56,8.5,100576.89,1082680.67,793968.89,288711.78,26.67,18.0,194882.52,56571.16,0,3.2,12,Cash
ORD202401158,2025-12-05 10:17:18.865721432,2025,12,Q4,Belgium,Toronto,Trucks and Buses,Petrol,Retail,Online,Speed Wheels,Daniel,12,54647.36,655768.26,14.2,93119.09,562649.17,442149.56,120499.61,21.42,10.0,56264.92,30482.93,0,4.1,11,Finance
ORD202401159,2025-12-06 00:54:02.702251872,2025,12,Q4,India,Helsinki,Motorcycles,Electric,Government,Distributor,Global Auto,Priya,15,27407.39,411110.79,9.5,39055.52,372055.26,289681.17,82374.09,22.14,10.0,37205.53,10844.92,0,4.0,8,Bank Transfer
ORD202401160,2025-12-06 15:30:46.538782312,2025,12,Q4,Australia,Tokyo,Trucks and Buses,Hybrid,Corporate,Dealer,Speed Wheels,Karthik,1,72021.25,72021.25,11.4,8210.42,63810.83,51201.8,12609.02,19.76,10.0,6381.08,2905.52,0,3.3,4,Bank Transfer
ORD202401161,2025-12-07 06:07:30.375312760,2025,12,Q4,Philippines,Paris,Trucks and Buses,Petrol,Retail,Dealer,AutoMax,Sofia,4,51530.48,206121.9,9.5,19581.58,186540.32,152589.26,33951.06,18.2,8.0,14923.23,6022.79,1,4.5,11,Finance
ORD202401162,2025-12-07 20:44:14.211843200,2025,12,Q4,France,Brussels,Classic Cars,Hybrid,Retail,Distributor,AutoMax,Meera,12,80291.44,963497.34,11.1,106948.2,856549.13,607927.32,248621.81,29.03,12.0,102785.9,45957.6,0,3.5,6,Bank Transfer
ORD202401163,2025-12-08 11:20:58.048373640,2025,12,Q4,UK,Singapore,Trucks and Buses,Hybrid,Retail,Online,Elite Cars,Priya,3,76911.4,230734.21,6.1,14074.79,216659.42,184241.0,32418.42,14.96,10.0,21665.94,9148.69,0,4.6,15,Bank Transfer
ORD202401164,2025-12-09 01:57:41.884904080,2025,12,Q4,Belgium,Oslo,Motorcycles,Electric,Retail,Direct Sales,Speed Wheels,Karthik,4,18079.54,72318.15,6.2,4483.73,67834.43,59302.49,8531.94,12.58,18.0,12210.2,3643.31,0,3.6,8,Cash
ORD202401165,2025-12-09 16:34:25.721434528,2025,12,Q4,Austria,Paris,Vintage Cars,Hybrid,Retail,Online,Speed Wheels,Karthik,14,31792.08,445089.1,7.3,32491.5,412597.6,315163.59,97434.0,23.61,18.0,74267.57,6442.64,0,3.7,12,Cash
ORD202401166,2025-12-10 07:11:09.557964968,2025,12,Q4,Canada,Stockholm,Ships,Electric,Fleet,Distributor,Elite Cars,Sneha,13,75697.23,984064.04,5.6,55107.59,928956.46,771324.5,157631.95,16.97,18.0,167212.16,45500.97,0,4.5,5,UPI
ORD202401167,2025-12-10 21:47:53.394495408,2025,12,Q4,Italy,Oslo,Classic Cars,Petrol,Retail,Dealer,Global Auto,Karthik,14,69460.57,972448.01,7.7,74878.5,897569.51,803056.42,94513.09,10.53,5.0,44878.48,48829.06,0,3.8,2,UPI
ORD202401168,2025-12-11 12:24:37.231025848,2025,12,Q4,Philippines,New York,Trains,Electric,Retail,Dealer,City Motors,Vikram,13,26252.47,341282.12,16.3,55628.99,285653.13,235081.4,50571.73,17.7,10.0,28565.31,5562.35,1,3.4,6,UPI
ORD202401169,2025-12-12 03:01:21.067556296,2025,12,Q4,Canada,Paris,Vintage Cars,Electric,Fleet,Dealer,Speed Wheels,Priya,7,41337.26,289360.79,1.9,5497.86,283862.94,224057.93,59805.01,21.07,5.0,14193.15,12253.51,0,4.5,10,UPI
ORD202401170,2025-12-12 17:38:04.904086736,2025,12,Q4,France,Berlin,Vintage Cars,Diesel,Fleet,Online,Prime Motors,Vikram,7,46248.87,323742.09,16.4,53093.7,270648.39,215141.45,55506.94,20.51,10.0,27064.84,11226.5,0,3.5,11,Credit Card
ORD202401171,2025-12-13 08:14:48.740617176,2025,12,Q4,Germany,Helsinki,Classic Cars,Diesel,Retail,Distributor,AutoMax,Priya,12,72701.62,872419.45,8.7,75900.49,796518.96,643762.24,152756.71,19.18,8.0,63721.52,33486.66,0,4.1,12,Bank Transfer
ORD202401172,2025-12-13 22:51:32.577147616,2025,12,Q4,Belgium,Stockholm,Classic Cars,Petrol,Retail,Online,City Motors,Daniel,15,35197.63,527964.49,3.2,16894.86,511069.62,360412.81,150656.81,29.48,10.0,51106.96,17868.88,1,3.9,7,Finance
ORD202401173,2025-12-14 13:28:16.413678064,2025,12,Q4,Belgium,Berlin,Trucks and Buses,Diesel,Fleet,Dealer,Prime Motors,Priya,3,63566.29,190698.86,13.8,26316.44,164382.42,139341.03,25041.39,15.23,10.0,16438.24,3140.81,0,4.2,4,Cash
ORD202401174,2025-12-15 04:05:00.250208504,2025,12,Q4,Finland,Tokyo,Trucks and Buses,Petrol,Retail,Direct Sales,Prime Motors,Vikram,15,38726.5,580897.43,0.0,0.0,580897.43,442461.43,138436.0,23.83,8.0,46471.79,18165.16,0,4.6,13,UPI
ORD202401175,2025-12-15 18:41:44.086738944,2025,12,Q4,Spain,Berlin,Trucks and Buses,Diesel,Retail,Direct Sales,Elite Cars,Karthik,4,71962.94,287851.75,14.0,40299.24,247552.5,217657.87,29894.63,12.08,12.0,29706.3,5916.82,0,3.5,3,Finance
ORD202401176,2025-12-16 09:18:27.923269384,2025,12,Q4,UK,Rome,Trains,Electric,Corporate,Direct Sales,AutoMax,Karthik,12,55681.34,668176.06,0.6,4009.06,664167.0,473719.19,190447.81,28.67,12.0,79700.04,34384.16,0,3.2,3,UPI
ORD202401177,2025-12-16 23:55:11.759799832,2025,12,Q4,Italy,Toronto,Trains,Petrol,Retail,Dealer,City Motors,Sofia,8,38447.61,307580.84,11.2,34449.05,273131.79,204889.48,68242.31,24.99,18.0,49163.72,14682.14,0,5.0,14,Cash
ORD202401178,2025-12-17 14:31:55.596330272,2025,12,Q4,Denmark,Manila,Trucks and Buses,Hybrid,Corporate,Distributor,City Motors,Arun,3,38707.81,116123.42,14.5,16837.9,99285.53,69158.92,30126.6,30.34,18.0,17871.39,4039.21,0,4.9,13,Cash
ORD202401179,2025-12-18 05:08:39.432860712,2025,12,Q4,Norway,Berlin,Vintage Cars,Electric,Fleet,Direct Sales,Global Auto,Sneha,8,35825.09,286600.7,2.0,5732.01,280868.69,216416.11,64452.57,22.95,18.0,50556.36,13384.41,1,3.3,5,Finance
ORD202401180,2025-12-18 19:45:23.269391152,2025,12,Q4,Belgium,Paris,Trucks and Buses,Diesel,Retail,Online,Global Auto,Daniel,11,68388.59,752274.46,4.9,36861.45,715413.01,519786.19,195626.82,27.34,18.0,128774.34,20523.05,0,4.0,9,Finance
ORD202401181,2025-12-19 10:22:07.105921600,2025,12,Q4,Italy,Rome,Trains,Electric,Retail,Distributor,Global Auto,Arun,2,37617.48,75234.96,11.9,8952.96,66282.0,59461.45,6820.55,10.29,12.0,7953.84,3006.55,1,4.0,14,Finance
ORD202401182,2025-12-20 00:58:50.942452040,2025,12,Q4,France,Oslo,Motorcycles,Diesel,Fleet,Direct Sales,Speed Wheels,Karthik,14,21356.1,298985.4,9.8,29300.57,269684.83,216430.45,53254.39,19.75,18.0,48543.27,8440.76,0,3.1,6,Credit Card
ORD202401183,2025-12-20 15:35:34.778982480,2025,12,Q4,Italy,Manila,Motorcycles,Diesel,Retail,Distributor,Prime Motors,Vikram,12,25434.59,305215.1,0.2,610.43,304604.67,231423.39,73181.28,24.03,12.0,36552.56,9493.96,0,3.4,11,Bank Transfer
ORD202401184,2025-12-21 06:12:18.615512920,2025,12,Q4,Belgium,Berlin,Trains,Electric,Retail,Dealer,City Motors,Daniel,7,34212.67,239488.68,0.9,2155.4,237333.28,181819.74,55513.54,23.39,12.0,28479.99,4934.33,0,4.5,9,UPI
ORD202401185,2025-12-21 20:49:02.452043368,2025,12,Q4,UK,Zurich,Classic Cars,Petrol,Retail,Dealer,Prime Motors,Sneha,6,73308.47,439850.8,1.5,6597.76,433253.03,334331.93,98921.1,22.83,12.0,51990.36,20097.06,0,4.0,9,Bank Transfer
ORD202401186,2025-12-22 11:25:46.288573808,2025,12,Q4,Canada,Singapore,Classic Cars,Petrol,Retail,Online,Speed Wheels,Arun,5,71284.75,356423.73,10.1,35998.8,320424.94,239750.04,80674.89,25.18,5.0,16021.25,10784.33,0,4.7,14,UPI
ORD202401187,2025-12-23 02:02:30.125104248,2025,12,Q4,Australia,Toronto,Classic Cars,Diesel,Corporate,Dealer,City Motors,Priya,11,54967.7,604644.69,3.4,20557.92,584086.77,494850.77,89236.0,15.28,18.0,105135.62,28315.07,1,4.4,10,Finance
ORD202401188,2025-12-23 16:39:13.961634688,2025,12,Q4,USA,Madrid,Classic Cars,Petrol,Fleet,Online,Prime Motors,Priya,7,108671.56,760700.9,8.1,61616.77,699084.13,534364.73,164719.4,23.56,10.0,69908.41,14734.28,0,3.6,15,Credit Card
ORD202401189,2025-12-24 07:15:57.798165136,2025,12,Q4,UK,Helsinki,Classic Cars,Diesel,Retail,Direct Sales,Speed Wheels,Ananya,8,78271.4,626171.19,0.1,626.17,625545.02,430971.48,194573.54,31.1,5.0,31277.25,9899.59,0,4.1,9,Cash
ORD202401190,2025-12-24 21:52:41.634695576,2025,12,Q4,Spain,Berlin,Classic Cars,Diesel,Retail,Dealer,Prime Motors,Priya,13,47245.44,614190.69,3.0,18425.72,595764.97,466667.22,129097.75,21.67,8.0,47661.2,9230.27,0,4.4,14,Cash
ORD202401191,2025-12-25 12:29:25.471226016,2025,12,Q4,Germany,Rome,Classic Cars,Petrol,Retail,Distributor,City Motors,Ananya,4,63863.1,255452.41,15.1,38573.31,216879.1,179410.53,37468.57,17.28,18.0,39038.24,7358.83,0,5.0,7,Bank Transfer
ORD202401192,2025-12-26 03:06:09.307756456,2025,12,Q4,India,Sydney,Motorcycles,Petrol,Government,Distributor,City Motors,Daniel,10,32120.36,321203.56,1.9,6102.87,315100.69,221949.97,93150.72,29.56,8.0,25208.06,9201.06,0,4.4,12,Cash
ORD202401193,2025-12-26 17:42:53.144286904,2025,12,Q4,Canada,Helsinki,Vintage Cars,Diesel,Retail,Direct Sales,Elite Cars,Daniel,11,45532.57,500858.24,4.9,24542.05,476316.19,418614.39,57701.79,12.11,18.0,85736.91,13351.53,0,3.3,8,Cash
ORD202401194,2025-12-27 08:19:36.980817344,2025,12,Q4,Italy,Toronto,Classic Cars,Diesel,Retail,Distributor,Global Auto,Daniel,9,51415.29,462737.59,4.8,22211.4,440526.18,307136.23,133389.96,30.28,18.0,79294.71,19009.3,0,5.0,6,Bank Transfer
ORD202401195,2025-12-27 22:56:20.817347784,2025,12,Q4,Finland,Stockholm,Classic Cars,Hybrid,Retail,Dealer,Elite Cars,Priya,10,36290.81,362908.1,13.0,47178.05,315730.04,276154.01,39576.03,12.53,8.0,25258.4,11826.55,0,3.2,14,Bank Transfer
ORD202401196,2025-12-28 13:33:04.653878224,2025,12,Q4,Norway,Berlin,Motorcycles,Petrol,Retail,Online,AutoMax,Rahul,2,17554.49,35108.98,7.8,2738.5,32370.48,25708.69,6661.79,20.58,10.0,3237.05,1093.78,1,4.3,2,Cash
ORD202401197,2025-12-29 04:09:48.490408672,2025,12,Q4,Philippines,Paris,Trucks and Buses,Petrol,Retail,Dealer,Elite Cars,Daniel,2,55760.91,111521.82,2.8,3122.61,108399.21,85497.25,22901.96,21.13,18.0,19511.86,5861.6,0,3.7,11,Credit Card
ORD202401198,2025-12-29 18:46:32.326939112,2025,12,Q4,Finland,Sydney,Classic Cars,Petrol,Fleet,Distributor,Speed Wheels,Daniel,3,32232.13,96696.4,17.8,17211.96,79484.44,70615.31,8869.13,11.16,10.0,7948.44,2900.48,0,4.3,10,Finance
ORD202401199,2025-12-30 09:23:16.163469552,2025,12,Q4,Germany,Berlin,Planes,Petrol,Government,Dealer,Elite Cars,Arun,1,188976.15,188976.15,5.5,10393.69,178582.46,147066.99,31515.47,17.65,5.0,8929.12,9465.04,0,3.3,6,Bank Transfer
ORD202401200,2025-12-31 00:00:00.000000000,2025,12,Q4,Belgium,Oslo,Vintage Cars,Diesel,Retail,Distributor,Speed Wheels,Arun,13,30572.73,397445.47,8.5,33782.87,363662.61,299960.98,63701.63,17.52,5.0,18183.13,19713.45,0,3.8,2,Bank Transfer
