Order_ID,Order_Date,Year,Month,Quarter,Country,City,Product,Fuel_Type,Customer_Segment,Sales_Channel,Dealer,Salesperson,Quantity,Unit_Price,Gross_Sales,Discount_Pct,Discount_Amount,Sales,Cost,Profit,Profit_Margin_Pct,Tax_Rate_Pct,Tax,Shipping_Cost,Returns,Customer_Rating,Delivery_Days,Payment_Method
ORD202200001,2022-01-01 00:00:00.000000000,2022,1,Q1,Canada,Toronto,Classic Cars,Petrol,Retail,Dealer,City Motors,Arun,10,73820.0,738200.0,0.6,4429.2,733770.8,551910.97,181859.83,24.78,12.0,88052.5,14108.07,0,3.7,11,UPI
ORD202200002,2022-01-01 14:35:31.776480400,2022,1,Q1,Italy,Berlin,Trains,Petrol,Retail,Direct Sales,Speed Wheels,Sofia,15,55293.72,829405.87,5.3,43958.51,785447.36,544616.21,240831.15,30.66,18.0,141380.53,18745.46,0,4.1,5,Credit Card
ORD202200003,2022-01-02 05:11:03.552960800,2022,1,Q1,Switzerland,Singapore,Trucks and Buses,Petrol,Corporate,Direct Sales,Prime Motors,Ananya,1,48765.6,48765.6,13.6,6632.12,42133.48,31586.96,10546.52,25.03,10.0,4213.35,2049.47,0,3.7,13,UPI
ORD202200004,2022-01-02 19:46:35.329441201,2022,1,Q1,Switzerland,Rome,Classic Cars,Diesel,Corporate,Online,AutoMax,Daniel,13,48438.16,629696.13,13.3,83749.59,545946.54,424107.57,121838.97,22.32,12.0,65513.59,29161.77,0,3.6,13,Credit Card
ORD202200005,2022-01-03 10:22:07.105921601,2022,1,Q1,Spain,Oslo,Vintage Cars,Diesel,Corporate,Distributor,Elite Cars,Rahul,14,40745.04,570430.55,6.1,34796.26,535634.28,423327.22,112307.06,20.97,12.0,64276.11,24453.39,1,4.0,8,Finance
ORD202200006,2022-01-04 00:57:38.882402001,2022,1,Q1,Sweden,Manila,Ships,Hybrid,Corporate,Online,Prime Motors,Vikram,12,66453.3,797439.57,3.2,25518.07,771921.5,560474.42,211447.08,27.39,5.0,38596.08,34981.61,0,4.3,15,Bank Transfer
ORD202200007,2022-01-04 15:33:10.658882402,2022,1,Q1,UK,London,Classic Cars,Petrol,Corporate,Online,Prime Motors,Sneha,8,93375.37,747002.93,15.4,115038.45,631964.48,509076.59,122887.88,19.45,10.0,63196.45,18695.63,1,4.5,7,Finance
ORD202200008,2022-01-05 06:08:42.435362802,2022,1,Q1,Switzerland,Madrid,Vintage Cars,Petrol,Fleet,Dealer,City Motors,Sneha,2,28380.15,56760.29,15.1,8570.8,48189.49,34825.33,13364.16,27.73,18.0,8674.11,1101.0,1,3.2,14,UPI
ORD202200009,2022-01-05 20:44:14.211843202,2022,1,Q1,USA,Brussels,Vintage Cars,Petrol,Retail,Online,Prime Motors,Vikram,15,75861.43,1137921.51,7.9,89895.8,1048025.71,894763.01,153262.7,14.62,10.0,104802.57,45383.85,1,4.5,12,UPI
ORD202200010,2022-01-06 11:19:45.988323603,2022,1,Q1,Australia,Manila,Ships,Hybrid,Retail,Dealer,Elite Cars,Karthik,11,83066.7,913733.7,13.0,118785.38,794948.32,706461.26,88487.06,11.13,18.0,143090.7,37939.41,0,4.1,14,Finance
ORD202200011,2022-01-07 01:55:17.764804003,2022,1,Q1,USA,Brussels,Classic Cars,Petrol,Retail,Online,Prime Motors,Rahul,6,88987.19,533923.13,16.8,89699.09,444224.04,374737.02,69487.02,15.64,12.0,53306.89,20491.96,0,4.3,9,Credit Card
ORD202200012,2022-01-07 16:30:49.541284403,2022,1,Q1,Australia,Zurich,Trucks and Buses,Petrol,Retail,Online,Elite Cars,Arun,7,49398.36,345788.51,6.9,23859.41,321929.1,275747.97,46181.13,14.35,18.0,57947.24,12955.1,0,3.2,4,UPI
ORD202200013,2022-01-08 07:06:21.317764804,2022,1,Q1,Finland,Zurich,Motorcycles,Electric,Corporate,Distributor,City Motors,Arun,10,10420.04,104200.35,10.6,11045.24,93155.11,79759.27,13395.85,14.38,18.0,16767.92,4718.8,0,3.9,6,Cash
ORD202200014,2022-01-08 21:41:53.094245204,2022,1,Q1,Canada,Helsinki,Planes,Electric,Retail,Online,Global Auto,Sofia,6,88097.91,528587.44,12.6,66602.02,461985.42,412896.31,49089.11,10.63,10.0,46198.54,9845.13,0,3.0,9,UPI
ORD202200015,2022-01-09 12:17:24.870725604,2022,1,Q1,Austria,Paris,Classic Cars,Petrol,Fleet,Online,Global Auto,Arun,8,35610.59,284884.71,2.0,5697.69,279187.02,212823.13,66363.88,23.77,8.0,22334.96,11687.81,0,4.3,3,Credit Card
ORD202200016,2022-01-10 02:52:56.647206005,2022,1,Q1,Italy,Madrid,Trucks and Buses,Diesel,Fleet,Dealer,Global Auto,Daniel,7,85177.76,596244.3,1.9,11328.64,584915.66,440844.78,144070.88,24.63,18.0,105284.82,29436.92,0,4.2,5,Finance
ORD202200017,2022-01-10 17:28:28.423686405,2022,1,Q1,Germany,London,Trains,Diesel,Retail,Dealer,Prime Motors,Priya,2,59381.23,118762.46,1.5,1781.44,116981.02,103635.94,13345.08,11.41,8.0,9358.48,3163.43,0,3.8,8,UPI
ORD202200018,2022-01-11 08:04:00.200166805,2022,1,Q1,Austria,Tokyo,Classic Cars,Petrol,Corporate,Online,City Motors,Arun,12,54364.3,652371.58,17.2,112207.91,540163.67,381077.41,159086.26,29.45,5.0,27008.18,18970.66,0,3.5,9,Cash
ORD202200019,2022-01-11 22:39:31.976647206,2022,1,Q1,Denmark,Madrid,Motorcycles,Petrol,Retail,Online,City Motors,Rahul,11,16776.54,184541.95,0.4,738.17,183803.78,164561.63,19242.15,10.47,5.0,9190.19,5088.23,0,4.2,9,Cash
ORD202200020,2022-01-12 13:15:03.753127606,2022,1,Q1,Singapore,Rome,Vintage Cars,Diesel,Corporate,Online,Global Auto,Priya,9,37918.17,341263.53,6.4,21840.87,319422.66,220758.54,98664.12,30.89,10.0,31942.27,7677.42,0,3.6,10,Bank Transfer
ORD202200021,2022-01-13 03:50:35.529608006,2022,1,Q1,Finland,New York,Trucks and Buses,Petrol,Corporate,Dealer,City Motors,Rahul,12,31529.9,378358.74,17.4,65834.42,312524.32,213597.23,98927.09,31.65,18.0,56254.38,6551.11,0,3.2,13,Credit Card
ORD202200022,2022-01-13 18:26:07.306088407,2022,1,Q1,Finland,Helsinki,Planes,Electric,Retail,Online,AutoMax,Meera,5,69421.9,347109.51,0.3,1041.33,346068.18,291870.57,54197.6,15.66,12.0,41528.18,12683.79,0,4.0,11,Credit Card
ORD202200023,2022-01-14 09:01:39.082568807,2022,1,Q1,Singapore,Stockholm,Classic Cars,Hybrid,Corporate,Online,City Motors,Daniel,6,40949.12,245694.71,3.0,7370.84,238323.87,214329.96,23993.91,10.07,10.0,23832.39,3626.27,0,4.6,2,Finance
ORD202200024,2022-01-14 23:37:10.859049207,2022,1,Q1,Italy,Manila,Trains,Diesel,Retail,Dealer,Prime Motors,Karthik,10,52652.81,526528.09,4.3,22640.71,503887.38,447732.85,56154.54,11.14,10.0,50388.74,21113.17,0,3.8,6,Credit Card
ORD202200025,2022-01-15 14:12:42.635529608,2022,1,Q1,Japan,Tokyo,Vintage Cars,Electric,Retail,Online,Elite Cars,Rahul,10,50609.68,506096.77,6.5,32896.29,473200.48,379495.85,93704.63,19.8,12.0,56784.06,13904.8,0,3.4,15,UPI
ORD202200026,2022-01-16 04:48:14.412010008,2022,1,Q1,USA,Toronto,Vintage Cars,Electric,Retail,Dealer,Prime Motors,Karthik,4,86435.77,345743.1,11.6,40106.2,305636.9,238411.85,67225.05,22.0,8.0,24450.95,8895.47,1,4.2,3,UPI
ORD202200027,2022-01-16 19:23:46.188490408,2022,1,Q1,Finland,Vienna,Vintage Cars,Diesel,Retail,Dealer,Prime Motors,Ananya,6,23263.9,139583.4,10.1,14097.92,125485.48,108695.3,16790.18,13.38,12.0,15058.26,6714.95,0,5.0,11,Bank Transfer
ORD202200028,2022-01-17 09:59:17.964970809,2022,1,Q1,France,Berlin,Motorcycles,Petrol,Retail,Dealer,Global Auto,Meera,8,25082.45,200659.57,9.7,19463.98,181195.59,150653.42,30542.17,16.86,18.0,32615.21,4447.79,0,3.5,4,Bank Transfer
ORD202200029,2022-01-18 00:34:49.741451209,2022,1,Q1,Germany,Oslo,Ships,Petrol,Government,Direct Sales,City Motors,Karthik,11,145488.71,1600375.77,8.1,129630.44,1470745.33,1092377.92,378367.42,25.73,8.0,117659.63,57166.07,0,3.8,5,Credit Card
ORD202200030,2022-01-18 15:10:21.517931609,2022,1,Q1,Canada,Mumbai,Classic Cars,Diesel,Retail,Dealer,City Motors,Daniel,5,71958.48,359792.42,16.8,60445.13,299347.3,220320.4,79026.9,26.4,5.0,14967.36,11705.23,0,4.3,6,Bank Transfer
ORD202200031,2022-01-19 05:45:53.294412010,2022,1,Q1,Spain,Berlin,Vintage Cars,Petrol,Retail,Dealer,Prime Motors,Vikram,3,49881.25,149643.75,13.3,19902.62,129741.13,97570.33,32170.81,24.8,18.0,23353.4,6535.75,0,4.8,11,Cash
ORD202200032,2022-01-19 20:21:25.070892410,2022,1,Q1,Singapore,London,Vintage Cars,Petrol,Retail,Dealer,Elite Cars,Rahul,10,33873.54,338735.4,17.1,57923.75,280811.64,194696.76,86114.88,30.67,5.0,14040.58,7955.95,0,5.0,13,Finance
ORD202200033,2022-01-20 10:56:56.847372810,2022,1,Q1,Denmark,Berlin,Ships,Petrol,Retail,Direct Sales,Elite Cars,Vikram,6,78700.73,472204.4,2.3,10860.7,461343.7,390349.68,70994.02,15.39,8.0,36907.5,24755.5,1,3.9,13,Bank Transfer
ORD202200034,2022-01-21 01:32:28.623853211,2022,1,Q1,UK,Toronto,Vintage Cars,Petrol,Retail,Distributor,Speed Wheels,Karthik,2,61282.81,122565.62,5.2,6373.41,116192.21,98619.29,17572.92,15.12,12.0,13943.07,4402.94,0,4.1,12,Finance
ORD202200035,2022-01-21 16:08:00.400333611,2022,1,Q1,France,Stockholm,Classic Cars,Petrol,Fleet,Online,Prime Motors,Sofia,3,59226.44,177679.33,5.3,9417.0,168262.33,150380.18,17882.15,10.63,8.0,13460.99,5742.03,0,3.3,11,Cash
ORD202200036,2022-01-22 06:43:32.176814011,2022,1,Q1,France,Stockholm,Classic Cars,Petrol,Retail,Direct Sales,City Motors,Priya,4,67531.69,270126.77,8.0,21610.14,248516.63,206134.3,42382.33,17.05,18.0,44732.99,12393.18,0,4.2,2,Credit Card
ORD202200037,2022-01-22 21:19:03.953294412,2022,1,Q1,Singapore,Singapore,Vintage Cars,Diesel,Retail,Online,City Motors,Sneha,12,39891.03,478692.4,12.6,60315.24,418377.16,333666.08,84711.08,20.25,10.0,41837.72,15777.71,0,3.6,8,UPI
ORD202200038,2022-01-23 11:54:35.729774812,2022,1,Q1,Italy,Copenhagen,Trucks and Buses,Hybrid,Retail,Dealer,City Motors,Daniel,10,49441.65,494416.54,14.1,69712.73,424703.81,347191.49,77512.32,18.25,5.0,21235.19,12532.78,0,3.6,9,Bank Transfer
ORD202200039,2022-01-24 02:30:07.506255212,2022,1,Q1,USA,Mumbai,Ships,Electric,Fleet,Distributor,Elite Cars,Arun,3,156088.98,468266.95,3.3,15452.81,452814.14,390149.65,62664.49,13.84,10.0,45281.41,17056.26,0,4.5,15,Bank Transfer
ORD202200040,2022-01-24 17:05:39.282735613,2022,1,Q1,Switzerland,London,Vintage Cars,Petrol,Retail,Direct Sales,City Motors,Ananya,10,28236.69,282366.92,17.6,49696.58,232670.35,188975.93,43694.41,18.78,10.0,23267.03,8718.05,0,4.0,9,Cash
ORD202200041,2022-01-25 07:41:11.059216013,2022,1,Q1,Spain,Vienna,Trucks and Buses,Petrol,Retail,Dealer,AutoMax,Vikram,11,51490.21,566392.34,11.1,62869.55,503522.79,371052.34,132470.45,26.31,10.0,50352.28,19604.34,1,3.8,2,Cash
ORD202200042,2022-01-25 22:16:42.835696413,2022,1,Q1,Finland,Oslo,Vintage Cars,Hybrid,Retail,Dealer,Global Auto,Priya,15,24105.0,361575.04,4.0,14463.0,347112.04,274612.73,72499.31,20.89,18.0,62480.17,12040.11,0,3.9,9,UPI
ORD202200043,2022-01-26 12:52:14.612176814,2022,1,Q1,Belgium,Sydney,Classic Cars,Electric,Retail,Direct Sales,Prime Motors,Sofia,8,56163.06,449304.49,10.5,47176.97,402127.52,335561.83,66565.69,16.55,10.0,40212.75,14204.61,1,4.1,6,UPI
ORD202200044,2022-01-27 03:27:46.388657214,2022,1,Q1,Belgium,New York,Trains,Petrol,Government,Distributor,AutoMax,Vikram,11,28204.21,310246.28,8.8,27301.67,282944.61,217896.37,65048.24,22.99,12.0,33953.35,9907.56,0,4.5,5,Cash
ORD202200045,2022-01-27 18:03:18.165137615,2022,1,Q1,Sweden,Oslo,Planes,Diesel,Retail,Direct Sales,Elite Cars,Karthik,10,67687.33,676873.26,14.2,96116.0,580757.25,474946.51,105810.75,18.22,8.0,46460.58,11509.11,1,4.2,13,UPI
ORD202200046,2022-01-28 08:38:49.941618015,2022,1,Q1,Norway,Oslo,Motorcycles,Petrol,Retail,Direct Sales,City Motors,Meera,9,11792.53,106132.8,14.5,15389.26,90743.55,65935.68,24807.87,27.34,5.0,4537.18,3800.46,0,2.9,15,Bank Transfer
ORD202200047,2022-01-28 23:14:21.718098415,2022,1,Q1,Australia,Rome,Planes,Hybrid,Corporate,Distributor,Elite Cars,Vikram,11,121848.07,1340328.73,3.1,41550.19,1298778.54,1133641.43,165137.11,12.71,5.0,64938.93,22704.91,0,5.0,11,Bank Transfer
ORD202200048,2022-01-29 13:49:53.494578816,2022,1,Q1,USA,Rome,Trucks and Buses,Hybrid,Corporate,Dealer,Elite Cars,Rahul,9,82353.19,741178.7,17.1,126741.56,614437.14,530137.3,84299.84,13.72,5.0,30721.86,17525.04,1,4.2,9,UPI
ORD202200049,2022-01-30 04:25:25.271059216,2022,1,Q1,Australia,Zurich,Trains,Electric,Retail,Dealer,Elite Cars,Sneha,6,43909.51,263457.08,14.9,39255.11,224201.98,189232.27,34969.71,15.6,18.0,40356.36,6533.59,0,3.2,4,Credit Card
ORD202200050,2022-01-30 19:00:57.047539616,2022,1,Q1,UK,Singapore,Ships,Diesel,Corporate,Direct Sales,Elite Cars,Daniel,12,146496.36,1757956.3,18.0,316432.13,1441524.16,995123.24,446400.92,30.97,10.0,144152.42,40831.47,1,3.5,10,Finance
ORD202200051,2022-01-31 09:36:28.824020017,2022,1,Q1,Germany,Helsinki,Ships,Hybrid,Retail,Distributor,City Motors,Vikram,8,102017.83,816142.6,11.1,90591.83,725550.78,608041.79,117508.98,16.2,12.0,87066.09,23308.21,0,3.4,12,Bank Transfer
ORD202200052,2022-02-01 00:12:00.600500417,2022,2,Q1,USA,Helsinki,Planes,Diesel,Fleet,Distributor,AutoMax,Ananya,9,193363.71,1740273.36,11.6,201871.71,1538401.65,1332172.94,206228.7,13.41,10.0,153840.16,37390.77,1,4.0,14,Cash
ORD202200053,2022-02-01 14:47:32.376980817,2022,2,Q1,Canada,Rome,Vintage Cars,Hybrid,Government,Online,Prime Motors,Daniel,5,53545.75,267728.74,3.2,8567.32,259161.42,232606.5,26554.92,10.25,12.0,31099.37,6078.83,0,4.4,6,UPI
ORD202200054,2022-02-02 05:23:04.153461218,2022,2,Q1,UK,Vienna,Planes,Petrol,Retail,Direct Sales,Prime Motors,Rahul,6,119629.74,717778.42,4.2,30146.69,687631.73,563758.46,123873.27,18.01,5.0,34381.59,18389.5,1,4.4,9,UPI
ORD202200055,2022-02-02 19:58:35.929941618,2022,2,Q1,Finland,London,Trucks and Buses,Electric,Fleet,Dealer,Prime Motors,Daniel,4,36047.59,144190.36,11.6,16726.08,127464.28,86844.66,40619.63,31.87,5.0,6373.21,6891.65,0,4.3,7,UPI
ORD202200056,2022-02-03 10:34:07.706422018,2022,2,Q1,USA,Copenhagen,Motorcycles,Diesel,Fleet,Distributor,Prime Motors,Priya,2,33268.86,66537.71,6.6,4391.49,62146.23,55257.71,6888.52,11.08,10.0,6214.62,1806.92,1,5.0,10,Finance
ORD202200057,2022-02-04 01:09:39.482902419,2022,2,Q1,Norway,Oslo,Ships,Petrol,Fleet,Dealer,AutoMax,Ananya,2,71105.67,142211.33,14.3,20336.22,121875.11,98892.76,22982.35,18.86,12.0,14625.01,5105.19,0,3.7,14,Bank Transfer
ORD202200058,2022-02-04 15:45:11.259382819,2022,2,Q1,Belgium,London,Vintage Cars,Diesel,Corporate,Dealer,Global Auto,Rahul,10,35589.37,355893.72,14.0,49825.12,306068.6,234202.43,71866.17,23.48,10.0,30606.86,16783.91,0,4.0,7,Finance
ORD202200059,2022-02-05 06:20:43.035863219,2022,2,Q1,Canada,Stockholm,Vintage Cars,Petrol,Retail,Distributor,Speed Wheels,Meera,15,52133.48,782002.18,14.7,114954.32,667047.86,468231.77,198816.09,29.81,10.0,66704.79,24170.92,0,5.0,13,Credit Card
ORD202200060,2022-02-05 20:56:14.812343620,2022,2,Q1,Norway,Zurich,Motorcycles,Diesel,Government,Direct Sales,Global Auto,Daniel,8,13925.01,111400.08,1.0,1114.0,110286.08,96342.89,13943.19,12.64,5.0,5514.3,3749.05,0,4.2,7,Cash
ORD202200061,2022-02-06 11:31:46.588824020,2022,2,Q1,USA,Stockholm,Trucks and Buses,Hybrid,Fleet,Direct Sales,Global Auto,Sneha,3,116520.64,349561.91,13.3,46491.73,303070.17,272675.31,30394.86,10.03,5.0,15153.51,16339.49,0,4.4,6,Cash
ORD202200062,2022-02-07 02:07:18.365304420,2022,2,Q1,Austria,Tokyo,Vintage Cars,Diesel,Fleet,Distributor,Elite Cars,Ananya,2,41000.31,82000.62,5.2,4264.03,77736.59,62040.85,15695.74,20.19,10.0,7773.66,2755.48,0,4.5,3,Credit Card
ORD202200063,2022-02-07 16:42:50.141784821,2022,2,Q1,France,Zurich,Ships,Diesel,Fleet,Direct Sales,Speed Wheels,Sneha,13,88294.17,1147824.22,6.1,70017.28,1077806.95,869121.04,208685.91,19.36,12.0,129336.83,54683.91,0,4.8,11,Bank Transfer
ORD202200064,2022-02-08 07:18:21.918265221,2022,2,Q1,UK,New York,Classic Cars,Petrol,Government,Dealer,Speed Wheels,Rahul,3,62979.0,188936.99,6.5,12280.9,176656.09,151913.27,24742.81,14.01,12.0,21198.73,3049.25,0,3.9,6,UPI
ORD202200065,2022-02-08 21:53:53.694745621,2022,2,Q1,Spain,Oslo,Trucks and Buses,Hybrid,Retail,Distributor,AutoMax,Sneha,10,70664.68,706646.79,15.7,110943.55,595703.24,526644.14,69059.1,11.59,8.0,47656.26,12310.08,0,3.7,15,Credit Card
ORD202200066,2022-02-09 12:29:25.471226022,2022,2,Q1,Spain,Oslo,Classic Cars,Electric,Retail,Dealer,Global Auto,Vikram,1,62594.72,62594.72,11.5,7198.39,55396.32,48847.19,6549.13,11.82,18.0,9971.34,2959.41,0,3.9,2,Bank Transfer
ORD202200067,2022-02-10 03:04:57.247706422,2022,2,Q1,Norway,Mumbai,Motorcycles,Electric,Retail,Direct Sales,Elite Cars,Sofia,15,13685.71,205285.59,4.3,8827.28,196458.31,174370.47,22087.84,11.24,10.0,19645.83,9683.06,0,3.7,2,Finance
ORD202200068,2022-02-10 17:40:29.024186822,2022,2,Q1,Australia,Sydney,Motorcycles,Petrol,Fleet,Dealer,Global Auto,Sneha,13,19195.21,249537.78,10.3,25702.39,223835.39,155457.85,68377.54,30.55,12.0,26860.25,11194.07,1,4.1,5,Finance
ORD202200069,2022-02-11 08:16:00.800667223,2022,2,Q1,Sweden,Sydney,Trucks and Buses,Electric,Government,Dealer,City Motors,Daniel,15,53286.1,799291.55,10.2,81527.74,717763.81,568245.3,149518.51,20.83,12.0,86131.66,37438.98,0,4.0,6,Cash
ORD202200070,2022-02-11 22:51:32.577147623,2022,2,Q1,Austria,New York,Classic Cars,Hybrid,Retail,Online,Elite Cars,Ananya,3,34664.41,103993.23,12.0,12479.19,91514.04,73579.14,17934.9,19.6,12.0,10981.68,4189.53,0,3.3,2,Credit Card
ORD202200071,2022-02-12 13:27:04.353628023,2022,2,Q1,France,Mumbai,Vintage Cars,Petrol,Retail,Dealer,Elite Cars,Daniel,12,50720.08,608640.92,12.1,73645.55,534995.37,449747.83,85247.53,15.93,10.0,53499.54,10866.94,1,4.7,11,Cash
ORD202200072,2022-02-13 04:02:36.130108424,2022,2,Q1,Canada,Berlin,Vintage Cars,Hybrid,Government,Dealer,Prime Motors,Karthik,9,36144.99,325304.95,2.9,9433.84,315871.11,261258.36,54612.75,17.29,18.0,56856.8,12191.25,0,4.5,2,UPI
ORD202200073,2022-02-13 18:38:07.906588824,2022,2,Q1,Spain,Manila,Vintage Cars,Diesel,Retail,Direct Sales,AutoMax,Arun,12,50816.08,609792.97,16.0,97566.88,512226.1,351467.84,160758.26,31.38,18.0,92200.7,8137.21,1,4.7,12,Finance
ORD202200074,2022-02-14 09:13:39.683069224,2022,2,Q1,Denmark,Zurich,Ships,Petrol,Retail,Direct Sales,City Motors,Meera,8,70744.83,565958.61,13.8,78102.29,487856.32,394205.89,93650.43,19.2,5.0,24392.82,18353.0,0,4.1,13,UPI
ORD202200075,2022-02-14 23:49:11.459549625,2022,2,Q1,UK,Manila,Motorcycles,Diesel,Retail,Online,Elite Cars,Vikram,11,23641.77,260059.48,15.6,40569.28,219490.2,155893.11,63597.09,28.97,12.0,26338.82,4175.58,0,4.1,3,Cash
ORD202200076,2022-02-15 14:24:43.236030025,2022,2,Q1,Switzerland,Manila,Classic Cars,Diesel,Retail,Distributor,Speed Wheels,Meera,6,36520.14,219120.83,10.8,23665.05,195455.78,148992.39,46463.39,23.77,10.0,19545.58,8503.04,0,3.4,3,Finance
ORD202200077,2022-02-16 05:00:15.012510425,2022,2,Q1,Denmark,Rome,Trains,Petrol,Fleet,Distributor,Elite Cars,Vikram,14,38110.62,533548.62,2.4,12805.17,520743.45,378201.13,142542.32,27.37,12.0,62489.21,9702.63,0,3.5,10,Credit Card
ORD202200078,2022-02-16 19:35:46.788990826,2022,2,Q1,France,Oslo,Classic Cars,Petrol,Government,Dealer,Speed Wheels,Daniel,13,62858.02,817154.31,2.4,19611.7,797542.61,604407.25,193135.35,24.22,8.0,63803.41,42067.96,1,3.9,13,Cash
ORD202200079,2022-02-17 10:11:18.565471226,2022,2,Q1,Japan,Helsinki,Motorcycles,Petrol,Corporate,Online,Speed Wheels,Vikram,4,19991.31,79965.26,16.7,13354.2,66611.06,56935.92,9675.14,14.52,18.0,11989.99,3281.04,0,3.5,15,Bank Transfer
ORD202200080,2022-02-18 00:46:50.341951626,2022,2,Q1,France,New York,Trucks and Buses,Petrol,Fleet,Direct Sales,City Motors,Arun,7,67660.58,473624.09,7.9,37416.3,436207.79,341675.96,94531.83,21.67,10.0,43620.78,9296.91,0,4.0,8,Credit Card
ORD202200081,2022-02-18 15:22:22.118432027,2022,2,Q1,Canada,Berlin,Motorcycles,Petrol,Retail,Distributor,AutoMax,Ananya,5,25866.44,129332.19,17.4,22503.8,106828.38,80699.03,26129.36,24.46,10.0,10682.84,4586.67,0,3.6,2,UPI
ORD202200082,2022-02-19 05:57:53.894912427,2022,2,Q1,Norway,Stockholm,Vintage Cars,Diesel,Retail,Distributor,Speed Wheels,Vikram,8,22932.64,183461.1,16.5,30271.08,153190.02,132135.48,21054.53,13.74,10.0,15319.0,5123.03,1,4.7,5,Cash
ORD202200083,2022-02-19 20:33:25.671392827,2022,2,Q1,Germany,Copenhagen,Classic Cars,Petrol,Retail,Dealer,Elite Cars,Rahul,12,90119.59,1081435.14,9.9,107062.08,974373.06,869343.56,105029.5,10.78,12.0,116924.77,50102.5,0,3.8,12,Finance
ORD202200084,2022-02-20 11:08:57.447873228,2022,2,Q1,Italy,Singapore,Motorcycles,Petrol,Corporate,Direct Sales,City Motors,Vikram,10,23126.63,231266.32,3.1,7169.26,224097.07,186361.68,37735.38,16.84,10.0,22409.71,10677.88,0,3.9,12,Cash
ORD202200085,2022-02-21 01:44:29.224353628,2022,2,Q1,UK,Oslo,Trucks and Buses,Petrol,Fleet,Online,Global Auto,Sofia,5,98466.09,492330.44,16.2,79757.53,412572.91,341533.26,71039.65,17.22,18.0,74263.12,21876.37,0,3.9,6,Cash
ORD202200086,2022-02-21 16:20:01.000834028,2022,2,Q1,USA,Rome,Classic Cars,Petrol,Retail,Direct Sales,City Motors,Priya,2,79736.49,159472.98,10.9,17382.56,142090.43,124245.7,17844.73,12.56,18.0,25576.28,3515.77,0,4.7,9,Cash
ORD202200087,2022-02-22 06:55:32.777314429,2022,2,Q1,USA,Madrid,Classic Cars,Electric,Government,Online,Prime Motors,Priya,10,116253.23,1162532.3,9.1,105790.44,1056741.86,867409.51,189332.34,17.92,12.0,126809.02,17007.18,0,3.5,3,Finance
ORD202200088,2022-02-22 21:31:04.553794829,2022,2,Q1,Sweden,Copenhagen,Trucks and Buses,Petrol,Corporate,Online,Speed Wheels,Sofia,7,55577.9,389045.29,0.2,778.09,388267.2,295963.57,92303.63,23.77,5.0,19413.36,11282.56,0,3.6,6,Finance
ORD202200089,2022-02-23 12:06:36.330275230,2022,2,Q1,Japan,Sydney,Classic Cars,Diesel,Retail,Distributor,Prime Motors,Priya,9,82585.94,743273.44,1.0,7432.73,735840.71,618307.34,117533.37,15.97,8.0,58867.26,31341.94,0,3.7,5,Bank Transfer
ORD202200090,2022-02-24 02:42:08.106755630,2022,2,Q1,Austria,Copenhagen,Trucks and Buses,Petrol,Retail,Online,Speed Wheels,Sneha,9,45474.54,409270.82,12.0,49112.5,360158.32,288829.21,71329.11,19.8,8.0,28812.67,14298.83,0,3.4,14,Bank Transfer
ORD202200091,2022-02-24 17:17:39.883236030,2022,2,Q1,Belgium,Tokyo,Ships,Hybrid,Corporate,Direct Sales,Elite Cars,Meera,10,78554.01,785540.11,11.1,87194.95,698345.16,500145.12,198200.04,28.38,12.0,83801.42,38220.13,0,3.0,8,Credit Card
ORD202200092,2022-02-25 07:53:11.659716431,2022,2,Q1,Canada,Helsinki,Trains,Hybrid,Corporate,Dealer,City Motors,Vikram,15,34631.38,519470.64,17.4,90387.89,429082.75,345373.7,83709.05,19.51,12.0,51489.93,18328.34,1,4.3,13,Credit Card
ORD202200093,2022-02-25 22:28:43.436196831,2022,2,Q1,Germany,Sydney,Vintage Cars,Petrol,Retail,Online,AutoMax,Karthik,2,43053.51,86107.01,2.1,1808.25,84298.77,63464.31,20834.46,24.72,18.0,15173.78,2764.06,1,4.6,12,Bank Transfer
ORD202200094,2022-02-26 13:04:15.212677231,2022,2,Q1,India,Oslo,Classic Cars,Hybrid,Government,Online,City Motors,Sneha,7,83103.78,581726.44,3.6,20942.15,560784.29,423926.02,136858.27,24.4,10.0,56078.43,30808.27,0,4.0,13,Credit Card
ORD202200095,2022-02-27 03:39:46.989157632,2022,2,Q1,Denmark,Oslo,Classic Cars,Petrol,Fleet,Online,City Motors,Sofia,12,48405.93,580871.21,15.0,87130.68,493740.52,371694.32,122046.2,24.72,10.0,49374.05,11756.42,1,4.3,7,UPI
ORD202200096,2022-02-27 18:15:18.765638032,2022,2,Q1,Italy,Madrid,Classic Cars,Diesel,Government,Dealer,Elite Cars,Ananya,7,72251.31,505759.2,1.7,8597.91,497161.29,396419.2,100742.1,20.26,8.0,39772.9,16417.63,0,4.0,8,Cash
ORD202200097,2022-02-28 08:50:50.542118432,2022,2,Q1,India,Vienna,Vintage Cars,Hybrid,Retail,Dealer,AutoMax,Karthik,6,67961.43,407768.6,2.3,9378.68,398389.92,341031.91,57358.01,14.4,8.0,31871.19,8432.41,1,4.9,6,Bank Transfer
ORD202200098,2022-02-28 23:26:22.318598833,2022,2,Q1,Singapore,Berlin,Classic Cars,Petrol,Retail,Online,Elite Cars,Rahul,4,41803.17,167212.66,3.0,5016.38,162196.28,111023.56,51172.72,31.55,10.0,16219.63,3484.96,0,3.6,12,Finance
ORD202200099,2022-03-01 14:01:54.095079233,2022,3,Q1,USA,Tokyo,Motorcycles,Petrol,Fleet,Dealer,AutoMax,Arun,7,39199.72,274398.03,8.0,21951.84,252446.18,211090.56,41355.63,16.38,10.0,25244.62,6616.23,1,3.8,8,Finance
ORD202200100,2022-03-02 04:37:25.871559633,2022,3,Q1,Australia,New York,Motorcycles,Petrol,Corporate,Dealer,Prime Motors,Priya,14,20074.06,281036.91,11.0,30914.06,250122.85,217356.18,32766.66,13.1,8.0,20009.83,5080.38,0,3.9,6,UPI
ORD202200101,2022-03-02 19:12:57.648040034,2022,3,Q1,USA,Brussels,Classic Cars,Electric,Retail,Online,AutoMax,Arun,2,114162.66,228325.32,6.9,15754.45,212570.87,151454.26,61116.61,28.75,10.0,21257.09,10977.4,0,4.5,4,UPI
ORD202200102,2022-03-03 09:48:29.424520434,2022,3,Q1,Japan,Brussels,Classic Cars,Electric,Fleet,Dealer,Speed Wheels,Sofia,4,75410.53,301642.1,0.9,2714.78,298927.32,234275.99,64651.33,21.63,8.0,23914.19,14035.6,0,3.6,12,UPI
ORD202200103,2022-03-04 00:24:01.201000834,2022,3,Q1,Austria,Copenhagen,Ships,Diesel,Retail,Online,Elite Cars,Rahul,13,72020.03,936260.45,11.2,104861.17,831399.28,741815.24,89584.03,10.78,5.0,41569.96,32700.48,1,4.1,15,Finance
ORD202200104,2022-03-04 14:59:32.977481235,2022,3,Q1,Australia,Berlin,Classic Cars,Petrol,Retail,Dealer,Speed Wheels,Priya,11,54552.66,600079.28,13.2,79210.46,520868.82,438345.45,82523.37,15.84,12.0,62504.26,26005.81,0,4.0,3,Cash
ORD202200105,2022-03-05 05:35:04.753961635,2022,3,Q1,Spain,Singapore,Motorcycles,Petrol,Corporate,Dealer,Prime Motors,Vikram,10,25064.06,250640.55,8.3,20803.17,229837.38,178684.14,51153.24,22.26,18.0,41370.73,6708.68,1,4.0,14,Cash
ORD202200106,2022-03-05 20:10:36.530442035,2022,3,Q1,Austria,Brussels,Ships,Electric,Fleet,Direct Sales,Speed Wheels,Karthik,9,79686.91,717182.23,1.3,9323.37,707858.86,565411.0,142447.86,20.12,10.0,70785.89,11883.76,0,4.2,6,Bank Transfer
ORD202200107,2022-03-06 10:46:08.306922436,2022,3,Q1,Philippines,Singapore,Ships,Diesel,Retail,Online,AutoMax,Arun,1,56646.4,56646.4,2.7,1529.45,55116.95,40931.43,14185.52,25.74,10.0,5511.69,1112.73,0,4.2,3,Cash
ORD202200108,2022-03-07 01:21:40.083402836,2022,3,Q1,Italy,Manila,Trucks and Buses,Diesel,Retail,Dealer,City Motors,Karthik,7,72614.6,508302.18,7.2,36597.76,471704.42,411172.75,60531.68,12.83,18.0,84906.8,20858.1,1,4.4,14,Bank Transfer
ORD202200109,2022-03-07 15:57:11.859883236,2022,3,Q1,India,Manila,Trucks and Buses,Petrol,Fleet,Dealer,City Motors,Meera,13,65364.36,849736.66,12.7,107916.56,741820.1,586073.96,155746.15,21.0,12.0,89018.41,29622.89,0,4.5,4,UPI
ORD202200110,2022-03-08 06:32:43.636363637,2022,3,Q1,Japan,Oslo,Ships,Hybrid,Corporate,Dealer,Speed Wheels,Vikram,9,118392.22,1065529.96,6.4,68193.92,997336.04,874195.98,123140.06,12.35,8.0,79786.88,41613.52,0,4.8,14,Finance
ORD202200111,2022-03-08 21:08:15.412844037,2022,3,Q1,USA,Singapore,Motorcycles,Electric,Retail,Dealer,Global Auto,Meera,2,34041.06,68082.12,13.6,9259.17,58822.95,47974.94,10848.01,18.44,10.0,5882.3,2634.73,0,3.9,5,UPI
ORD202200112,2022-03-09 11:43:47.189324437,2022,3,Q1,USA,Paris,Ships,Electric,Retail,Distributor,Speed Wheels,Vikram,11,184645.13,2031096.45,16.4,333099.82,1697996.63,1509860.27,188136.36,11.08,18.0,305639.39,61415.05,1,5.0,8,UPI
ORD202200113,2022-03-10 02:19:18.965804838,2022,3,Q1,Italy,Zurich,Ships,Diesel,Government,Online,AutoMax,Meera,11,79662.98,876292.76,11.4,99897.37,776395.38,644726.52,131668.86,16.96,18.0,139751.17,37321.6,0,3.9,8,Bank Transfer
ORD202200114,2022-03-10 16:54:50.742285238,2022,3,Q1,Finland,Rome,Vintage Cars,Hybrid,Fleet,Distributor,Global Auto,Rahul,14,25339.54,354753.55,16.8,59598.6,295154.95,238595.12,56559.84,19.16,10.0,29515.5,11951.6,0,3.9,2,Bank Transfer
ORD202200115,2022-03-11 07:30:22.518765638,2022,3,Q1,Denmark,New York,Classic Cars,Petrol,Corporate,Dealer,Speed Wheels,Meera,2,39855.53,79711.05,16.6,13232.03,66479.02,58362.23,8116.79,12.21,10.0,6647.9,1547.9,0,3.7,15,UPI
ORD202200116,2022-03-11 22:05:54.295246039,2022,3,Q1,Singapore,Mumbai,Vintage Cars,Petrol,Corporate,Dealer,Prime Motors,Meera,15,32325.3,484879.46,8.0,38790.36,446089.1,318857.15,127231.95,28.52,12.0,53530.69,17171.88,0,3.3,15,Cash
ORD202200117,2022-03-12 12:41:26.071726439,2022,3,Q1,Denmark,Vienna,Vintage Cars,Petrol,Government,Dealer,City Motors,Rahul,8,22451.9,179615.16,12.3,22092.66,157522.5,119353.37,38169.13,24.23,18.0,28354.05,4775.72,0,4.2,5,Bank Transfer
ORD202200118,2022-03-13 03:16:57.848206839,2022,3,Q1,Switzerland,Tokyo,Motorcycles,Petrol,Retail,Direct Sales,Speed Wheels,Arun,5,21209.01,106045.06,9.2,9756.15,96288.92,70293.53,25995.38,27.0,8.0,7703.11,4559.66,0,4.1,7,UPI
ORD202200119,2022-03-13 17:52:29.624687240,2022,3,Q1,Norway,Brussels,Vintage Cars,Electric,Corporate,Dealer,Prime Motors,Meera,8,34975.55,279804.42,17.9,50084.99,229719.43,170600.58,59118.85,25.74,10.0,22971.94,8742.15,0,4.0,3,Finance
ORD202200120,2022-03-14 08:28:01.401167640,2022,3,Q1,France,Berlin,Motorcycles,Petrol,Government,Direct Sales,City Motors,Sneha,11,22726.01,249986.06,16.0,39997.77,209988.29,161224.72,48763.57,23.22,18.0,37797.89,6416.5,1,5.0,14,UPI
ORD202200121,2022-03-14 23:03:33.177648040,2022,3,Q1,Switzerland,Vienna,Motorcycles,Diesel,Retail,Dealer,AutoMax,Karthik,9,12960.95,116648.53,5.9,6882.26,109766.26,85759.19,24007.07,21.87,12.0,13171.95,4909.95,0,4.1,9,UPI
ORD202200122,2022-03-15 13:39:04.954128441,2022,3,Q1,Germany,Copenhagen,Vintage Cars,Petrol,Fleet,Dealer,Speed Wheels,Vikram,3,43554.01,130662.03,17.4,22735.19,107926.84,97079.72,10847.11,10.05,10.0,10792.68,4452.72,0,2.9,14,Bank Transfer
ORD202200123,2022-03-16 04:14:36.730608841,2022,3,Q1,Philippines,Paris,Trains,Diesel,Retail,Direct Sales,Global Auto,Rahul,5,37694.9,188474.51,2.8,5277.29,183197.23,160739.04,22458.19,12.26,12.0,21983.67,4425.05,0,4.6,13,Cash
ORD202200124,2022-03-16 18:50:08.507089241,2022,3,Q1,Canada,Oslo,Vintage Cars,Petrol,Fleet,Distributor,Prime Motors,Rahul,4,32955.32,131821.3,15.3,20168.66,111652.64,94926.94,16725.7,14.98,8.0,8932.21,4271.16,1,3.1,7,Cash
ORD202200125,2022-03-17 09:25:40.283569642,2022,3,Q1,Switzerland,Mumbai,Trucks and Buses,Diesel,Fleet,Dealer,AutoMax,Daniel,10,53837.72,538377.23,10.0,53837.72,484539.5,387934.39,96605.12,19.94,18.0,87217.11,22181.71,0,4.6,14,Cash
ORD202200126,2022-03-18 00:01:12.060050042,2022,3,Q1,USA,Rome,Classic Cars,Petrol,Government,Distributor,AutoMax,Priya,2,102573.66,205147.32,5.6,11488.25,193659.07,142626.61,51032.46,26.35,8.0,15492.73,10255.87,0,5.0,11,Finance
ORD202200127,2022-03-18 14:36:43.836530442,2022,3,Q1,Belgium,Mumbai,Trucks and Buses,Petrol,Corporate,Dealer,Speed Wheels,Daniel,9,41146.92,370322.32,11.2,41476.1,328846.22,293848.06,34998.16,10.64,10.0,32884.62,5123.31,0,3.7,14,UPI
ORD202200128,2022-03-19 05:12:15.613010843,2022,3,Q1,Japan,Paris,Planes,Diesel,Fleet,Direct Sales,AutoMax,Karthik,6,123620.61,741723.67,2.1,15576.2,726147.47,576514.25,149633.22,20.61,12.0,87137.7,14920.83,0,4.4,15,Credit Card
ORD202200129,2022-03-19 19:47:47.389491243,2022,3,Q1,Germany,London,Planes,Petrol,Government,Dealer,AutoMax,Arun,8,163174.0,1305392.01,17.8,232359.78,1073032.23,955022.85,118009.38,11.0,12.0,128763.87,25753.03,0,4.9,7,Bank Transfer
ORD202200130,2022-03-20 10:23:19.165971643,2022,3,Q1,Germany,Mumbai,Vintage Cars,Hybrid,Fleet,Direct Sales,Prime Motors,Sneha,1,62121.34,62121.34,2.9,1801.52,60319.83,43814.16,16505.66,27.36,18.0,10857.57,1841.6,0,4.0,5,Bank Transfer
ORD202200131,2022-03-21 00:58:50.942452044,2022,3,Q1,Germany,Oslo,Classic Cars,Electric,Retail,Distributor,Speed Wheels,Meera,8,97952.98,783623.81,0.7,5485.37,778138.44,624299.99,153838.45,19.77,10.0,77813.84,13715.48,0,3.1,14,UPI
ORD202200132,2022-03-21 15:34:22.718932444,2022,3,Q1,Norway,Tokyo,Vintage Cars,Diesel,Fleet,Dealer,Prime Motors,Priya,2,38372.34,76744.69,17.4,13353.58,63391.11,44262.41,19128.7,30.18,8.0,5071.29,2050.31,0,2.9,7,Bank Transfer
ORD202200133,2022-03-22 06:09:54.495412844,2022,3,Q1,Canada,Paris,Vintage Cars,Hybrid,Retail,Dealer,City Motors,Meera,11,49564.02,545204.27,8.9,48523.18,496681.09,347850.48,148830.61,29.97,10.0,49668.11,16637.87,0,5.0,2,UPI
ORD202200134,2022-03-22 20:45:26.271893245,2022,3,Q1,Denmark,Sydney,Classic Cars,Petrol,Retail,Online,AutoMax,Arun,10,49340.86,493408.58,17.4,85853.09,407555.49,341212.28,66343.21,16.28,18.0,73359.99,15413.16,1,3.6,10,Bank Transfer
ORD202200135,2022-03-23 11:20:58.048373645,2022,3,Q1,Switzerland,Rome,Vintage Cars,Diesel,Retail,Direct Sales,Speed Wheels,Rahul,6,27446.32,164677.91,7.3,12021.49,152656.42,120848.75,31807.67,20.84,8.0,12212.51,3569.97,0,3.4,12,Credit Card
ORD202200136,2022-03-24 01:56:29.824854045,2022,3,Q1,Italy,Copenhagen,Vintage Cars,Electric,Fleet,Distributor,Prime Motors,Sneha,2,36050.7,72101.4,10.5,7570.65,64530.75,44669.8,19860.96,30.78,18.0,11615.54,2262.87,0,3.7,14,Cash
ORD202200137,2022-03-24 16:32:01.601334446,2022,3,Q1,Italy,Copenhagen,Trucks and Buses,Petrol,Retail,Direct Sales,Global Auto,Priya,7,60696.55,424875.86,14.5,61607.0,363268.86,264564.99,98703.87,27.17,5.0,18163.44,9703.2,0,4.1,15,Cash
ORD202200138,2022-03-25 07:07:33.377814846,2022,3,Q1,Sweden,Tokyo,Vintage Cars,Hybrid,Corporate,Distributor,Elite Cars,Sneha,11,24922.44,274146.82,10.3,28237.12,245909.7,215592.44,30317.26,12.33,10.0,24590.97,11417.01,0,4.4,2,Credit Card
ORD202200139,2022-03-25 21:43:05.154295246,2022,3,Q1,Singapore,Zurich,Planes,Electric,Corporate,Dealer,AutoMax,Sneha,6,71539.14,429234.83,8.0,34338.79,394896.04,331980.32,62915.72,15.93,18.0,71081.29,20349.79,0,3.0,9,Bank Transfer
ORD202200140,2022-03-26 12:18:36.930775647,2022,3,Q1,Japan,Helsinki,Trains,Petrol,Retail,Dealer,Speed Wheels,Daniel,6,64017.61,384105.66,5.7,21894.02,362211.64,255084.33,107127.31,29.58,10.0,36221.16,17705.91,0,3.9,12,Credit Card
ORD202200141,2022-03-27 02:54:08.707256047,2022,3,Q1,Switzerland,Manila,Vintage Cars,Hybrid,Retail,Dealer,Speed Wheels,Meera,2,37518.72,75037.45,1.9,1425.71,73611.74,65314.68,8297.06,11.27,10.0,7361.17,2913.96,0,3.9,9,UPI
ORD202200142,2022-03-27 17:29:40.483736447,2022,3,Q1,Germany,Sydney,Vintage Cars,Petrol,Retail,Online,Elite Cars,Daniel,13,48666.98,632670.8,7.9,49980.99,582689.81,430626.4,152063.41,26.1,8.0,46615.18,26180.67,1,4.3,14,Credit Card
ORD202200143,2022-03-28 08:05:12.260216848,2022,3,Q1,Switzerland,Singapore,Vintage Cars,Petrol,Retail,Direct Sales,Speed Wheels,Sofia,7,33014.43,231101.04,2.5,5777.53,225323.51,202218.84,23104.67,10.25,18.0,40558.23,12179.4,0,3.7,5,Cash
ORD202200144,2022-03-28 22:40:44.036697248,2022,3,Q1,Belgium,Tokyo,Motorcycles,Petrol,Corporate,Online,City Motors,Sneha,15,17933.07,268996.02,3.3,8876.87,260119.16,186253.23,73865.93,28.4,10.0,26011.92,9008.72,0,4.1,11,Bank Transfer
ORD202200145,2022-03-29 13:16:15.813177648,2022,3,Q1,Philippines,Stockholm,Classic Cars,Petrol,Fleet,Direct Sales,City Motors,Karthik,7,40773.61,285415.3,0.8,2283.32,283131.98,200740.67,82391.31,29.1,18.0,50963.76,8488.23,0,4.3,13,Bank Transfer
ORD202200146,2022-03-30 03:51:47.589658049,2022,3,Q1,Switzerland,Manila,Vintage Cars,Petrol,Fleet,Direct Sales,Elite Cars,Karthik,10,45794.73,457947.27,3.4,15570.21,442377.06,368630.48,73746.59,16.67,5.0,22118.85,18132.65,0,4.5,12,Bank Transfer
ORD202200147,2022-03-30 18:27:19.366138449,2022,3,Q1,UK,Rome,Trucks and Buses,Electric,Fleet,Dealer,City Motors,Sneha,11,79435.93,873795.28,2.3,20097.29,853697.98,721013.78,132684.21,15.54,8.0,68295.84,16852.28,0,4.7,3,UPI
ORD202200148,2022-03-31 09:02:51.142618849,2022,3,Q1,Austria,Manila,Trains,Electric,Retail,Direct Sales,City Motors,Sofia,4,31674.38,126697.51,4.5,5701.39,120996.12,108639.92,12356.2,10.21,5.0,6049.81,2224.09,0,4.3,11,Credit Card
ORD202200149,2022-03-31 23:38:22.919099250,2022,3,Q1,Switzerland,Madrid,Trucks and Buses,Petrol,Retail,Distributor,Global Auto,Arun,2,42326.83,84653.65,15.0,12698.05,71955.61,52191.61,19764.0,27.47,5.0,3597.78,1441.57,0,4.7,2,Credit Card
ORD202200150,2022-04-01 14:13:54.695579650,2022,4,Q2,Switzerland,Singapore,Ships,Petrol,Retail,Dealer,Elite Cars,Karthik,15,101068.62,1516029.27,13.3,201631.89,1314397.38,1106190.31,208207.07,15.84,18.0,236591.53,48651.69,0,5.0,6,Bank Transfer
ORD202200151,2022-04-02 04:49:26.472060050,2022,4,Q2,Denmark,Berlin,Motorcycles,Petrol,Retail,Dealer,Prime Motors,Vikram,13,15998.94,207986.17,10.0,20798.62,187187.55,138895.98,48291.57,25.8,10.0,18718.76,9161.23,1,3.4,5,Credit Card
ORD202200152,2022-04-02 19:24:58.248540451,2022,4,Q2,Australia,Zurich,Trucks and Buses,Electric,Retail,Distributor,Prime Motors,Sofia,7,72799.35,509595.48,12.5,63699.43,445896.04,370189.93,75706.11,16.98,18.0,80261.29,19961.15,1,4.7,3,UPI
ORD202200153,2022-04-03 10:00:30.025020851,2022,4,Q2,Austria,Stockholm,Vintage Cars,Hybrid,Retail,Dealer,Speed Wheels,Sneha,14,29084.22,407179.03,4.5,18323.06,388855.97,321269.71,67586.26,17.38,12.0,46662.72,9738.35,1,4.0,5,UPI
ORD202200154,2022-04-04 00:36:01.801501251,2022,4,Q2,Norway,Tokyo,Trucks and Buses,Electric,Retail,Dealer,Global Auto,Ananya,10,46067.41,460674.14,13.8,63573.03,397101.11,327221.72,69879.39,17.6,8.0,31768.09,20111.05,0,3.5,2,Credit Card
ORD202200155,2022-04-04 15:11:33.577981652,2022,4,Q2,Switzerland,Singapore,Trucks and Buses,Diesel,Fleet,Online,Elite Cars,Rahul,13,69729.98,906489.78,4.5,40792.04,865697.74,715053.27,150644.47,17.4,12.0,103883.73,43221.16,1,3.9,9,Finance
ORD202200156,2022-04-05 05:47:05.354462052,2022,4,Q2,Japan,London,Ships,Petrol,Corporate,Online,Prime Motors,Priya,4,114782.76,459131.03,5.7,26170.47,432960.56,322111.71,110848.85,25.6,8.0,34636.84,15273.28,1,3.5,5,Cash
ORD202200157,2022-04-05 20:22:37.130942452,2022,4,Q2,Finland,Rome,Classic Cars,Diesel,Retail,Online,Global Auto,Sofia,11,42941.21,472353.34,9.8,46290.63,426062.71,360326.77,65735.94,15.43,8.0,34085.02,22232.1,1,4.7,13,Credit Card
ORD202200158,2022-04-06 10:58:08.907422853,2022,4,Q2,Australia,Tokyo,Motorcycles,Electric,Government,Direct Sales,Prime Motors,Meera,4,14951.81,59807.24,3.7,2212.87,57594.37,49549.25,8045.12,13.97,10.0,5759.44,1104.1,0,4.4,12,Credit Card
ORD202200159,2022-04-07 01:33:40.683903253,2022,4,Q2,Finland,Rome,Planes,Petrol,Fleet,Direct Sales,City Motors,Daniel,7,70883.84,496186.85,0.3,1488.56,494698.29,376055.82,118642.47,23.98,10.0,49469.83,9653.73,0,4.4,14,Credit Card
ORD202200160,2022-04-07 16:09:12.460383653,2022,4,Q2,USA,Manila,Trains,Hybrid,Retail,Direct Sales,Speed Wheels,Sneha,8,76717.41,613739.27,11.5,70580.02,543159.25,474081.97,69077.28,12.72,10.0,54315.93,23241.31,1,4.6,13,Cash
ORD202200161,2022-04-08 06:44:44.236864054,2022,4,Q2,Germany,London,Trucks and Buses,Petrol,Government,Dealer,Speed Wheels,Ananya,5,83440.37,417201.84,15.8,65917.89,351283.95,240470.35,110813.6,31.55,8.0,28102.72,15579.32,0,3.7,2,Cash
ORD202200162,2022-04-08 21:20:16.013344454,2022,4,Q2,Australia,Copenhagen,Trucks and Buses,Hybrid,Retail,Direct Sales,Global Auto,Sneha,6,51359.33,308155.96,2.0,6163.12,301992.84,249657.3,52335.54,17.33,18.0,54358.71,5199.26,0,3.7,8,Finance
ORD202200163,2022-04-09 11:55:47.789824854,2022,4,Q2,Finland,Helsinki,Vintage Cars,Diesel,Retail,Direct Sales,City Motors,Priya,4,34718.31,138873.24,4.6,6388.17,132485.07,102757.13,29727.94,22.44,10.0,13248.51,3477.19,0,4.6,2,Cash
ORD202200164,2022-04-10 02:31:19.566305255,2022,4,Q2,Australia,Singapore,Vintage Cars,Diesel,Retail,Direct Sales,AutoMax,Daniel,11,45094.4,496038.41,0.1,496.04,495542.37,368329.38,127212.99,25.67,12.0,59465.08,19577.33,0,5.0,6,Credit Card
ORD202200165,2022-04-10 17:06:51.342785655,2022,4,Q2,Belgium,Berlin,Vintage Cars,Electric,Retail,Dealer,City Motors,Arun,1,32751.39,32751.39,1.6,524.02,32227.37,23409.45,8817.92,27.36,8.0,2578.19,1121.43,1,4.5,13,UPI
ORD202200166,2022-04-11 07:42:23.119266055,2022,4,Q2,Norway,Singapore,Vintage Cars,Electric,Retail,Direct Sales,Prime Motors,Vikram,15,32422.17,486332.53,6.0,29179.95,457152.58,399648.53,57504.05,12.58,12.0,54858.31,8712.51,1,4.3,8,Credit Card
ORD202200167,2022-04-11 22:17:54.895746456,2022,4,Q2,Norway,Copenhagen,Trains,Petrol,Fleet,Online,Speed Wheels,Ananya,9,36276.65,326489.89,8.1,26445.68,300044.21,248514.93,51529.28,17.17,10.0,30004.42,6772.35,1,4.3,12,Cash
ORD202200168,2022-04-12 12:53:26.672226856,2022,4,Q2,Singapore,Rome,Trains,Petrol,Retail,Online,Speed Wheels,Ananya,9,45653.82,410884.35,11.0,45197.28,365687.07,274827.54,90859.53,24.85,8.0,29254.97,14200.95,0,3.4,10,Cash
ORD202200169,2022-04-13 03:28:58.448707256,2022,4,Q2,France,Helsinki,Trains,Petrol,Corporate,Distributor,Prime Motors,Sneha,14,55702.26,779831.64,2.8,21835.29,757996.35,612202.96,145793.39,19.23,10.0,75799.64,12801.16,0,3.8,11,Finance
ORD202200170,2022-04-13 18:04:30.225187657,2022,4,Q2,Norway,Singapore,Classic Cars,Petrol,Retail,Direct Sales,Speed Wheels,Karthik,3,37126.13,111378.4,9.6,10692.33,100686.07,71971.04,28715.04,28.52,18.0,18123.49,4671.49,0,3.9,4,Credit Card
ORD202200171,2022-04-14 08:40:02.001668057,2022,4,Q2,Japan,Copenhagen,Classic Cars,Diesel,Fleet,Dealer,Speed Wheels,Arun,5,66167.06,330835.31,5.9,19519.28,311316.03,249312.61,62003.42,19.92,10.0,31131.6,4925.37,0,3.6,5,UPI
ORD202200172,2022-04-14 23:15:33.778148457,2022,4,Q2,UK,Berlin,Ships,Diesel,Fleet,Online,Global Auto,Vikram,1,102086.71,102086.71,7.2,7350.24,94736.47,76923.19,17813.28,18.8,12.0,11368.38,2872.14,1,4.6,11,Credit Card
ORD202200173,2022-04-15 13:51:05.554628858,2022,4,Q2,Sweden,Tokyo,Planes,Petrol,Retail,Distributor,Speed Wheels,Rahul,5,87880.34,439401.7,2.2,9666.84,429734.87,358237.85,71497.02,16.64,18.0,77352.28,18204.41,0,3.9,13,Finance
ORD202200174,2022-04-16 04:26:37.331109258,2022,4,Q2,Denmark,Berlin,Vintage Cars,Petrol,Retail,Online,Elite Cars,Arun,15,21905.53,328583.01,0.3,985.75,327597.26,267798.98,59798.28,18.25,10.0,32759.73,5646.81,0,4.6,12,Credit Card
ORD202200175,2022-04-16 19:02:09.107589658,2022,4,Q2,Japan,Toronto,Vintage Cars,Electric,Retail,Dealer,Global Auto,Arun,15,56415.72,846235.76,1.4,11847.3,834388.46,722971.65,111416.81,13.35,10.0,83438.85,34917.9,0,4.3,9,Cash
ORD202200176,2022-04-17 09:37:40.884070058,2022,4,Q2,Finland,New York,Classic Cars,Petrol,Government,Direct Sales,City Motors,Priya,10,34642.67,346426.67,6.4,22171.31,324255.36,272472.71,51782.65,15.97,8.0,25940.43,7472.79,0,4.2,10,UPI
ORD202200177,2022-04-18 00:13:12.660550460,2022,4,Q2,Austria,Toronto,Classic Cars,Electric,Corporate,Direct Sales,Speed Wheels,Priya,15,35887.19,538307.82,8.3,44679.55,493628.27,436672.88,56955.39,11.54,18.0,88853.09,10715.11,0,3.7,10,Bank Transfer
ORD202200178,2022-04-18 14:48:44.437030860,2022,4,Q2,Germany,Berlin,Planes,Petrol,Corporate,Online,Prime Motors,Priya,9,165394.81,1488553.28,17.0,253054.06,1235499.22,1031372.69,204126.53,16.52,5.0,61774.96,28475.64,0,4.4,2,Bank Transfer
ORD202200179,2022-04-19 05:24:16.213511260,2022,4,Q2,Switzerland,Copenhagen,Trains,Petrol,Retail,Dealer,Prime Motors,Sneha,7,47118.97,329832.82,5.2,17151.31,312681.51,266387.39,46294.12,14.81,12.0,37521.78,12797.49,0,3.7,13,UPI
ORD202200180,2022-04-19 19:59:47.989991660,2022,4,Q2,France,Toronto,Vintage Cars,Petrol,Retail,Online,AutoMax,Rahul,15,40926.15,613892.18,4.4,27011.26,586880.92,426406.53,160474.39,27.34,18.0,105638.57,9093.68,1,3.9,5,Credit Card
ORD202200181,2022-04-20 10:35:19.766472060,2022,4,Q2,Switzerland,Zurich,Classic Cars,Petrol,Retail,Direct Sales,Prime Motors,Daniel,13,61838.47,803900.13,11.5,92448.51,711451.61,625108.19,86343.43,12.14,18.0,128061.29,11121.23,0,4.1,8,Credit Card
ORD202200182,2022-04-21 01:10:51.542952460,2022,4,Q2,Switzerland,Rome,Trains,Diesel,Retail,Direct Sales,Speed Wheels,Sofia,2,51693.73,103387.47,0.5,516.94,102870.53,80173.73,22696.8,22.06,8.0,8229.64,2031.2,0,4.4,10,Cash
ORD202200183,2022-04-21 15:46:23.319432862,2022,4,Q2,Norway,Rome,Vintage Cars,Petrol,Fleet,Dealer,Prime Motors,Ananya,9,34614.0,311526.04,16.4,51090.27,260435.77,199579.61,60856.15,23.37,10.0,26043.58,4279.83,0,4.5,15,Credit Card
ORD202200184,2022-04-22 06:21:55.095913262,2022,4,Q2,Philippines,London,Classic Cars,Petrol,Retail,Direct Sales,Speed Wheels,Daniel,3,36539.3,109617.91,3.7,4055.86,105562.05,74274.67,31287.38,29.64,18.0,19001.17,4693.02,0,3.6,4,UPI
ORD202200185,2022-04-22 20:57:26.872393662,2022,4,Q2,Singapore,Rome,Trucks and Buses,Electric,Government,Online,Global Auto,Arun,5,57589.05,287945.23,0.6,1727.67,286217.56,246732.96,39484.6,13.8,5.0,14310.88,12119.3,0,3.5,5,Cash
ORD202200186,2022-04-23 11:32:58.648874062,2022,4,Q2,Philippines,Mumbai,Trucks and Buses,Petrol,Retail,Dealer,Global Auto,Vikram,6,40050.71,240304.25,8.2,19704.95,220599.3,192096.59,28502.72,12.92,8.0,17647.94,10786.11,0,4.5,15,Finance
ORD202200187,2022-04-24 02:08:30.425354462,2022,4,Q2,Finland,Toronto,Planes,Hybrid,Retail,Direct Sales,Global Auto,Arun,11,68901.38,757915.16,13.3,100802.72,657112.44,588767.17,68345.27,10.4,12.0,78853.49,35954.95,0,3.8,3,UPI
ORD202200188,2022-04-24 16:44:02.201834862,2022,4,Q2,Singapore,Brussels,Trucks and Buses,Hybrid,Retail,Distributor,Elite Cars,Sneha,15,61657.35,924860.31,15.2,140578.77,784281.54,541455.4,242826.15,30.96,8.0,62742.52,17724.89,0,3.2,8,Cash
ORD202200189,2022-04-25 07:19:33.978315264,2022,4,Q2,Singapore,Stockholm,Motorcycles,Diesel,Corporate,Dealer,AutoMax,Sneha,3,13785.98,41357.93,2.5,1033.95,40323.98,31235.76,9088.23,22.54,10.0,4032.4,1405.34,1,3.7,6,Credit Card
ORD202200190,2022-04-25 21:55:05.754795664,2022,4,Q2,Canada,Paris,Vintage Cars,Diesel,Government,Direct Sales,Elite Cars,Sofia,8,54382.39,435059.13,1.4,6090.83,428968.3,325588.64,103379.66,24.1,8.0,34317.46,18493.34,0,3.4,7,Cash
ORD202200191,2022-04-26 12:30:37.531276064,2022,4,Q2,Canada,Toronto,Vintage Cars,Diesel,Retail,Dealer,Elite Cars,Daniel,14,52518.82,735263.48,14.0,102936.89,632326.59,456518.34,175808.26,27.8,10.0,63232.66,11338.54,0,3.2,8,Finance
ORD202200192,2022-04-27 03:06:09.307756464,2022,4,Q2,Italy,New York,Vintage Cars,Diesel,Retail,Online,Speed Wheels,Karthik,15,42396.81,635952.19,15.6,99208.54,536743.65,393909.6,142834.04,26.61,18.0,96613.86,29068.02,0,4.3,4,Bank Transfer
ORD202200193,2022-04-27 17:41:41.084236864,2022,4,Q2,Italy,Sydney,Vintage Cars,Electric,Retail,Distributor,Speed Wheels,Sofia,5,45633.94,228169.72,6.7,15287.37,212882.35,147325.09,65557.26,30.8,12.0,25545.88,9081.78,1,3.6,7,Bank Transfer
ORD202200194,2022-04-28 08:17:12.860717264,2022,4,Q2,Singapore,Mumbai,Trucks and Buses,Diesel,Retail,Online,Prime Motors,Sneha,7,46785.44,327498.07,16.6,54364.68,273133.39,231931.35,41202.04,15.08,10.0,27313.34,6763.6,1,3.2,11,UPI
ORD202200195,2022-04-28 22:52:44.637197666,2022,4,Q2,Germany,Oslo,Motorcycles,Diesel,Government,Direct Sales,City Motors,Rahul,13,31074.02,403962.29,17.4,70289.44,333672.85,264076.76,69596.09,20.86,12.0,40040.74,10025.11,0,4.3,3,Bank Transfer
ORD202200196,2022-04-29 13:28:16.413678066,2022,4,Q2,India,Singapore,Motorcycles,Petrol,Fleet,Online,Elite Cars,Ananya,13,25923.19,337001.41,17.4,58638.24,278363.16,242799.42,35563.75,12.78,12.0,33403.58,7447.7,0,4.6,12,Bank Transfer
ORD202200197,2022-04-30 04:03:48.190158466,2022,4,Q2,Sweden,Madrid,Planes,Petrol,Retail,Direct Sales,Speed Wheels,Meera,2,101620.56,203241.12,5.3,10771.78,192469.34,149211.78,43257.56,22.48,12.0,23096.32,8969.75,0,5.0,5,Credit Card
ORD202200198,2022-04-30 18:39:19.966638866,2022,4,Q2,Spain,Mumbai,Classic Cars,Diesel,Fleet,Online,Speed Wheels,Ananya,15,52702.7,790540.57,1.7,13439.19,777101.38,595656.68,181444.7,23.35,12.0,93252.17,25034.41,0,4.3,9,Finance
ORD202200199,2022-05-01 09:14:51.743119266,2022,5,Q2,Australia,Helsinki,Classic Cars,Electric,Fleet,Online,Speed Wheels,Meera,9,66451.14,598060.26,13.9,83130.38,514929.88,433061.88,81868.0,15.9,12.0,61791.59,24661.69,0,3.6,3,Bank Transfer
ORD202200200,2022-05-01 23:50:23.519599666,2022,5,Q2,Denmark,New York,Trucks and Buses,Diesel,Corporate,Online,AutoMax,Sneha,13,32522.73,422795.44,14.5,61305.34,361490.1,318097.96,43392.14,12.0,12.0,43378.81,10755.41,0,4.0,5,Cash
ORD202200201,2022-05-02 14:25:55.296080068,2022,5,Q2,Austria,Berlin,Trucks and Buses,Electric,Retail,Dealer,Elite Cars,Priya,5,50074.81,250374.03,4.6,11517.21,238856.83,169164.25,69692.58,29.18,12.0,28662.82,9973.68,0,4.4,4,Credit Card
ORD202200202,2022-05-03 05:01:27.072560468,2022,5,Q2,India,Copenhagen,Vintage Cars,Hybrid,Fleet,Online,AutoMax,Sofia,9,60488.31,544394.79,3.0,16331.84,528062.95,380958.19,147104.76,27.86,10.0,52806.3,14848.46,0,3.6,6,Cash
ORD202200203,2022-05-03 19:36:58.849040868,2022,5,Q2,Belgium,Singapore,Classic Cars,Petrol,Retail,Online,Global Auto,Sofia,8,55327.48,442619.83,11.6,51343.9,391275.93,299971.82,91304.11,23.33,18.0,70429.67,15527.69,0,2.9,7,Finance
ORD202200204,2022-05-04 10:12:30.625521268,2022,5,Q2,Denmark,Mumbai,Ships,Diesel,Retail,Distributor,AutoMax,Rahul,9,67787.12,610084.04,17.9,109205.04,500879.0,365945.28,134933.72,26.94,10.0,50087.9,18232.58,0,4.7,6,Bank Transfer
ORD202200205,2022-05-05 00:48:02.402001668,2022,5,Q2,Australia,Madrid,Planes,Diesel,Fleet,Direct Sales,City Motors,Priya,11,117665.7,1294322.67,14.4,186382.46,1107940.21,891943.77,215996.44,19.5,10.0,110794.02,34721.13,1,3.2,14,Finance
ORD202200206,2022-05-05 15:23:34.178482068,2022,5,Q2,Norway,Mumbai,Classic Cars,Diesel,Retail,Distributor,AutoMax,Karthik,14,52289.98,732059.69,7.6,55636.54,676423.16,521176.7,155246.46,22.95,18.0,121756.17,32344.75,0,4.5,4,Cash
ORD202200207,2022-05-06 05:59:05.954962470,2022,5,Q2,Switzerland,Rome,Motorcycles,Petrol,Retail,Distributor,Prime Motors,Arun,15,18916.0,283739.98,4.4,12484.56,271255.42,209052.23,62203.19,22.93,10.0,27125.54,11999.41,0,4.0,3,Cash
ORD202200208,2022-05-06 20:34:37.731442870,2022,5,Q2,USA,Rome,Planes,Electric,Government,Direct Sales,Speed Wheels,Daniel,3,215968.1,647904.3,4.6,29803.6,618100.7,436457.53,181643.18,29.39,18.0,111258.13,10353.23,0,4.3,4,Bank Transfer
ORD202200209,2022-05-07 11:10:09.507923270,2022,5,Q2,Spain,Singapore,Vintage Cars,Electric,Retail,Dealer,City Motors,Meera,4,34934.73,139738.93,14.0,19563.45,120175.48,102422.76,17752.71,14.77,18.0,21631.59,4280.43,0,4.3,9,UPI
ORD202200210,2022-05-08 01:45:41.284403670,2022,5,Q2,Spain,Madrid,Vintage Cars,Hybrid,Government,Online,Prime Motors,Arun,15,37506.82,562602.23,5.1,28692.71,533909.51,423823.12,110086.39,20.62,12.0,64069.14,18148.33,1,3.9,9,Bank Transfer
ORD202200211,2022-05-08 16:21:13.060884070,2022,5,Q2,Singapore,Vienna,Classic Cars,Petrol,Retail,Distributor,Speed Wheels,Rahul,12,57795.3,693543.56,1.4,9709.61,683833.95,506178.04,177655.91,25.98,18.0,123090.11,12966.3,0,4.4,14,Cash
ORD202200212,2022-05-09 06:56:44.837364470,2022,5,Q2,Philippines,Berlin,Motorcycles,Hybrid,Retail,Dealer,Prime Motors,Arun,8,11472.24,91777.94,5.2,4772.45,87005.49,76185.39,10820.1,12.44,18.0,15660.99,1500.59,1,3.9,15,Finance
ORD202200213,2022-05-09 21:32:16.613844872,2022,5,Q2,USA,Toronto,Vintage Cars,Diesel,Corporate,Direct Sales,Prime Motors,Sofia,2,76731.57,153463.14,15.9,24400.64,129062.5,109882.73,19179.78,14.86,12.0,15487.5,5865.12,0,3.2,12,Cash
ORD202200214,2022-05-10 12:07:48.390325272,2022,5,Q2,Norway,Helsinki,Planes,Petrol,Retail,Online,City Motors,Rahul,6,100509.34,603056.06,17.2,103725.64,499330.42,351069.96,148260.46,29.69,18.0,89879.48,11281.99,0,4.5,9,Cash
ORD202200215,2022-05-11 02:43:20.166805672,2022,5,Q2,USA,Stockholm,Ships,Petrol,Fleet,Online,AutoMax,Arun,12,169729.4,2036752.79,11.8,240336.83,1796415.96,1230268.32,566147.63,31.52,18.0,323354.87,34789.22,0,4.8,15,Bank Transfer
ORD202200216,2022-05-11 17:18:51.943286072,2022,5,Q2,Japan,Sydney,Trucks and Buses,Hybrid,Retail,Dealer,AutoMax,Priya,11,71619.83,787818.15,14.8,116597.09,671221.06,504065.48,167155.58,24.9,10.0,67122.11,24941.91,0,4.1,7,Cash
ORD202200217,2022-05-12 07:54:23.719766472,2022,5,Q2,UK,Mumbai,Vintage Cars,Diesel,Corporate,Direct Sales,City Motors,Vikram,8,57379.18,459033.45,4.6,21115.54,437917.91,313162.14,124755.77,28.49,5.0,21895.9,8024.73,0,3.3,4,UPI
ORD202200218,2022-05-12 22:29:55.496246872,2022,5,Q2,Germany,Oslo,Planes,Diesel,Government,Direct Sales,Speed Wheels,Daniel,10,187911.55,1879115.51,6.8,127779.85,1751335.65,1223215.86,528119.79,30.16,10.0,175133.57,70186.49,1,3.6,2,UPI
ORD202200219,2022-05-13 13:05:27.272727274,2022,5,Q2,Switzerland,Manila,Motorcycles,Petrol,Retail,Distributor,Speed Wheels,Daniel,5,17358.15,86790.74,6.7,5814.98,80975.76,68412.73,12563.03,15.51,18.0,14575.64,3813.82,1,5.0,9,Bank Transfer
ORD202200220,2022-05-14 03:40:59.049207674,2022,5,Q2,Switzerland,Copenhagen,Motorcycles,Electric,Retail,Dealer,Global Auto,Rahul,7,17972.9,125810.29,15.0,18871.54,106938.74,87018.21,19920.54,18.63,10.0,10693.87,2782.95,0,3.9,10,Finance
ORD202200221,2022-05-14 18:16:30.825688074,2022,5,Q2,Norway,Mumbai,Trucks and Buses,Electric,Corporate,Distributor,Elite Cars,Karthik,15,43328.16,649922.36,15.3,99438.12,550484.24,474169.6,76314.65,13.86,18.0,99087.16,19199.09,0,4.0,9,Cash
ORD202200222,2022-05-15 08:52:02.602168474,2022,5,Q2,Norway,London,Classic Cars,Petrol,Fleet,Online,Speed Wheels,Ananya,7,36240.16,253681.13,13.2,33485.91,220195.22,194269.03,25926.19,11.77,10.0,22019.52,3768.55,1,3.3,11,Bank Transfer
ORD202200223,2022-05-15 23:27:34.378648874,2022,5,Q2,Denmark,Stockholm,Ships,Electric,Retail,Dealer,City Motors,Priya,5,60304.41,301522.06,13.3,40102.43,261419.63,207816.32,53603.3,20.5,10.0,26141.96,12120.35,0,4.1,2,Credit Card
ORD202200224,2022-05-16 14:03:06.155129274,2022,5,Q2,Switzerland,Stockholm,Motorcycles,Electric,Retail,Dealer,Prime Motors,Meera,5,17999.98,89999.92,13.9,12509.99,77489.93,59560.0,17929.93,23.14,10.0,7748.99,2977.14,0,3.6,13,Credit Card
ORD202200225,2022-05-17 04:38:37.931609676,2022,5,Q2,Belgium,Mumbai,Planes,Hybrid,Retail,Online,Speed Wheels,Ananya,14,112548.57,1575680.01,7.7,121327.36,1454352.65,1155291.13,299061.52,20.56,8.0,116348.21,22075.95,1,3.7,15,UPI
ORD202200226,2022-05-17 19:14:09.708090076,2022,5,Q2,UK,Helsinki,Classic Cars,Diesel,Retail,Online,Prime Motors,Meera,3,60360.34,181081.02,17.6,31870.26,149210.76,126033.31,23177.44,15.53,12.0,17905.29,5793.63,0,3.9,11,Finance
ORD202200227,2022-05-18 09:49:41.484570476,2022,5,Q2,Philippines,London,Motorcycles,Electric,Retail,Online,Speed Wheels,Daniel,12,16791.47,201497.62,7.9,15918.31,185579.31,166504.59,19074.72,10.28,18.0,33404.28,8015.3,1,5.0,9,UPI
ORD202200228,2022-05-19 00:25:13.261050876,2022,5,Q2,India,Mumbai,Vintage Cars,Petrol,Retail,Distributor,Global Auto,Vikram,12,57743.43,692921.21,0.4,2771.68,690149.53,482526.75,207622.78,30.08,12.0,82817.94,17890.01,0,4.1,8,Bank Transfer
ORD202200229,2022-05-19 15:00:45.037531276,2022,5,Q2,Canada,Toronto,Classic Cars,Electric,Retail,Online,City Motors,Ananya,15,55801.21,837018.21,8.1,67798.47,769219.73,648566.65,120653.09,15.69,5.0,38460.99,16317.13,0,4.1,5,Credit Card
ORD202200230,2022-05-20 05:36:16.814011676,2022,5,Q2,Philippines,Tokyo,Planes,Hybrid,Corporate,Online,City Motors,Ananya,6,93907.26,563443.55,15.3,86206.86,477236.69,333200.0,144036.68,30.18,12.0,57268.4,20269.97,0,3.1,13,Cash
ORD202200231,2022-05-20 20:11:48.590492078,2022,5,Q2,Italy,Mumbai,Motorcycles,Petrol,Fleet,Online,Elite Cars,Vikram,4,27742.25,110969.01,11.9,13205.31,97763.7,78262.5,19501.2,19.95,8.0,7821.1,3023.1,0,4.8,12,Cash
ORD202200232,2022-05-21 10:47:20.366972478,2022,5,Q2,USA,Paris,Vintage Cars,Hybrid,Retail,Direct Sales,Prime Motors,Vikram,3,53612.13,160836.38,7.9,12706.07,148130.31,118908.61,29221.69,19.73,12.0,17775.64,3473.07,1,3.1,9,Credit Card
ORD202200233,2022-05-22 01:22:52.143452878,2022,5,Q2,India,Copenhagen,Classic Cars,Diesel,Fleet,Dealer,Global Auto,Vikram,11,63966.71,703633.86,7.1,49958.0,653675.85,548372.43,105303.43,16.11,12.0,78441.1,23858.1,0,3.4,7,Bank Transfer
ORD202200234,2022-05-22 15:58:23.919933278,2022,5,Q2,Singapore,Rome,Ships,Petrol,Retail,Distributor,City Motors,Priya,14,90871.25,1272197.48,12.9,164113.47,1108084.0,830660.76,277423.25,25.04,18.0,199455.12,43857.54,0,3.7,6,Credit Card
ORD202200235,2022-05-23 06:33:55.696413678,2022,5,Q2,Denmark,London,Classic Cars,Hybrid,Fleet,Direct Sales,Prime Motors,Sneha,10,30371.29,303712.85,8.5,25815.59,277897.26,237442.76,40454.5,14.56,10.0,27789.73,15188.28,0,3.9,6,Bank Transfer
ORD202200236,2022-05-23 21:09:27.472894078,2022,5,Q2,Norway,Vienna,Motorcycles,Diesel,Government,Distributor,Prime Motors,Daniel,10,12312.38,123123.8,5.1,6279.31,116844.49,100076.92,16767.56,14.35,10.0,11684.45,3499.4,0,4.0,9,Bank Transfer
ORD202200237,2022-05-24 11:44:59.249374480,2022,5,Q2,Norway,Helsinki,Planes,Diesel,Retail,Direct Sales,Speed Wheels,Sofia,6,66432.77,398596.64,6.1,24314.39,374282.24,266264.49,108017.75,28.86,18.0,67370.8,17708.98,0,3.8,2,UPI
ORD202200238,2022-05-25 02:20:31.025854880,2022,5,Q2,India,New York,Vintage Cars,Petrol,Retail,Direct Sales,AutoMax,Karthik,12,47746.48,572957.81,6.6,37815.22,535142.6,468643.85,66498.75,12.43,12.0,64217.11,11882.45,1,4.4,13,UPI
ORD202200239,2022-05-25 16:56:02.802335280,2022,5,Q2,Spain,Oslo,Classic Cars,Electric,Retail,Distributor,Global Auto,Karthik,14,42597.56,596365.89,2.3,13716.42,582649.48,484719.65,97929.83,16.81,12.0,69917.94,29607.12,0,4.2,5,Cash
ORD202200240,2022-05-26 07:31:34.578815680,2022,5,Q2,Australia,London,Motorcycles,Hybrid,Fleet,Dealer,Elite Cars,Daniel,11,14800.87,162809.62,9.0,14652.87,148156.76,107635.08,40521.68,27.35,12.0,17778.81,5058.93,0,4.3,7,Finance
ORD202200241,2022-05-26 22:07:06.355296080,2022,5,Q2,India,London,Classic Cars,Petrol,Retail,Dealer,Speed Wheels,Vikram,7,73958.01,517706.07,3.4,17602.01,500104.06,351049.92,149054.14,29.8,18.0,90018.73,20812.03,0,4.4,15,Credit Card
ORD202200242,2022-05-27 12:42:38.131776480,2022,5,Q2,Canada,Brussels,Vintage Cars,Hybrid,Corporate,Dealer,Prime Motors,Vikram,11,34830.42,383134.61,11.9,45593.02,337541.59,244075.25,93466.34,27.69,18.0,60757.49,13149.85,0,4.1,14,Cash
ORD202200243,2022-05-28 03:18:09.908256882,2022,5,Q2,Canada,New York,Classic Cars,Petrol,Fleet,Distributor,Elite Cars,Karthik,4,66152.43,264609.7,2.6,6879.85,257729.85,198740.46,58989.39,22.89,18.0,46391.37,7485.52,0,4.3,7,Finance
ORD202200244,2022-05-28 17:53:41.684737282,2022,5,Q2,Singapore,Stockholm,Classic Cars,Petrol,Retail,Online,Elite Cars,Priya,7,40791.34,285539.4,16.3,46542.92,238996.48,189727.25,49269.23,20.62,18.0,43019.37,6157.07,0,3.7,12,Finance
ORD202200245,2022-05-29 08:29:13.461217682,2022,5,Q2,Italy,Copenhagen,Classic Cars,Electric,Fleet,Direct Sales,Global Auto,Sneha,13,59929.08,779078.06,11.5,89593.98,689484.08,561407.79,128076.29,18.58,10.0,68948.41,33057.25,0,4.1,5,Credit Card
ORD202200246,2022-05-29 23:04:45.237698082,2022,5,Q2,Japan,Paris,Vintage Cars,Electric,Fleet,Online,AutoMax,Rahul,6,57937.02,347622.09,5.6,19466.84,328155.26,294988.27,33166.98,10.11,18.0,59067.95,7379.49,0,4.6,13,Cash
ORD202200247,2022-05-30 13:40:17.014178482,2022,5,Q2,France,Zurich,Vintage Cars,Hybrid,Government,Online,Speed Wheels,Priya,6,45449.85,272699.11,0.7,1908.89,270790.22,201141.48,69648.74,25.72,10.0,27079.02,14534.67,0,5.0,6,Credit Card
ORD202200248,2022-05-31 04:15:48.790658882,2022,5,Q2,USA,Tokyo,Classic Cars,Petrol,Retail,Online,Global Auto,Daniel,4,118438.76,473755.03,11.2,53060.56,420694.47,370341.73,50352.73,11.97,10.0,42069.45,22093.29,0,4.1,14,Bank Transfer
ORD202200249,2022-05-31 18:51:20.567139284,2022,5,Q2,Spain,Helsinki,Trucks and Buses,Petrol,Government,Distributor,Elite Cars,Sofia,14,75265.34,1053714.74,6.0,63222.88,990491.85,883516.26,106975.6,10.8,5.0,49524.59,53424.99,0,4.3,5,Cash
ORD202200250,2022-06-01 09:26:52.343619684,2022,6,Q2,Spain,Copenhagen,Ships,Hybrid,Retail,Direct Sales,Elite Cars,Meera,5,122054.32,610271.61,0.1,610.27,609661.33,542763.11,66898.22,10.97,10.0,60966.13,15682.39,0,4.4,11,Cash
ORD202200251,2022-06-02 00:02:24.120100084,2022,6,Q2,India,Mumbai,Motorcycles,Diesel,Retail,Dealer,Elite Cars,Sneha,15,21419.17,321287.51,8.8,28273.3,293014.21,257021.23,35992.97,12.28,10.0,29301.42,10873.31,0,4.5,15,UPI
ORD202200252,2022-06-02 14:37:55.896580484,2022,6,Q2,Spain,Paris,Trains,Diesel,Retail,Direct Sales,AutoMax,Daniel,8,47546.04,380368.31,16.9,64282.24,316086.07,260246.94,55839.12,17.67,12.0,37930.33,7008.32,1,4.5,8,Bank Transfer
ORD202200253,2022-06-03 05:13:27.673060884,2022,6,Q2,Canada,Stockholm,Planes,Petrol,Fleet,Dealer,Global Auto,Sneha,10,124369.83,1243698.27,6.2,77109.29,1166588.98,980724.25,185864.73,15.93,12.0,139990.68,61318.36,0,4.0,9,UPI
ORD202200254,2022-06-03 19:48:59.449541284,2022,6,Q2,France,Oslo,Trains,Hybrid,Fleet,Online,Speed Wheels,Sneha,1,63386.46,63386.46,11.2,7099.28,56287.18,42084.65,14202.52,25.23,5.0,2814.36,1989.87,0,3.9,8,Credit Card
ORD202200255,2022-06-04 10:24:31.226021686,2022,6,Q2,USA,New York,Trucks and Buses,Petrol,Corporate,Online,Elite Cars,Karthik,2,123690.36,247380.72,12.9,31912.11,215468.6,165111.69,50356.91,23.37,10.0,21546.86,10687.36,0,4.2,3,Credit Card
ORD202200256,2022-06-05 01:00:03.002502086,2022,6,Q2,Austria,Stockholm,Vintage Cars,Petrol,Retail,Direct Sales,Prime Motors,Sofia,5,38971.74,194858.68,14.8,28839.08,166019.59,120045.38,45974.21,27.69,10.0,16601.96,6354.07,0,3.0,12,Cash
ORD202200257,2022-06-05 15:35:34.778982486,2022,6,Q2,Belgium,Oslo,Motorcycles,Electric,Retail,Dealer,Global Auto,Meera,5,16971.28,84856.39,10.4,8825.06,76031.32,53359.31,22672.01,29.82,12.0,9123.76,3119.77,1,3.7,15,Credit Card
ORD202200258,2022-06-06 06:11:06.555462886,2022,6,Q2,USA,Sydney,Motorcycles,Electric,Retail,Dealer,City Motors,Rahul,11,31812.87,349941.61,7.9,27645.39,322296.22,261691.17,60605.05,18.8,8.0,25783.7,10192.76,0,3.8,9,Finance
ORD202200259,2022-06-06 20:46:38.331943286,2022,6,Q2,Sweden,Stockholm,Motorcycles,Hybrid,Retail,Online,Prime Motors,Meera,6,17268.16,103608.95,17.9,18546.0,85062.95,65092.08,19970.87,23.48,8.0,6805.04,1980.85,0,5.0,8,Bank Transfer
ORD202200260,2022-06-07 11:22:10.108423688,2022,6,Q2,UK,Helsinki,Trucks and Buses,Diesel,Government,Dealer,Prime Motors,Priya,1,76110.41,76110.41,14.6,11112.12,64998.29,47808.86,17189.42,26.45,8.0,5199.86,3062.28,0,3.6,8,Cash
ORD202200261,2022-06-08 01:57:41.884904088,2022,6,Q2,Belgium,Brussels,Vintage Cars,Petrol,Retail,Dealer,Global Auto,Sneha,5,42220.61,211103.04,2.3,4855.37,206247.67,155591.13,50656.54,24.56,18.0,37124.58,8347.3,0,4.2,2,UPI
ORD202200262,2022-06-08 16:33:13.661384488,2022,6,Q2,Denmark,Copenhagen,Classic Cars,Diesel,Retail,Direct Sales,Speed Wheels,Sofia,2,34222.8,68445.61,15.4,10540.62,57904.98,44541.04,13363.94,23.08,10.0,5790.5,2869.9,0,4.5,7,Bank Transfer
ORD202200263,2022-06-09 07:08:45.437864888,2022,6,Q2,India,Tokyo,Classic Cars,Hybrid,Corporate,Distributor,City Motors,Arun,7,88739.14,621173.99,12.5,77646.75,543527.24,475470.16,68057.08,12.52,12.0,65223.27,21392.18,1,4.2,3,UPI
ORD202200264,2022-06-09 21:44:17.214345288,2022,6,Q2,Austria,Sydney,Motorcycles,Diesel,Fleet,Online,Global Auto,Ananya,5,19210.31,96051.53,5.5,5282.83,90768.7,79179.09,11589.61,12.77,10.0,9076.87,2067.29,0,3.9,10,Credit Card
ORD202200265,2022-06-10 12:19:48.990825688,2022,6,Q2,Spain,Stockholm,Planes,Electric,Fleet,Distributor,Elite Cars,Meera,6,100283.1,601698.59,18.0,108305.75,493392.84,362230.96,131161.88,26.58,5.0,24669.64,16490.38,0,4.5,6,Cash
ORD202200266,2022-06-11 02:55:20.767306090,2022,6,Q2,USA,Brussels,Classic Cars,Petrol,Retail,Dealer,City Motors,Priya,8,94249.8,753998.42,16.8,126671.73,627326.68,481977.72,145348.97,23.17,18.0,112918.8,10266.5,0,4.7,11,UPI
ORD202200267,2022-06-11 17:30:52.543786490,2022,6,Q2,India,Copenhagen,Motorcycles,Hybrid,Retail,Direct Sales,City Motors,Rahul,4,25556.65,102226.61,9.8,10018.21,92208.4,75807.34,16401.06,17.79,18.0,16597.51,4420.59,0,4.1,8,Cash
ORD202200268,2022-06-12 08:06:24.320266890,2022,6,Q2,Belgium,New York,Classic Cars,Hybrid,Fleet,Online,Global Auto,Karthik,11,36206.08,398266.86,13.6,54164.29,344102.57,255577.13,88525.44,25.73,10.0,34410.26,14228.18,1,3.9,7,UPI
ORD202200269,2022-06-12 22:41:56.096747290,2022,6,Q2,Sweden,Helsinki,Ships,Petrol,Retail,Direct Sales,Prime Motors,Ananya,3,86607.44,259822.31,11.4,29619.74,230202.57,187703.33,42499.24,18.46,5.0,11510.13,7177.92,0,3.4,6,UPI
ORD202200270,2022-06-13 13:17:27.873227690,2022,6,Q2,Japan,Toronto,Classic Cars,Petrol,Corporate,Online,Speed Wheels,Daniel,1,89748.12,89748.12,13.4,12026.25,77721.87,54915.3,22806.58,29.34,18.0,13989.94,3428.76,0,5.0,7,UPI
ORD202200271,2022-06-14 03:52:59.649708090,2022,6,Q2,USA,Stockholm,Vintage Cars,Petrol,Retail,Dealer,Prime Motors,Karthik,4,65113.88,260455.5,3.7,9636.85,250818.65,197468.61,53350.04,21.27,8.0,20065.49,6522.54,0,4.7,2,Bank Transfer
ORD202200272,2022-06-14 18:28:31.426188492,2022,6,Q2,Sweden,Brussels,Classic Cars,Electric,Retail,Direct Sales,City Motors,Sofia,4,36081.54,144326.17,10.4,15009.92,129316.25,107507.42,21808.82,16.86,10.0,12931.62,4164.24,0,5.0,9,Finance
ORD202200273,2022-06-15 09:04:03.202668892,2022,6,Q2,France,Toronto,Vintage Cars,Petrol,Retail,Dealer,Elite Cars,Sneha,10,53191.55,531915.47,13.9,73936.25,457979.22,402594.4,55384.82,12.09,12.0,54957.51,7114.02,1,3.7,6,Credit Card
ORD202200274,2022-06-15 23:39:34.979149292,2022,6,Q2,Italy,Brussels,Planes,Petrol,Corporate,Direct Sales,Speed Wheels,Rahul,4,150857.33,603429.34,14.4,86893.82,516535.51,410707.79,105827.72,20.49,12.0,61984.26,13674.18,0,2.8,12,UPI
ORD202200275,2022-06-16 14:15:06.755629692,2022,6,Q2,Germany,Paris,Classic Cars,Petrol,Retail,Online,City Motors,Rahul,2,65491.18,130982.36,6.6,8644.84,122337.53,106376.52,15961.01,13.05,12.0,14680.5,3853.27,0,3.5,9,Bank Transfer
ORD202200276,2022-06-17 04:50:38.532110092,2022,6,Q2,Switzerland,New York,Trucks and Buses,Electric,Fleet,Direct Sales,Speed Wheels,Meera,13,53576.18,696490.31,3.1,21591.2,674899.11,586952.66,87946.45,13.03,18.0,121481.84,26676.41,1,3.3,15,Cash
ORD202200277,2022-06-17 19:26:10.308590492,2022,6,Q2,Japan,New York,Classic Cars,Hybrid,Retail,Direct Sales,Prime Motors,Meera,10,78387.81,783878.1,0.7,5487.15,778390.95,591620.82,186770.13,23.99,12.0,93406.91,17749.91,0,3.9,5,Cash
ORD202200278,2022-06-18 10:01:42.085070894,2022,6,Q2,France,Toronto,Classic Cars,Petrol,Retail,Dealer,Elite Cars,Rahul,7,74982.54,524877.78,17.8,93428.24,431449.54,330748.19,100701.35,23.34,18.0,77660.92,17233.8,1,3.5,9,UPI
ORD202200279,2022-06-19 00:37:13.861551294,2022,6,Q2,Denmark,Mumbai,Vintage Cars,Petrol,Corporate,Online,AutoMax,Priya,14,25629.52,358813.21,15.8,56692.49,302120.72,240072.03,62048.69,20.54,10.0,30212.07,13300.29,1,4.3,10,Credit Card
ORD202200280,2022-06-19 15:12:45.638031694,2022,6,Q2,Switzerland,Tokyo,Planes,Hybrid,Retail,Direct Sales,City Motors,Karthik,15,79564.18,1193462.77,8.7,103831.26,1089631.5,770365.45,319266.06,29.3,18.0,196133.67,43828.92,0,3.7,8,Bank Transfer
ORD202200281,2022-06-20 05:48:17.414512094,2022,6,Q2,France,Vienna,Classic Cars,Petrol,Government,Distributor,City Motors,Daniel,7,57833.27,404832.9,14.7,59510.44,345322.47,265825.62,79496.84,23.02,12.0,41438.7,7056.79,0,4.4,4,Bank Transfer
ORD202200282,2022-06-20 20:23:49.190992494,2022,6,Q2,France,Helsinki,Classic Cars,Petrol,Retail,Dealer,Global Auto,Arun,10,80167.27,801672.69,9.5,76158.91,725513.78,570996.17,154517.61,21.3,18.0,130592.48,37225.19,0,5.0,14,Cash
ORD202200283,2022-06-21 10:59:20.967472894,2022,6,Q2,Australia,Singapore,Classic Cars,Diesel,Retail,Dealer,Global Auto,Sofia,11,65997.28,725970.09,8.0,58077.61,667892.48,461901.03,205991.46,30.84,18.0,120220.65,31033.56,0,4.0,14,Cash
ORD202200284,2022-06-22 01:34:52.743953296,2022,6,Q2,Philippines,Brussels,Planes,Petrol,Retail,Dealer,Global Auto,Daniel,6,70544.93,423269.55,7.5,31745.22,391524.34,296390.88,95133.45,24.3,8.0,31321.95,9802.13,0,3.6,3,UPI
ORD202200285,2022-06-22 16:10:24.520433696,2022,6,Q2,Singapore,Paris,Motorcycles,Electric,Fleet,Dealer,Prime Motors,Ananya,10,20320.11,203201.09,11.0,22352.12,180848.97,125445.82,55403.15,30.64,8.0,14467.92,7948.24,0,4.5,14,Cash
ORD202200286,2022-06-23 06:45:56.296914096,2022,6,Q2,Norway,Mumbai,Trucks and Buses,Petrol,Retail,Dealer,Speed Wheels,Karthik,11,38277.2,421049.17,2.3,9684.13,411365.04,292185.99,119179.05,28.97,8.0,32909.2,22334.08,1,4.1,8,Credit Card
ORD202200287,2022-06-23 21:21:28.073394496,2022,6,Q2,Germany,Manila,Classic Cars,Petrol,Fleet,Dealer,City Motors,Daniel,8,87413.86,699310.85,13.6,95106.28,604204.57,516295.59,87908.98,14.55,8.0,48336.37,24180.77,0,4.4,2,Finance
ORD202200288,2022-06-24 11:56:59.849874896,2022,6,Q2,India,Manila,Motorcycles,Diesel,Corporate,Dealer,AutoMax,Priya,7,31942.36,223596.52,4.9,10956.23,212640.29,153206.54,59433.75,27.95,10.0,21264.03,6102.91,0,3.7,11,Finance
ORD202200289,2022-06-25 02:32:31.626355296,2022,6,Q2,India,Madrid,Motorcycles,Electric,Retail,Online,City Motors,Ananya,5,18844.4,94222.01,17.5,16488.85,77733.16,69187.65,8545.51,10.99,8.0,6218.65,2207.29,1,4.5,7,Cash
ORD202200290,2022-06-25 17:08:03.402835698,2022,6,Q2,Sweden,Stockholm,Trucks and Buses,Petrol,Retail,Direct Sales,City Motors,Karthik,10,37156.42,371564.17,11.1,41243.62,330320.55,281708.81,48611.74,14.72,12.0,39638.47,14706.41,0,4.7,2,UPI
ORD202200291,2022-06-26 07:43:35.179316098,2022,6,Q2,Austria,Berlin,Classic Cars,Diesel,Retail,Dealer,Global Auto,Sneha,10,53051.09,530510.91,11.8,62600.29,467910.63,359031.24,108879.39,23.27,18.0,84223.91,12669.85,0,3.1,7,UPI
ORD202200292,2022-06-26 22:19:06.955796498,2022,6,Q2,Germany,Stockholm,Trains,Diesel,Retail,Dealer,Speed Wheels,Meera,13,55394.42,720127.42,2.9,20883.7,699243.72,546608.96,152634.76,21.83,12.0,83909.25,22991.3,0,4.9,13,UPI
ORD202200293,2022-06-27 12:54:38.732276898,2022,6,Q2,Sweden,Mumbai,Trucks and Buses,Petrol,Corporate,Dealer,City Motors,Daniel,9,41742.15,375679.35,17.3,64992.53,310686.82,216783.33,93903.49,30.22,12.0,37282.42,14774.44,1,4.8,11,UPI
ORD202200294,2022-06-28 03:30:10.508757298,2022,6,Q2,Switzerland,Copenhagen,Trucks and Buses,Electric,Retail,Dealer,Elite Cars,Rahul,3,41396.78,124190.33,15.2,18876.93,105313.4,75919.65,29393.75,27.91,5.0,5265.67,3730.86,0,4.8,12,UPI
ORD202200295,2022-06-28 18:05:42.285237698,2022,6,Q2,Italy,Manila,Trucks and Buses,Petrol,Fleet,Direct Sales,Elite Cars,Arun,15,54604.81,819072.21,8.5,69621.14,749451.08,598962.2,150488.88,20.08,12.0,89934.13,40983.7,0,3.0,8,Finance
ORD202200296,2022-06-29 08:41:14.061718100,2022,6,Q2,Philippines,Vienna,Trains,Electric,Corporate,Online,Elite Cars,Karthik,14,33962.25,475471.45,13.0,61811.29,413660.16,295681.93,117978.23,28.52,10.0,41366.02,12679.47,0,4.7,13,Credit Card
ORD202200297,2022-06-29 23:16:45.838198500,2022,6,Q2,Philippines,London,Vintage Cars,Petrol,Corporate,Direct Sales,AutoMax,Karthik,9,26384.01,237456.12,2.0,4749.12,232707.0,187204.21,45502.79,19.55,8.0,18616.56,12545.15,0,4.7,2,UPI
ORD202200298,2022-06-30 13:52:17.614678900,2022,6,Q2,Japan,Sydney,Planes,Diesel,Government,Dealer,AutoMax,Ananya,3,159297.26,477891.77,11.8,56391.23,421500.54,330669.79,90830.74,21.55,12.0,50580.06,11995.13,1,3.8,2,Cash
ORD202200299,2022-07-01 04:27:49.391159300,2022,7,Q3,Germany,Helsinki,Trucks and Buses,Petrol,Corporate,Dealer,Prime Motors,Rahul,4,108235.74,432942.98,1.0,4329.43,428613.55,350716.27,77897.28,18.17,18.0,77150.44,17193.71,0,3.5,2,Credit Card
ORD202200300,2022-07-01 19:03:21.167639700,2022,7,Q3,India,Helsinki,Classic Cars,Diesel,Retail,Dealer,Global Auto,Ananya,9,68463.82,616174.34,7.8,48061.6,568112.74,468695.32,99417.42,17.5,18.0,102260.29,24646.42,0,3.3,15,Credit Card
ORD202200301,2022-07-02 09:38:52.944120100,2022,7,Q3,Spain,Stockholm,Classic Cars,Petrol,Corporate,Online,Speed Wheels,Sneha,14,42025.19,588352.64,14.4,84722.78,503629.86,349121.75,154508.1,30.68,18.0,90653.37,14741.99,1,4.6,8,Bank Transfer
ORD202200302,2022-07-03 00:14:24.720600502,2022,7,Q3,France,Tokyo,Classic Cars,Diesel,Retail,Dealer,Global Auto,Meera,1,57654.89,57654.89,9.8,5650.18,52004.71,46786.35,5218.36,10.03,12.0,6240.57,2505.54,1,3.8,14,Bank Transfer
ORD202200303,2022-07-03 14:49:56.497080902,2022,7,Q3,Italy,Rome,Trains,Petrol,Retail,Dealer,Prime Motors,Arun,2,36377.93,72755.87,7.8,5674.96,67080.91,57363.53,9717.38,14.49,12.0,8049.71,3006.52,0,3.7,13,Finance
ORD202200304,2022-07-04 05:25:28.273561302,2022,7,Q3,France,Madrid,Classic Cars,Diesel,Corporate,Online,Prime Motors,Karthik,14,79890.46,1118466.48,14.1,157703.77,960762.7,748439.57,212323.13,22.1,8.0,76861.02,33895.83,0,3.8,9,UPI
ORD202200305,2022-07-04 20:01:00.050041702,2022,7,Q3,Switzerland,Sydney,Vintage Cars,Petrol,Corporate,Dealer,AutoMax,Priya,2,27219.52,54439.03,17.9,9744.59,44694.44,33865.92,10828.53,24.23,12.0,5363.33,2368.67,0,4.3,14,Credit Card
ORD202200306,2022-07-05 10:36:31.826522102,2022,7,Q3,Sweden,Madrid,Vintage Cars,Diesel,Retail,Direct Sales,Global Auto,Vikram,4,25658.65,102634.6,0.1,102.63,102531.97,85907.96,16624.0,16.21,18.0,18455.75,5128.16,0,4.3,4,Finance
ORD202200307,2022-07-06 01:12:03.603002502,2022,7,Q3,Belgium,Helsinki,Planes,Petrol,Corporate,Online,Elite Cars,Sofia,13,115433.81,1500639.48,12.1,181577.38,1319062.11,933013.17,386048.94,29.27,8.0,105524.97,41217.08,0,3.8,12,UPI
ORD202200308,2022-07-06 15:47:35.379482904,2022,7,Q3,Canada,Helsinki,Vintage Cars,Petrol,Retail,Online,Elite Cars,Ananya,3,36724.11,110172.34,17.5,19280.16,90892.18,64126.45,26765.74,29.45,18.0,16360.59,4885.8,0,4.4,14,UPI
ORD202200309,2022-07-07 06:23:07.155963304,2022,7,Q3,India,Tokyo,Motorcycles,Diesel,Retail,Direct Sales,City Motors,Ananya,2,22606.68,45213.35,6.4,2893.65,42319.7,29123.34,13196.36,31.18,5.0,2115.98,992.46,0,4.7,14,Finance
ORD202200310,2022-07-07 20:58:38.932443704,2022,7,Q3,Finland,Helsinki,Vintage Cars,Hybrid,Government,Online,Prime Motors,Daniel,13,23978.22,311716.91,16.9,52680.16,259036.75,190864.66,68172.09,26.32,8.0,20722.94,11253.31,0,3.9,7,UPI
ORD202200311,2022-07-08 11:34:10.708924104,2022,7,Q3,Finland,Berlin,Trains,Electric,Retail,Online,AutoMax,Rahul,5,31391.63,156958.14,3.6,5650.49,151307.65,122093.11,29214.54,19.31,10.0,15130.76,6936.52,0,4.0,13,Cash
ORD202200312,2022-07-09 02:09:42.485404504,2022,7,Q3,Singapore,Vienna,Classic Cars,Petrol,Fleet,Dealer,Global Auto,Sofia,7,46250.28,323751.94,13.9,45001.52,278750.42,193124.62,85625.8,30.72,18.0,50175.08,5446.63,0,4.1,15,Cash
ORD202200313,2022-07-09 16:45:14.261884904,2022,7,Q3,Singapore,Zurich,Classic Cars,Electric,Retail,Online,Prime Motors,Priya,7,58029.21,406204.5,11.7,47525.93,358678.57,281829.5,76849.07,21.43,5.0,17933.93,13815.4,0,4.6,14,Bank Transfer
ORD202200314,2022-07-10 07:20:46.038365306,2022,7,Q3,France,Zurich,Classic Cars,Diesel,Corporate,Distributor,City Motors,Meera,12,60697.12,728365.45,12.8,93230.78,635134.67,548974.37,86160.3,13.57,10.0,63513.47,24450.49,1,4.2,4,Finance
ORD202200315,2022-07-10 21:56:17.814845706,2022,7,Q3,Italy,Copenhagen,Ships,Diesel,Retail,Direct Sales,Prime Motors,Meera,1,84889.39,84889.39,15.7,13327.63,71561.75,49920.63,21641.12,30.24,12.0,8587.41,2353.96,1,4.3,10,Credit Card
ORD202200316,2022-07-11 12:31:49.591326106,2022,7,Q3,Austria,Brussels,Vintage Cars,Hybrid,Retail,Direct Sales,Global Auto,Ananya,12,39995.57,479946.82,5.5,26397.07,453549.74,327731.54,125818.2,27.74,18.0,81638.95,24414.21,0,3.7,3,Credit Card
ORD202200317,2022-07-12 03:07:21.367806506,2022,7,Q3,Japan,New York,Classic Cars,Petrol,Fleet,Dealer,Global Auto,Karthik,8,77253.04,618024.32,11.3,69836.75,548187.58,445200.6,102986.97,18.79,8.0,43855.01,9298.79,0,4.1,12,Cash
ORD202200318,2022-07-12 17:42:53.144286906,2022,7,Q3,USA,Sydney,Classic Cars,Petrol,Retail,Online,City Motors,Rahul,9,83768.64,753917.73,13.7,103286.73,650631.0,527002.91,123628.09,19.0,10.0,65063.1,18690.02,1,3.8,11,Bank Transfer
ORD202200319,2022-07-13 08:18:24.920767306,2022,7,Q3,Italy,Tokyo,Motorcycles,Diesel,Fleet,Dealer,Global Auto,Sneha,1,16175.2,16175.2,0.4,64.7,16110.5,13345.69,2764.81,17.16,12.0,1933.26,308.74,0,3.2,7,Bank Transfer
ORD202200320,2022-07-13 22:53:56.697247708,2022,7,Q3,UK,London,Trucks and Buses,Petrol,Retail,Distributor,Speed Wheels,Meera,11,83684.01,920524.11,7.2,66277.74,854246.37,754230.92,100015.45,11.71,10.0,85424.64,39684.02,0,4.1,7,Cash
ORD202200321,2022-07-14 13:29:28.473728108,2022,7,Q3,Germany,Brussels,Classic Cars,Electric,Corporate,Online,City Motors,Vikram,7,101818.36,712728.55,11.2,79825.6,632902.96,540084.88,92818.08,14.67,5.0,31645.15,16362.06,1,3.3,11,Cash
ORD202200322,2022-07-15 04:05:00.250208508,2022,7,Q3,Austria,Vienna,Vintage Cars,Petrol,Retail,Direct Sales,Global Auto,Daniel,10,31484.52,314845.23,6.8,21409.48,293435.76,217959.48,75476.28,25.72,10.0,29343.58,15449.83,1,5.0,14,UPI
ORD202200323,2022-07-15 18:40:32.026688908,2022,7,Q3,Denmark,Berlin,Classic Cars,Petrol,Corporate,Dealer,Prime Motors,Rahul,14,51318.47,718458.63,7.4,53165.94,665292.69,485477.32,179815.36,27.03,12.0,79835.12,29971.61,0,3.5,11,Finance
ORD202200324,2022-07-16 09:16:03.803169308,2022,7,Q3,UK,Vienna,Motorcycles,Electric,Retail,Dealer,Prime Motors,Vikram,11,23228.93,255518.26,13.1,33472.89,222045.37,162597.86,59447.51,26.77,18.0,39968.17,9132.98,0,4.3,14,Credit Card
ORD202200325,2022-07-16 23:51:35.579649708,2022,7,Q3,USA,Tokyo,Vintage Cars,Hybrid,Retail,Dealer,Elite Cars,Meera,2,61573.94,123147.89,14.4,17733.3,105414.59,91170.94,14243.65,13.51,12.0,12649.75,1588.01,0,3.8,4,Bank Transfer
ORD202200326,2022-07-17 14:27:07.356130110,2022,7,Q3,Sweden,Toronto,Classic Cars,Petrol,Government,Online,Elite Cars,Daniel,8,35958.44,287667.51,16.0,46026.8,241640.71,204305.53,37335.18,15.45,18.0,43495.33,5314.07,0,2.7,7,Bank Transfer
ORD202200327,2022-07-18 05:02:39.132610510,2022,7,Q3,Australia,Singapore,Classic Cars,Hybrid,Government,Dealer,Elite Cars,Daniel,8,51841.25,414730.01,3.9,16174.47,398555.54,358568.08,39987.46,10.03,8.0,31884.44,15573.03,0,3.8,4,Finance
ORD202200328,2022-07-18 19:38:10.909090910,2022,7,Q3,France,Copenhagen,Trucks and Buses,Hybrid,Retail,Dealer,Elite Cars,Meera,4,55151.12,220604.47,9.4,20736.82,199867.65,157711.47,42156.18,21.09,10.0,19986.77,4853.57,0,4.2,3,Bank Transfer
ORD202200329,2022-07-19 10:13:42.685571310,2022,7,Q3,India,Zurich,Ships,Electric,Fleet,Direct Sales,Prime Motors,Ananya,1,144430.71,144430.71,6.2,8954.7,135476.01,111794.81,23681.2,17.48,10.0,13547.6,3552.0,1,4.2,2,Bank Transfer
ORD202200330,2022-07-20 00:49:14.462051710,2022,7,Q3,Sweden,Sydney,Motorcycles,Hybrid,Fleet,Online,City Motors,Meera,15,12189.83,182847.42,17.4,31815.45,151031.97,111042.28,39989.69,26.48,10.0,15103.2,5694.08,0,3.6,5,Credit Card
ORD202200331,2022-07-20 15:24:46.238532110,2022,7,Q3,Denmark,Singapore,Trains,Electric,Retail,Online,City Motors,Priya,14,34279.4,479911.59,5.6,26875.05,453036.54,336801.17,116235.37,25.66,18.0,81546.58,18328.33,0,3.9,15,UPI
ORD202200332,2022-07-21 06:00:18.015012512,2022,7,Q3,Spain,Paris,Classic Cars,Diesel,Corporate,Online,City Motors,Arun,6,61870.88,371225.26,1.7,6310.83,364914.43,283064.17,81850.26,22.43,5.0,18245.72,10331.98,0,3.2,11,Finance
ORD202200333,2022-07-21 20:35:49.791492912,2022,7,Q3,Germany,New York,Motorcycles,Petrol,Retail,Dealer,AutoMax,Karthik,13,27756.73,360837.51,3.6,12990.15,347847.36,255713.12,92134.24,26.49,10.0,34784.74,7789.18,0,4.1,6,UPI
ORD202200334,2022-07-22 11:11:21.567973312,2022,7,Q3,Australia,Singapore,Trucks and Buses,Diesel,Retail,Dealer,City Motors,Meera,7,63663.18,445642.28,4.2,18716.98,426925.31,320633.54,106291.77,24.9,5.0,21346.27,11554.92,0,4.5,7,Cash
ORD202200335,2022-07-23 01:46:53.344453712,2022,7,Q3,Singapore,Singapore,Vintage Cars,Diesel,Retail,Direct Sales,Elite Cars,Priya,11,32914.13,362055.46,1.2,4344.67,357710.8,293988.19,63722.61,17.81,8.0,28616.86,8225.54,0,3.9,5,Finance
ORD202200336,2022-07-23 16:22:25.120934112,2022,7,Q3,Sweden,Helsinki,Trains,Diesel,Retail,Direct Sales,Elite Cars,Priya,9,34812.06,313308.56,0.1,313.31,312995.25,223805.39,89189.86,28.5,12.0,37559.43,8861.87,0,3.6,12,Bank Transfer
ORD202200337,2022-07-24 06:57:56.897414512,2022,7,Q3,Philippines,Zurich,Vintage Cars,Electric,Corporate,Direct Sales,AutoMax,Priya,11,36773.43,404507.68,2.2,8899.17,395608.51,281144.51,114464.0,28.93,12.0,47473.02,12662.96,0,4.4,10,UPI
ORD202200338,2022-07-24 21:33:28.673894914,2022,7,Q3,India,Rome,Classic Cars,Diesel,Retail,Direct Sales,Prime Motors,Vikram,10,69962.92,699629.18,7.3,51072.93,648556.25,502989.43,145566.82,22.44,10.0,64855.62,24581.4,0,4.3,8,Bank Transfer
ORD202200339,2022-07-25 12:09:00.450375314,2022,7,Q3,France,Helsinki,Classic Cars,Electric,Fleet,Distributor,AutoMax,Ananya,5,83917.56,419587.78,14.7,61679.4,357908.38,244477.52,113430.86,31.69,10.0,35790.84,18398.97,1,4.4,9,Credit Card
ORD202200340,2022-07-26 02:44:32.226855714,2022,7,Q3,Australia,Paris,Trucks and Buses,Diesel,Fleet,Online,Prime Motors,Arun,3,47306.44,141919.31,17.9,25403.56,116515.75,104672.83,11842.92,10.16,12.0,13981.89,4641.77,0,3.4,12,Credit Card
ORD202200341,2022-07-26 17:20:04.003336114,2022,7,Q3,USA,Manila,Classic Cars,Hybrid,Retail,Dealer,Global Auto,Sofia,11,74465.07,819115.8,15.7,128601.18,690514.62,525845.15,164669.47,23.85,8.0,55241.17,35030.62,1,3.5,13,Credit Card
ORD202200342,2022-07-27 07:55:35.779816514,2022,7,Q3,Belgium,Zurich,Vintage Cars,Petrol,Retail,Online,AutoMax,Sofia,7,32367.4,226571.79,11.4,25829.18,200742.61,172507.79,28234.82,14.07,18.0,36133.67,5712.36,0,4.2,11,UPI
ORD202200343,2022-07-27 22:31:07.556296914,2022,7,Q3,Spain,Singapore,Trucks and Buses,Petrol,Retail,Online,City Motors,Priya,15,47509.39,712640.88,15.0,106896.13,605744.75,463087.58,142657.17,23.55,8.0,48459.58,28836.18,0,3.3,4,Cash
ORD202200344,2022-07-28 13:06:39.332777316,2022,7,Q3,Spain,Oslo,Motorcycles,Petrol,Corporate,Dealer,Speed Wheels,Ananya,7,24415.57,170909.0,10.1,17261.81,153647.19,135914.82,17732.37,11.54,10.0,15364.72,5446.73,0,4.5,11,Bank Transfer
ORD202200345,2022-07-29 03:42:11.109257716,2022,7,Q3,Finland,Brussels,Vintage Cars,Hybrid,Retail,Dealer,Elite Cars,Daniel,8,31500.94,252007.5,14.6,36793.1,215214.41,171811.24,43403.16,20.17,10.0,21521.44,7262.69,1,4.7,10,Finance
ORD202200346,2022-07-29 18:17:42.885738116,2022,7,Q3,Denmark,Rome,Motorcycles,Diesel,Fleet,Online,Speed Wheels,Arun,14,11191.16,156676.27,1.9,2976.85,153699.42,119035.7,34663.72,22.55,5.0,7684.97,7576.76,0,4.2,15,Finance
ORD202200347,2022-07-30 08:53:14.662218516,2022,7,Q3,USA,New York,Vintage Cars,Diesel,Corporate,Distributor,AutoMax,Ananya,2,74902.34,149804.68,16.8,25167.19,124637.5,96371.63,28265.87,22.68,8.0,9971.0,4203.21,0,4.2,8,UPI
ORD202200348,2022-07-30 23:28:46.438698916,2022,7,Q3,Canada,Paris,Trucks and Buses,Petrol,Fleet,Dealer,AutoMax,Ananya,14,80422.8,1125919.27,12.2,137362.15,988557.12,742818.83,245738.29,24.86,12.0,118626.85,22391.67,0,3.9,9,Credit Card
ORD202200349,2022-07-31 14:04:18.215179316,2022,7,Q3,Switzerland,Helsinki,Classic Cars,Petrol,Retail,Dealer,AutoMax,Sofia,9,39215.48,352939.34,16.8,59293.81,293645.53,215236.63,78408.89,26.7,10.0,29364.55,16119.07,0,3.6,9,UPI
ORD202200350,2022-08-01 04:39:49.991659716,2022,8,Q3,Denmark,Oslo,Motorcycles,Diesel,Fleet,Dealer,AutoMax,Ananya,10,18399.05,183990.5,7.8,14351.26,169639.24,128693.52,40945.72,24.14,5.0,8481.96,3746.12,1,3.6,14,Finance
ORD202200351,2022-08-01 19:15:21.768140116,2022,8,Q3,Finland,Stockholm,Classic Cars,Electric,Corporate,Dealer,AutoMax,Sneha,8,34039.68,272317.42,6.0,16339.05,255978.37,208712.87,47265.5,18.46,12.0,30717.4,13457.27,1,4.6,10,UPI
ORD202200352,2022-08-02 09:50:53.544620516,2022,8,Q3,Singapore,Paris,Planes,Electric,Retail,Dealer,City Motors,Karthik,11,115899.42,1274893.64,8.7,110915.75,1163977.89,950175.21,213802.69,18.37,18.0,209516.02,43697.62,1,3.9,9,UPI
ORD202200353,2022-08-03 00:26:25.321100920,2022,8,Q3,USA,New York,Vintage Cars,Petrol,Retail,Online,Global Auto,Sofia,6,49028.61,294171.68,17.9,52656.73,241514.95,202952.37,38562.58,15.97,8.0,19321.2,8822.24,1,3.6,13,Cash
ORD202200354,2022-08-03 15:01:57.097581320,2022,8,Q3,Singapore,London,Classic Cars,Diesel,Fleet,Direct Sales,Prime Motors,Karthik,14,49382.44,691354.17,5.8,40098.54,651255.63,525563.93,125691.7,19.3,8.0,52100.45,11992.55,0,3.5,12,Bank Transfer
ORD202200355,2022-08-04 05:37:28.874061720,2022,8,Q3,Canada,Mumbai,Classic Cars,Hybrid,Corporate,Direct Sales,Speed Wheels,Sneha,1,69956.53,69956.53,11.1,7765.18,62191.36,48076.31,14115.05,22.7,8.0,4975.31,2429.14,0,4.6,9,Finance
ORD202200356,2022-08-04 20:13:00.650542120,2022,8,Q3,Belgium,Singapore,Trucks and Buses,Petrol,Corporate,Dealer,City Motors,Arun,4,48564.3,194257.19,16.2,31469.66,162787.52,116855.31,45932.22,28.22,8.0,13023.0,7882.55,0,4.2,15,Bank Transfer
ORD202200357,2022-08-05 10:48:32.427022520,2022,8,Q3,Denmark,Brussels,Classic Cars,Petrol,Corporate,Dealer,Speed Wheels,Meera,4,42643.22,170572.87,17.4,29679.68,140893.19,116335.06,24558.13,17.43,12.0,16907.18,7731.41,0,5.0,2,Cash
ORD202200358,2022-08-06 01:24:04.203502920,2022,8,Q3,Switzerland,Mumbai,Planes,Petrol,Government,Dealer,AutoMax,Ananya,11,72696.09,799657.03,12.2,97558.16,702098.87,538284.06,163814.81,23.33,12.0,84251.86,29612.32,0,4.1,3,Credit Card
ORD202200359,2022-08-06 15:59:35.979983320,2022,8,Q3,Switzerland,Madrid,Ships,Petrol,Retail,Online,Speed Wheels,Sneha,5,72701.61,363508.05,6.6,23991.53,339516.51,271409.02,68107.49,20.06,18.0,61112.97,11065.75,1,4.5,3,UPI
ORD202200360,2022-08-07 06:35:07.756463720,2022,8,Q3,Italy,Oslo,Vintage Cars,Diesel,Fleet,Dealer,Speed Wheels,Vikram,2,42319.23,84638.47,7.6,6432.52,78205.94,54894.32,23311.62,29.81,12.0,9384.71,1351.05,0,3.5,11,Finance
ORD202200361,2022-08-07 21:10:39.532944120,2022,8,Q3,Belgium,Paris,Trucks and Buses,Electric,Retail,Direct Sales,City Motors,Vikram,14,41882.12,586349.63,4.8,28144.78,558204.85,461357.1,96847.75,17.35,10.0,55820.48,28943.47,1,4.1,14,Cash
ORD202200362,2022-08-08 11:46:11.309424520,2022,8,Q3,UK,Stockholm,Trains,Petrol,Fleet,Distributor,Elite Cars,Arun,7,75219.81,526538.64,13.7,72135.79,454402.84,404252.18,50150.66,11.04,10.0,45440.28,10652.0,0,3.7,7,Finance
ORD202200363,2022-08-09 02:21:43.085904920,2022,8,Q3,France,Berlin,Classic Cars,Petrol,Retail,Dealer,Prime Motors,Priya,3,65074.91,195224.72,14.2,27721.91,167502.81,128319.48,39183.33,23.39,18.0,30150.51,8287.47,0,3.3,12,Finance
ORD202200364,2022-08-09 16:57:14.862385320,2022,8,Q3,Singapore,New York,Motorcycles,Petrol,Fleet,Dealer,AutoMax,Karthik,15,15974.31,239614.66,9.9,23721.85,215892.8,157007.45,58885.35,27.28,8.0,17271.42,8491.37,0,3.9,13,UPI
ORD202200365,2022-08-10 07:32:46.638865724,2022,8,Q3,Spain,Manila,Trucks and Buses,Electric,Fleet,Distributor,City Motors,Sneha,11,60143.67,661580.36,4.2,27786.37,633793.98,471848.83,161945.15,25.55,5.0,31689.7,23345.76,1,3.7,13,Finance
ORD202200366,2022-08-10 22:08:18.415346124,2022,8,Q3,Japan,Brussels,Motorcycles,Diesel,Retail,Online,Speed Wheels,Sofia,8,31878.91,255031.28,2.4,6120.75,248910.53,208435.18,40475.35,16.26,10.0,24891.05,4786.21,1,3.4,12,Bank Transfer
ORD202200367,2022-08-11 12:43:50.191826524,2022,8,Q3,UK,Copenhagen,Trucks and Buses,Petrol,Corporate,Distributor,Global Auto,Sneha,5,95921.56,479607.81,8.1,38848.23,440759.57,347227.67,93531.91,21.22,18.0,79336.72,23259.13,0,4.1,4,Finance
ORD202200368,2022-08-12 03:19:21.968306924,2022,8,Q3,Austria,Rome,Motorcycles,Petrol,Government,Direct Sales,Elite Cars,Meera,4,19511.42,78045.68,12.8,9989.85,68055.83,49778.22,18277.61,26.86,12.0,8166.7,2304.31,0,5.0,7,Finance
ORD202200369,2022-08-12 17:54:53.744787324,2022,8,Q3,USA,Tokyo,Vintage Cars,Hybrid,Government,Distributor,Elite Cars,Priya,15,60061.99,900929.86,11.1,100003.21,800926.65,578590.35,222336.29,27.76,12.0,96111.2,34164.42,0,4.7,13,Cash
ORD202200370,2022-08-13 08:30:25.521267724,2022,8,Q3,India,Stockholm,Ships,Petrol,Retail,Direct Sales,Speed Wheels,Vikram,10,117723.5,1177234.98,12.3,144799.9,1032435.08,924345.39,108089.7,10.47,5.0,51621.75,43570.68,0,4.7,7,Bank Transfer
ORD202200371,2022-08-13 23:05:57.297748124,2022,8,Q3,Spain,Brussels,Motorcycles,Hybrid,Government,Dealer,Prime Motors,Daniel,9,19258.56,173327.02,5.2,9013.0,164314.01,129771.59,34542.42,21.02,12.0,19717.68,8698.0,0,4.7,14,Cash
ORD202200372,2022-08-14 13:41:29.074228524,2022,8,Q3,Spain,Tokyo,Classic Cars,Petrol,Fleet,Dealer,Speed Wheels,Priya,14,72642.88,1017000.33,10.5,106785.03,910215.29,754761.64,155453.65,17.08,5.0,45510.76,48803.46,0,4.5,10,Bank Transfer
ORD202200373,2022-08-15 04:17:00.850708924,2022,8,Q3,Norway,Stockholm,Vintage Cars,Hybrid,Retail,Dealer,Prime Motors,Ananya,8,32582.04,260656.3,1.3,3388.53,257267.77,183472.18,73795.58,28.68,12.0,30872.13,7858.12,0,3.3,15,Finance
ORD202200374,2022-08-15 18:52:32.627189324,2022,8,Q3,Australia,Copenhagen,Trucks and Buses,Petrol,Retail,Direct Sales,Speed Wheels,Meera,9,52187.32,469685.9,8.4,39453.62,430232.28,355153.0,75079.29,17.45,10.0,43023.23,19433.97,1,5.0,6,UPI
ORD202200375,2022-08-16 09:28:04.403669724,2022,8,Q3,Japan,Manila,Motorcycles,Petrol,Corporate,Dealer,Global Auto,Ananya,7,21268.61,148880.24,13.0,19354.43,129525.81,102642.17,26883.64,20.76,8.0,10362.06,7003.41,0,4.1,11,Credit Card
ORD202200376,2022-08-17 00:03:36.180150124,2022,8,Q3,Finland,Mumbai,Ships,Hybrid,Corporate,Direct Sales,Elite Cars,Sneha,5,66272.97,331364.87,11.8,39101.05,292263.82,251702.7,40561.12,13.88,5.0,14613.19,10917.15,0,4.4,12,Credit Card
ORD202200377,2022-08-17 14:39:07.956630528,2022,8,Q3,Canada,Rome,Motorcycles,Hybrid,Retail,Direct Sales,AutoMax,Rahul,3,16595.85,49787.56,3.2,1593.2,48194.36,39106.24,9088.12,18.86,12.0,5783.32,2093.46,1,3.4,3,Bank Transfer
ORD202200378,2022-08-18 05:14:39.733110928,2022,8,Q3,France,Madrid,Vintage Cars,Petrol,Government,Dealer,Elite Cars,Vikram,10,43808.95,438089.5,11.9,52132.65,385956.85,313861.93,72094.92,18.68,10.0,38595.69,17377.58,0,4.3,10,Bank Transfer
ORD202200379,2022-08-18 19:50:11.509591328,2022,8,Q3,Japan,Sydney,Trucks and Buses,Petrol,Retail,Dealer,Speed Wheels,Daniel,7,60836.59,425856.16,6.0,25551.37,400304.79,347509.23,52795.56,13.19,8.0,32024.38,14290.18,0,4.1,4,Finance
ORD202200380,2022-08-19 10:25:43.286071728,2022,8,Q3,Germany,Vienna,Trucks and Buses,Diesel,Retail,Dealer,Speed Wheels,Arun,6,93898.36,563390.13,15.2,85635.3,477754.83,364316.46,113438.37,23.74,12.0,57330.58,7639.01,1,3.7,3,Finance
ORD202200381,2022-08-20 01:01:15.062552128,2022,8,Q3,USA,Stockholm,Vintage Cars,Petrol,Government,Dealer,City Motors,Sneha,6,72827.68,436966.06,18.0,78653.89,358312.17,318417.97,39894.2,11.13,5.0,17915.61,12437.49,1,4.6,5,Cash
ORD202200382,2022-08-20 15:36:46.839032528,2022,8,Q3,Finland,London,Vintage Cars,Diesel,Fleet,Direct Sales,Global Auto,Sneha,13,26937.86,350192.2,1.9,6653.65,343538.54,272941.22,70597.33,20.55,10.0,34353.85,18699.17,1,4.6,14,Cash
ORD202200383,2022-08-21 06:12:18.615512928,2022,8,Q3,Norway,Manila,Ships,Petrol,Retail,Dealer,City Motors,Karthik,3,78499.76,235499.29,1.4,3296.99,232202.3,195569.78,36632.53,15.78,5.0,11610.12,6823.43,0,3.6,8,Finance
ORD202200384,2022-08-21 20:47:50.391993328,2022,8,Q3,India,Stockholm,Motorcycles,Hybrid,Retail,Online,Speed Wheels,Sofia,9,29654.8,266893.2,10.8,28824.47,238068.73,176227.94,61840.79,25.98,5.0,11903.44,10349.3,0,3.7,4,UPI
ORD202200385,2022-08-22 11:23:22.168473728,2022,8,Q3,France,Oslo,Classic Cars,Hybrid,Retail,Direct Sales,Speed Wheels,Ananya,5,70130.81,350654.04,8.9,31208.21,319445.83,222632.51,96813.32,30.31,18.0,57500.25,7165.77,0,3.5,10,UPI
ORD202200386,2022-08-23 01:58:53.944954128,2022,8,Q3,Spain,London,Trucks and Buses,Petrol,Retail,Dealer,Elite Cars,Sofia,11,64685.66,711542.24,8.0,56923.38,654618.86,502245.91,152372.95,23.28,5.0,32730.94,29024.45,0,4.2,4,UPI
ORD202200387,2022-08-23 16:34:25.721434528,2022,8,Q3,Austria,London,Trucks and Buses,Petrol,Corporate,Dealer,Global Auto,Karthik,10,39011.69,390116.92,16.1,62808.82,327308.1,252255.38,75052.72,22.93,10.0,32730.81,7048.25,0,3.8,7,UPI
ORD202200388,2022-08-24 07:09:57.497914932,2022,8,Q3,Denmark,Paris,Ships,Petrol,Fleet,Online,Global Auto,Rahul,10,79662.78,796627.82,5.3,42221.27,754406.54,624253.78,130152.76,17.25,8.0,60352.52,33577.09,0,3.5,2,Finance
ORD202200389,2022-08-24 21:45:29.274395332,2022,8,Q3,France,Madrid,Ships,Petrol,Retail,Dealer,Global Auto,Arun,5,141651.29,708256.45,14.1,99864.16,608392.29,425829.83,182562.46,30.01,12.0,73007.08,19375.84,1,4.1,10,Bank Transfer
ORD202200390,2022-08-25 12:21:01.050875732,2022,8,Q3,Singapore,Brussels,Vintage Cars,Diesel,Fleet,Online,Elite Cars,Vikram,4,30221.29,120885.18,3.5,4230.98,116654.19,97067.66,19586.53,16.79,18.0,20997.75,3458.34,0,4.3,11,Bank Transfer
ORD202200391,2022-08-26 02:56:32.827356132,2022,8,Q3,Finland,Singapore,Ships,Diesel,Fleet,Online,City Motors,Meera,8,56814.68,454517.45,17.9,81358.62,373158.82,275294.23,97864.59,26.23,10.0,37315.88,19991.93,0,3.8,13,Bank Transfer
ORD202200392,2022-08-26 17:32:04.603836532,2022,8,Q3,Germany,London,Classic Cars,Petrol,Government,Online,Prime Motors,Vikram,2,80422.53,160845.06,5.3,8524.79,152320.27,123667.06,28653.21,18.81,10.0,15232.03,3423.91,1,4.1,2,Finance
ORD202200393,2022-08-27 08:07:36.380316932,2022,8,Q3,Finland,Stockholm,Vintage Cars,Hybrid,Fleet,Dealer,City Motors,Karthik,1,31887.53,31887.53,12.4,3954.05,27933.48,23902.54,4030.94,14.43,10.0,2793.35,909.12,0,3.3,9,Bank Transfer
ORD202200394,2022-08-27 22:43:08.156797332,2022,8,Q3,Singapore,Singapore,Classic Cars,Electric,Retail,Direct Sales,Elite Cars,Priya,3,40869.89,122609.68,9.3,11402.7,111206.98,79940.28,31266.7,28.12,10.0,11120.7,2060.38,1,4.1,6,Finance
ORD202200395,2022-08-28 13:18:39.933277732,2022,8,Q3,Canada,London,Trains,Diesel,Retail,Online,AutoMax,Daniel,5,35136.41,175682.07,2.8,4919.1,170762.97,138745.21,32017.76,18.75,18.0,30737.33,5933.62,0,4.5,8,Finance
ORD202200396,2022-08-29 03:54:11.709758132,2022,8,Q3,Philippines,London,Vintage Cars,Electric,Retail,Dealer,City Motors,Daniel,14,29628.97,414805.54,5.5,22814.3,391991.24,303203.31,88787.93,22.65,18.0,70558.42,14144.32,0,4.0,5,Cash
ORD202200397,2022-08-29 18:29:43.486238532,2022,8,Q3,Japan,Stockholm,Classic Cars,Electric,Retail,Distributor,AutoMax,Rahul,9,64528.04,580752.37,16.1,93501.13,487251.24,434878.31,52372.93,10.75,18.0,87705.22,18778.49,0,2.9,12,UPI
ORD202200398,2022-08-30 09:05:15.262718932,2022,8,Q3,Japan,New York,Classic Cars,Hybrid,Corporate,Direct Sales,Elite Cars,Vikram,10,80295.19,802951.95,6.4,51388.92,751563.02,511087.71,240475.32,32.0,12.0,90187.56,39560.9,1,3.7,11,Cash
ORD202200399,2022-08-30 23:40:47.039199332,2022,8,Q3,Norway,New York,Trains,Electric,Retail,Direct Sales,AutoMax,Ananya,15,35337.25,530058.75,12.7,67317.46,462741.29,407224.34,55516.95,12.0,8.0,37019.3,9752.7,0,4.1,2,Bank Transfer
ORD202200400,2022-08-31 14:16:18.815679736,2022,8,Q3,Belgium,New York,Trains,Hybrid,Corporate,Direct Sales,Prime Motors,Ananya,9,37750.79,339757.1,14.5,49264.78,290492.32,213654.98,76837.35,26.45,18.0,52288.62,11694.32,1,3.9,9,Finance
ORD202200401,2022-09-01 04:51:50.592160136,2022,9,Q3,USA,Madrid,Classic Cars,Petrol,Fleet,Direct Sales,City Motors,Meera,12,88310.09,1059721.02,17.0,180152.57,879568.45,746992.8,132575.65,15.07,12.0,105548.21,29920.91,1,4.5,3,Finance
ORD202200402,2022-09-01 19:27:22.368640536,2022,9,Q3,UK,Tokyo,Vintage Cars,Diesel,Corporate,Direct Sales,AutoMax,Priya,10,46823.85,468238.52,4.1,19197.78,449040.74,365519.04,83521.7,18.6,18.0,80827.33,21384.15,1,3.8,6,Finance
ORD202200403,2022-09-02 10:02:54.145120936,2022,9,Q3,India,Toronto,Trucks and Buses,Electric,Retail,Distributor,AutoMax,Karthik,14,93948.93,1315285.09,15.5,203869.19,1111415.9,865242.59,246173.31,22.15,10.0,111141.59,34581.31,0,3.9,12,Credit Card
ORD202200404,2022-09-03 00:38:25.921601336,2022,9,Q3,Sweden,New York,Classic Cars,Petrol,Corporate,Distributor,City Motors,Sofia,4,50523.82,202095.28,5.9,11923.62,190171.66,143316.95,46854.71,24.64,12.0,22820.6,6976.22,0,4.3,6,UPI
ORD202200405,2022-09-03 15:13:57.698081736,2022,9,Q3,Italy,Vienna,Classic Cars,Electric,Retail,Direct Sales,Speed Wheels,Sofia,14,51416.57,719832.02,8.3,59746.06,660085.96,555331.73,104754.23,15.87,18.0,118815.47,13702.69,0,4.3,13,Cash
ORD202200406,2022-09-04 05:49:29.474562136,2022,9,Q3,Italy,Toronto,Motorcycles,Petrol,Fleet,Distributor,Speed Wheels,Karthik,7,23663.79,165646.52,8.8,14576.89,151069.63,117110.63,33959.0,22.48,18.0,27192.53,4640.67,0,3.0,13,Finance
ORD202200407,2022-09-04 20:25:01.251042536,2022,9,Q3,Singapore,Toronto,Motorcycles,Petrol,Retail,Dealer,City Motors,Sofia,11,13397.86,147376.42,16.7,24611.86,122764.56,93893.34,28871.22,23.52,18.0,22097.62,6119.44,0,4.5,11,Credit Card
ORD202200408,2022-09-05 11:00:33.027522936,2022,9,Q3,Denmark,Sydney,Motorcycles,Petrol,Retail,Online,AutoMax,Ananya,2,11635.38,23270.76,12.6,2932.12,20338.64,17614.09,2724.55,13.4,12.0,2440.64,540.72,0,4.4,13,UPI
ORD202200409,2022-09-06 01:36:04.804003336,2022,9,Q3,India,Manila,Classic Cars,Electric,Retail,Online,Global Auto,Priya,12,76067.62,912811.48,1.8,16430.61,896380.88,679883.82,216497.06,24.15,12.0,107565.71,47500.99,0,3.9,10,UPI
ORD202200410,2022-09-06 16:11:36.580483736,2022,9,Q3,Denmark,London,Motorcycles,Diesel,Retail,Online,Prime Motors,Arun,10,18313.81,183138.07,14.2,26005.61,157132.46,120012.59,37119.87,23.62,10.0,15713.25,2412.1,1,4.3,2,UPI
ORD202200411,2022-09-07 06:47:08.356964136,2022,9,Q3,Canada,Stockholm,Vintage Cars,Petrol,Retail,Direct Sales,AutoMax,Rahul,1,52836.91,52836.91,6.2,3275.89,49561.02,41376.28,8184.74,16.51,12.0,5947.32,2561.9,0,4.2,6,Finance
ORD202200412,2022-09-07 21:22:40.133444540,2022,9,Q3,Canada,Copenhagen,Planes,Petrol,Retail,Online,Speed Wheels,Sofia,11,115342.2,1268764.16,3.3,41869.22,1226894.95,987982.26,238912.69,19.47,10.0,122689.49,35242.15,0,4.6,3,Cash
ORD202200413,2022-09-08 11:58:11.909924940,2022,9,Q3,Spain,Copenhagen,Motorcycles,Hybrid,Government,Distributor,Prime Motors,Sneha,10,15059.0,150590.04,17.5,26353.26,124236.78,105872.85,18363.93,14.78,18.0,22362.62,6730.67,0,4.3,13,Cash
ORD202200414,2022-09-09 02:33:43.686405340,2022,9,Q3,Switzerland,Stockholm,Motorcycles,Electric,Retail,Distributor,Elite Cars,Sneha,6,13676.39,82058.35,9.9,8123.78,73934.58,65105.05,8829.53,11.94,10.0,7393.46,2812.1,0,4.1,8,Bank Transfer
ORD202200415,2022-09-09 17:09:15.462885740,2022,9,Q3,Philippines,Toronto,Trains,Petrol,Corporate,Direct Sales,Global Auto,Rahul,10,33815.43,338154.26,10.0,33815.43,304338.84,223514.53,80824.31,26.56,12.0,36520.66,13939.4,0,4.8,10,Credit Card
ORD202200416,2022-09-10 07:44:47.239366140,2022,9,Q3,Italy,Copenhagen,Vintage Cars,Hybrid,Corporate,Online,City Motors,Daniel,1,50995.23,50995.23,9.6,4895.54,46099.68,31493.43,14606.25,31.68,12.0,5531.96,1650.81,1,3.8,14,Credit Card
ORD202200417,2022-09-10 22:20:19.015846540,2022,9,Q3,Japan,Berlin,Trucks and Buses,Petrol,Fleet,Direct Sales,Global Auto,Ananya,13,78859.56,1025174.26,4.5,46132.84,979041.42,725930.19,253111.23,25.85,18.0,176227.46,26787.69,0,3.8,8,Finance
ORD202200418,2022-09-11 12:55:50.792326940,2022,9,Q3,Australia,Stockholm,Classic Cars,Petrol,Retail,Dealer,Global Auto,Sneha,12,57118.85,685426.19,9.9,67857.19,617569.0,507767.72,109801.28,17.78,12.0,74108.28,33050.83,0,4.4,4,UPI
ORD202200419,2022-09-12 03:31:22.568807340,2022,9,Q3,UK,Sydney,Trucks and Buses,Petrol,Retail,Online,City Motors,Arun,10,91475.06,914750.63,9.2,84157.06,830593.57,661961.96,168631.62,20.3,10.0,83059.36,36403.23,1,4.0,3,Bank Transfer
ORD202200420,2022-09-12 18:06:54.345287740,2022,9,Q3,Italy,London,Motorcycles,Petrol,Retail,Dealer,AutoMax,Sofia,10,22180.61,221806.14,4.3,9537.66,212268.48,184024.46,28244.02,13.31,12.0,25472.22,5401.33,0,4.4,6,Finance
ORD202200421,2022-09-13 08:42:26.121768140,2022,9,Q3,USA,Rome,Vintage Cars,Petrol,Government,Direct Sales,Prime Motors,Daniel,7,69698.22,487887.55,5.1,24882.26,463005.28,344338.39,118666.89,25.63,5.0,23150.26,25380.62,0,3.2,15,Cash
ORD202200422,2022-09-13 23:17:57.898248540,2022,9,Q3,France,Rome,Vintage Cars,Hybrid,Corporate,Direct Sales,AutoMax,Daniel,12,57573.96,690887.55,7.8,53889.23,636998.32,470330.94,166667.39,26.16,10.0,63699.83,19805.64,0,4.2,2,UPI
ORD202200423,2022-09-14 13:53:29.674728940,2022,9,Q3,Switzerland,Rome,Trains,Petrol,Fleet,Dealer,Global Auto,Karthik,12,35864.84,430378.14,0.1,430.38,429947.76,302209.62,127738.14,29.71,18.0,77390.6,13747.5,0,4.1,2,UPI
ORD202200424,2022-09-15 04:29:01.451209344,2022,9,Q3,Australia,Helsinki,Trucks and Buses,Petrol,Fleet,Dealer,City Motors,Priya,10,64354.32,643543.16,16.9,108758.79,534784.36,448348.48,86435.88,16.16,12.0,64174.12,8138.22,0,5.0,11,Cash
ORD202200425,2022-09-15 19:04:33.227689744,2022,9,Q3,India,Rome,Trains,Petrol,Retail,Online,Speed Wheels,Sneha,11,42968.72,472655.87,0.9,4253.9,468401.97,410355.99,58045.97,12.39,18.0,84312.35,23352.77,0,3.9,2,UPI
ORD202200426,2022-09-16 09:40:05.004170144,2022,9,Q3,Italy,Mumbai,Ships,Hybrid,Fleet,Direct Sales,AutoMax,Ananya,1,83563.85,83563.85,2.8,2339.79,81224.06,63063.64,18160.42,22.36,12.0,9746.89,1241.12,0,3.4,9,Cash
ORD202200427,2022-09-17 00:15:36.780650544,2022,9,Q3,Spain,Manila,Vintage Cars,Petrol,Retail,Direct Sales,Speed Wheels,Vikram,4,47976.56,191906.26,14.7,28210.22,163696.04,113901.96,49794.07,30.42,12.0,19643.52,7430.86,0,3.8,2,Bank Transfer
ORD202200428,2022-09-17 14:51:08.557130944,2022,9,Q3,Switzerland,Rome,Vintage Cars,Petrol,Retail,Direct Sales,City Motors,Ananya,5,36248.23,181241.16,5.6,10149.5,171091.65,150344.14,20747.52,12.13,10.0,17109.17,5525.49,0,3.8,6,UPI
ORD202200429,2022-09-18 05:26:40.333611344,2022,9,Q3,Denmark,Oslo,Motorcycles,Petrol,Retail,Distributor,Speed Wheels,Sneha,2,15167.83,30335.66,2.4,728.06,29607.61,21937.96,7669.65,25.9,8.0,2368.61,953.83,0,4.3,8,Finance
ORD202200430,2022-09-18 20:02:12.110091744,2022,9,Q3,UK,London,Trains,Hybrid,Government,Direct Sales,Speed Wheels,Vikram,2,49540.49,99080.99,1.9,1882.54,97198.45,80421.05,16777.4,17.26,10.0,9719.85,2669.7,1,4.0,11,Credit Card
ORD202200431,2022-09-19 10:37:43.886572144,2022,9,Q3,UK,Rome,Trucks and Buses,Petrol,Retail,Dealer,City Motors,Ananya,10,73410.87,734108.72,10.5,77081.42,657027.31,562956.08,94071.23,14.32,12.0,78843.28,23225.51,0,4.0,7,Finance
ORD202200432,2022-09-20 01:13:15.663052544,2022,9,Q3,India,Paris,Trains,Hybrid,Fleet,Dealer,Global Auto,Arun,14,55085.41,771195.75,15.1,116450.56,654745.19,448583.56,206161.63,31.49,10.0,65474.52,16381.92,0,3.2,3,Finance
ORD202200433,2022-09-20 15:48:47.439532944,2022,9,Q3,Belgium,Helsinki,Classic Cars,Diesel,Retail,Online,City Motors,Karthik,3,38597.58,115792.75,7.7,8916.04,106876.71,92456.25,14420.46,13.49,12.0,12825.21,4111.33,0,5.0,8,Cash
ORD202200434,2022-09-21 06:24:19.216013344,2022,9,Q3,Norway,London,Trucks and Buses,Petrol,Government,Online,Prime Motors,Daniel,11,44922.76,494150.31,1.1,5435.65,488714.66,428953.97,59760.69,12.23,12.0,58645.76,19836.93,0,4.6,6,Bank Transfer
ORD202200435,2022-09-21 20:59:50.992493744,2022,9,Q3,India,Manila,Motorcycles,Petrol,Retail,Dealer,Elite Cars,Ananya,9,28264.04,254376.38,1.3,3306.89,251069.49,209849.47,41220.01,16.42,8.0,20085.56,9896.9,0,3.6,10,Bank Transfer
ORD202200436,2022-09-22 11:35:22.768974148,2022,9,Q3,France,Paris,Classic Cars,Electric,Retail,Online,Global Auto,Ananya,15,58017.29,870259.31,14.3,124447.08,745812.23,509160.43,236651.8,31.73,18.0,134246.2,33860.55,0,4.6,13,Credit Card
ORD202200437,2022-09-23 02:10:54.545454548,2022,9,Q3,Singapore,Vienna,Classic Cars,Hybrid,Government,Online,City Motors,Sneha,1,48175.23,48175.23,0.9,433.58,47741.65,39439.01,8302.64,17.39,18.0,8593.5,1087.08,1,4.5,15,Finance
ORD202200438,2022-09-23 16:46:26.321934948,2022,9,Q3,Sweden,Berlin,Classic Cars,Petrol,Corporate,Dealer,Elite Cars,Vikram,7,39054.64,273382.49,12.8,34992.96,238389.53,192117.25,46272.27,19.41,12.0,28606.74,12844.6,0,4.3,6,UPI
ORD202200439,2022-09-24 07:21:58.098415348,2022,9,Q3,UK,Helsinki,Classic Cars,Hybrid,Fleet,Dealer,Prime Motors,Meera,8,83656.3,669250.41,14.9,99718.31,569532.1,489225.01,80307.09,14.1,18.0,102515.78,11644.5,0,4.0,3,UPI
ORD202200440,2022-09-24 21:57:29.874895748,2022,9,Q3,Switzerland,Rome,Motorcycles,Petrol,Retail,Direct Sales,City Motors,Rahul,10,13698.56,136985.64,6.7,9178.04,127807.6,110858.75,16948.84,13.26,10.0,12780.76,5529.11,1,4.0,11,UPI
ORD202200441,2022-09-25 12:33:01.651376148,2022,9,Q3,USA,London,Ships,Hybrid,Retail,Direct Sales,City Motors,Karthik,8,116565.28,932522.23,15.0,139878.33,792643.89,581209.1,211434.8,26.67,18.0,142675.9,32704.16,0,4.5,15,Bank Transfer
ORD202200442,2022-09-26 03:08:33.427856548,2022,9,Q3,Austria,Brussels,Trains,Electric,Retail,Distributor,Global Auto,Ananya,7,29212.3,204486.11,15.6,31899.83,172586.28,143288.79,29297.49,16.98,12.0,20710.35,5500.62,0,4.5,4,Bank Transfer
ORD202200443,2022-09-26 17:44:05.204336948,2022,9,Q3,Canada,Toronto,Vintage Cars,Electric,Retail,Dealer,Prime Motors,Ananya,8,47808.31,382466.52,8.4,32127.19,350339.33,281578.79,68760.54,19.63,5.0,17516.97,10613.21,0,4.8,3,Credit Card
ORD202200444,2022-09-27 08:19:36.980817348,2022,9,Q3,Canada,Oslo,Vintage Cars,Hybrid,Retail,Dealer,City Motors,Arun,12,44346.71,532160.5,4.5,23947.22,508213.28,414025.6,94187.68,18.53,8.0,40657.06,24662.23,1,3.4,14,Cash
ORD202200445,2022-09-27 22:55:08.757297748,2022,9,Q3,Austria,New York,Vintage Cars,Petrol,Retail,Dealer,Speed Wheels,Karthik,5,37920.74,189603.71,5.4,10238.6,179365.11,139024.02,40341.09,22.49,12.0,21523.81,2897.19,0,4.3,10,UPI
ORD202200446,2022-09-28 13:30:40.533778148,2022,9,Q3,Austria,Zurich,Trucks and Buses,Diesel,Corporate,Direct Sales,Prime Motors,Sneha,10,41646.44,416464.42,16.7,69549.56,346914.86,236379.09,110535.77,31.86,10.0,34691.49,10501.69,0,4.5,5,UPI
ORD202200447,2022-09-29 04:06:12.310258548,2022,9,Q3,Austria,Manila,Motorcycles,Petrol,Fleet,Dealer,Prime Motors,Sofia,12,15973.89,191686.63,1.5,2875.3,188811.33,131312.17,57499.16,30.45,12.0,22657.36,6289.51,0,4.5,9,Bank Transfer
ORD202200448,2022-09-29 18:41:44.086738952,2022,9,Q3,Sweden,Stockholm,Classic Cars,Diesel,Corporate,Dealer,Prime Motors,Meera,7,45198.21,316387.5,3.4,10757.17,305630.32,243715.53,61914.79,20.26,12.0,36675.64,7668.57,0,4.5,6,Finance
ORD202200449,2022-09-30 09:17:15.863219352,2022,9,Q3,Denmark,Copenhagen,Trucks and Buses,Petrol,Government,Direct Sales,Global Auto,Daniel,4,39561.88,158247.52,1.2,1898.97,156348.55,112501.15,43847.41,28.04,12.0,18761.83,7638.68,0,4.2,15,Credit Card
ORD202200450,2022-09-30 23:52:47.639699752,2022,9,Q3,Belgium,Copenhagen,Classic Cars,Petrol,Corporate,Direct Sales,Speed Wheels,Karthik,5,48677.18,243385.88,11.7,28476.15,214909.73,157733.89,57175.84,26.6,18.0,38683.75,4443.88,0,4.0,2,Credit Card
ORD202200451,2022-10-01 14:28:19.416180152,2022,10,Q4,Germany,Copenhagen,Vintage Cars,Petrol,Corporate,Distributor,Global Auto,Rahul,3,63167.92,189503.76,13.9,26341.02,163162.73,143238.19,19924.54,12.21,12.0,19579.53,8960.6,0,3.6,15,Credit Card
ORD202200452,2022-10-02 05:03:51.192660552,2022,10,Q4,Germany,Rome,Classic Cars,Diesel,Fleet,Dealer,Prime Motors,Karthik,14,63958.14,895413.99,5.1,45666.11,849747.88,653685.6,196062.27,23.07,12.0,101969.75,20827.57,0,4.2,4,Credit Card
ORD202200453,2022-10-02 19:39:22.969140952,2022,10,Q4,Philippines,Berlin,Trains,Electric,Fleet,Dealer,Global Auto,Meera,10,32151.92,321519.21,8.8,28293.69,293225.52,207773.91,85451.6,29.14,12.0,35187.06,7415.91,1,3.7,6,Bank Transfer
ORD202200454,2022-10-03 10:14:54.745621352,2022,10,Q4,Norway,Toronto,Classic Cars,Electric,Retail,Distributor,Global Auto,Meera,12,34741.47,416897.59,3.8,15842.11,401055.48,316178.91,84876.57,21.16,8.0,32084.44,21359.11,0,3.9,2,Bank Transfer
ORD202200455,2022-10-04 00:50:26.522101752,2022,10,Q4,Germany,Singapore,Classic Cars,Electric,Fleet,Online,AutoMax,Ananya,7,95949.04,671643.27,6.2,41641.88,630001.38,551729.49,78271.9,12.42,18.0,113400.25,29340.34,1,4.0,6,Bank Transfer
ORD202200456,2022-10-04 15:25:58.298582152,2022,10,Q4,France,Singapore,Vintage Cars,Electric,Government,Direct Sales,Global Auto,Priya,3,63479.1,190437.31,17.3,32945.65,157491.65,115637.2,41854.45,26.58,10.0,15749.17,5168.94,0,5.0,4,Credit Card
ORD202200457,2022-10-05 06:01:30.075062552,2022,10,Q4,Philippines,Singapore,Vintage Cars,Electric,Retail,Online,AutoMax,Rahul,12,32989.39,395872.7,2.6,10292.69,385580.01,278309.15,107270.86,27.82,5.0,19279.0,18908.85,0,3.3,12,Credit Card
ORD202200458,2022-10-05 20:37:01.851542952,2022,10,Q4,Sweden,Zurich,Trains,Electric,Retail,Distributor,Speed Wheels,Daniel,14,28942.25,405191.44,13.7,55511.23,349680.21,306597.63,43082.58,12.32,10.0,34968.02,15037.3,0,3.7,13,Bank Transfer
ORD202200459,2022-10-06 11:12:33.628023352,2022,10,Q4,Japan,Vienna,Trucks and Buses,Diesel,Corporate,Direct Sales,Speed Wheels,Priya,15,94824.01,1422360.14,12.2,173527.94,1248832.2,1101817.33,147014.87,11.77,18.0,224789.8,51328.55,1,3.5,12,Bank Transfer
ORD202200460,2022-10-07 01:48:05.404503756,2022,10,Q4,Germany,Tokyo,Vintage Cars,Petrol,Retail,Online,Speed Wheels,Ananya,2,59270.07,118540.15,9.0,10668.61,107871.53,75746.03,32125.5,29.78,18.0,19416.88,3330.73,1,4.3,15,Credit Card
ORD202200461,2022-10-07 16:23:37.180984156,2022,10,Q4,Finland,Copenhagen,Trucks and Buses,Diesel,Corporate,Online,Speed Wheels,Sneha,7,50588.93,354122.51,2.8,9915.43,344207.08,280212.36,63994.72,18.59,8.0,27536.57,7084.91,0,4.3,2,Credit Card
ORD202200462,2022-10-08 06:59:08.957464556,2022,10,Q4,Denmark,Helsinki,Vintage Cars,Petrol,Fleet,Dealer,Prime Motors,Karthik,11,32858.33,361441.62,4.1,14819.11,346622.52,259163.86,87458.66,25.23,5.0,17331.13,17338.41,0,4.1,13,UPI
ORD202200463,2022-10-08 21:34:40.733944956,2022,10,Q4,UK,Paris,Motorcycles,Diesel,Retail,Online,Speed Wheels,Meera,5,33240.39,166201.97,2.5,4155.05,162046.92,122815.43,39231.49,24.21,10.0,16204.69,5219.02,0,3.9,2,Finance
ORD202200464,2022-10-09 12:10:12.510425356,2022,10,Q4,Canada,Zurich,Trains,Petrol,Retail,Distributor,AutoMax,Ananya,3,56518.84,169556.51,17.4,29502.83,140053.68,120218.08,19835.6,14.16,18.0,25209.66,7634.78,0,4.1,15,Cash
ORD202200465,2022-10-10 02:45:44.286905756,2022,10,Q4,Spain,Vienna,Planes,Petrol,Retail,Direct Sales,AutoMax,Karthik,1,139131.63,139131.63,16.8,23374.11,115757.51,79968.01,35789.5,30.92,8.0,9260.6,4454.54,0,4.0,7,Finance
ORD202200466,2022-10-10 17:21:16.063386156,2022,10,Q4,India,Zurich,Planes,Petrol,Corporate,Direct Sales,Global Auto,Vikram,13,145799.08,1895388.02,1.5,28430.82,1866957.2,1620037.91,246919.29,13.23,12.0,224034.86,42261.71,0,4.0,10,Cash
ORD202200467,2022-10-11 07:56:47.839866556,2022,10,Q4,Singapore,Vienna,Classic Cars,Electric,Retail,Distributor,Prime Motors,Rahul,8,47697.27,381578.15,12.7,48460.42,333117.72,254056.18,79061.55,23.73,18.0,59961.19,11109.72,1,5.0,11,Credit Card
ORD202200468,2022-10-11 22:32:19.616346956,2022,10,Q4,Spain,New York,Classic Cars,Hybrid,Fleet,Direct Sales,City Motors,Ananya,12,72120.7,865448.45,1.8,15578.07,849870.38,612456.66,237413.72,27.94,10.0,84987.04,41542.92,0,3.7,10,Cash
ORD202200469,2022-10-12 13:07:51.392827356,2022,10,Q4,Italy,New York,Planes,Electric,Retail,Dealer,Speed Wheels,Rahul,6,115545.61,693273.66,9.0,62394.63,630879.03,434554.96,196324.07,31.12,18.0,113558.23,32435.92,1,4.3,5,Credit Card
ORD202200470,2022-10-13 03:43:23.169307756,2022,10,Q4,Austria,Manila,Planes,Hybrid,Corporate,Dealer,City Motors,Rahul,13,84726.76,1101447.87,2.7,29739.09,1071708.78,823294.22,248414.56,23.18,10.0,107170.88,49696.98,0,3.9,15,Credit Card
ORD202200471,2022-10-13 18:18:54.945788156,2022,10,Q4,Canada,Berlin,Classic Cars,Electric,Retail,Distributor,AutoMax,Arun,5,70630.63,353153.16,10.1,35668.47,317484.69,223266.1,94218.59,29.68,12.0,38098.16,9748.2,0,3.8,8,Cash
ORD202200472,2022-10-14 08:54:26.722268560,2022,10,Q4,Italy,Berlin,Planes,Petrol,Fleet,Dealer,Speed Wheels,Sneha,7,117605.82,823240.74,9.2,75738.15,747502.6,656098.27,91404.33,12.23,10.0,74750.26,23234.96,0,4.9,3,Finance
ORD202200473,2022-10-14 23:29:58.498748960,2022,10,Q4,Philippines,Mumbai,Vintage Cars,Diesel,Retail,Distributor,Global Auto,Meera,6,25881.67,155290.05,15.9,24691.12,130598.93,91044.95,39553.98,30.29,10.0,13059.89,3141.98,1,4.5,10,Finance
ORD202200474,2022-10-15 14:05:30.275229360,2022,10,Q4,Austria,Paris,Ships,Electric,Fleet,Online,Global Auto,Arun,7,70496.13,493472.92,13.0,64151.48,429321.44,381540.09,47781.35,11.13,10.0,42932.14,19654.01,0,3.0,5,Bank Transfer
ORD202200475,2022-10-16 04:41:02.051709760,2022,10,Q4,Singapore,Vienna,Vintage Cars,Electric,Retail,Online,Elite Cars,Sneha,3,36033.63,108100.88,14.6,15782.73,92318.15,78710.67,13607.48,14.74,12.0,11078.18,2316.18,1,4.3,9,Bank Transfer
ORD202200476,2022-10-16 19:16:33.828190160,2022,10,Q4,France,Mumbai,Planes,Diesel,Retail,Online,Global Auto,Daniel,7,99044.08,693308.56,13.5,93596.65,599711.9,519241.24,80470.66,13.42,10.0,59971.19,28305.15,1,4.9,14,Finance
ORD202200477,2022-10-17 09:52:05.604670560,2022,10,Q4,Sweden,Rome,Classic Cars,Petrol,Government,Dealer,AutoMax,Rahul,10,45644.14,456441.4,1.4,6390.18,450051.22,323448.77,126602.44,28.13,8.0,36004.1,12949.19,0,3.2,4,Finance
ORD202200478,2022-10-18 00:27:37.381150960,2022,10,Q4,Belgium,Vienna,Vintage Cars,Diesel,Corporate,Direct Sales,Speed Wheels,Meera,6,45015.85,270095.11,5.6,15125.33,254969.78,206419.36,48550.42,19.04,12.0,30596.37,10068.5,0,4.4,11,Credit Card
ORD202200479,2022-10-18 15:03:09.157631360,2022,10,Q4,Philippines,Brussels,Planes,Hybrid,Government,Direct Sales,City Motors,Daniel,10,85657.69,856576.95,6.3,53964.35,802612.6,562691.86,239920.74,29.89,10.0,80261.26,31336.61,1,2.9,2,Credit Card
ORD202200480,2022-10-19 05:38:40.934111760,2022,10,Q4,Japan,Vienna,Motorcycles,Petrol,Retail,Distributor,Global Auto,Daniel,10,29428.43,294284.33,17.3,50911.19,243373.14,208596.97,34776.17,14.29,12.0,29204.78,7108.41,0,3.4,4,Cash
ORD202200481,2022-10-19 20:14:12.710592160,2022,10,Q4,Canada,Madrid,Vintage Cars,Petrol,Retail,Online,City Motors,Priya,4,35505.66,142022.63,1.5,2130.34,139892.29,96699.41,43192.88,30.88,18.0,25180.61,7464.41,0,4.5,8,Finance
ORD202200482,2022-10-20 10:49:44.487072560,2022,10,Q4,Norway,Stockholm,Trains,Petrol,Retail,Online,City Motors,Ananya,2,30938.19,61876.39,6.4,3960.09,57916.3,44884.69,13031.61,22.5,18.0,10424.93,1782.97,0,4.9,13,Finance
ORD202200483,2022-10-21 01:25:16.263552960,2022,10,Q4,Singapore,Paris,Motorcycles,Diesel,Fleet,Online,City Motors,Vikram,7,19863.19,139042.31,1.2,1668.51,137373.8,97017.58,40356.21,29.38,10.0,13737.38,6769.85,0,3.2,11,Credit Card
ORD202200484,2022-10-21 16:00:48.040033364,2022,10,Q4,Canada,Tokyo,Planes,Diesel,Retail,Dealer,Global Auto,Sofia,8,84188.24,673505.92,7.1,47818.92,625687.0,548250.26,77436.74,12.38,8.0,50054.96,29566.71,1,4.2,10,Finance
ORD202200485,2022-10-22 06:36:19.816513764,2022,10,Q4,Sweden,Manila,Trucks and Buses,Petrol,Retail,Dealer,City Motors,Karthik,3,49696.05,149088.14,7.9,11777.96,137310.17,116767.03,20543.15,14.96,18.0,24715.83,6963.59,1,4.3,7,Bank Transfer
ORD202200486,2022-10-22 21:11:51.592994164,2022,10,Q4,Germany,Manila,Ships,Diesel,Retail,Direct Sales,City Motors,Sofia,13,170653.24,2218492.17,1.4,31058.89,2187433.28,1731245.41,456187.88,20.85,18.0,393737.99,99495.69,1,4.1,5,Bank Transfer
ORD202200487,2022-10-23 11:47:23.369474564,2022,10,Q4,Austria,Stockholm,Trucks and Buses,Hybrid,Government,Direct Sales,AutoMax,Karthik,9,51925.74,467331.64,13.5,63089.77,404241.87,310555.18,93686.69,23.18,5.0,20212.09,7699.79,0,4.6,6,Finance
ORD202200488,2022-10-24 02:22:55.145954964,2022,10,Q4,Austria,New York,Classic Cars,Diesel,Retail,Dealer,Elite Cars,Priya,11,48107.95,529187.43,16.3,86257.55,442929.88,326202.52,116727.36,26.35,18.0,79727.38,15269.14,0,3.7,11,Cash
ORD202200489,2022-10-24 16:58:26.922435364,2022,10,Q4,Australia,London,Trains,Diesel,Corporate,Distributor,Global Auto,Priya,3,33480.12,100440.37,0.4,401.76,100038.61,82043.36,17995.25,17.99,10.0,10003.86,3731.48,0,4.0,6,Credit Card
ORD202200490,2022-10-25 07:33:58.698915764,2022,10,Q4,Canada,Brussels,Trucks and Buses,Hybrid,Government,Online,City Motors,Priya,1,47684.4,47684.4,11.6,5531.39,42153.01,37184.7,4968.31,11.79,10.0,4215.3,779.23,0,4.8,10,Finance
ORD202200491,2022-10-25 22:09:30.475396164,2022,10,Q4,France,Zurich,Classic Cars,Hybrid,Fleet,Direct Sales,Elite Cars,Rahul,11,83931.61,923247.73,16.3,150489.38,772758.35,623838.57,148919.78,19.27,8.0,61820.67,27261.58,1,3.8,4,Finance
ORD202200492,2022-10-26 12:45:02.251876564,2022,10,Q4,USA,Mumbai,Classic Cars,Diesel,Retail,Dealer,Global Auto,Sneha,15,109183.42,1637751.32,7.6,124469.1,1513282.22,1301773.1,211509.12,13.98,18.0,272390.8,68564.63,0,4.0,11,UPI
ORD202200493,2022-10-27 03:20:34.028356964,2022,10,Q4,Japan,Singapore,Classic Cars,Diesel,Retail,Online,City Motors,Rahul,5,66537.49,332687.46,15.1,50235.81,282451.65,198915.88,83535.77,29.58,12.0,33894.2,5785.86,0,3.7,15,Bank Transfer
ORD202200494,2022-10-27 17:56:05.804837364,2022,10,Q4,Finland,Sydney,Trains,Hybrid,Government,Dealer,Global Auto,Arun,5,35785.41,178927.07,7.7,13777.38,165149.69,144103.16,21046.53,12.74,12.0,19817.96,7427.5,0,4.6,12,Credit Card
ORD202200495,2022-10-28 08:31:37.581317764,2022,10,Q4,Denmark,Singapore,Vintage Cars,Electric,Government,Direct Sales,Elite Cars,Meera,15,27510.59,412658.81,2.9,11967.11,400691.7,341223.38,59468.33,14.84,12.0,48083.0,18020.4,0,4.3,9,Credit Card
ORD202200496,2022-10-28 23:07:09.357798168,2022,10,Q4,Sweden,Brussels,Planes,Petrol,Fleet,Online,Global Auto,Daniel,15,93655.65,1404834.69,7.3,102552.93,1302281.75,1028991.5,273290.26,20.99,18.0,234410.72,69810.74,1,4.6,10,UPI
ORD202200497,2022-10-29 13:42:41.134278568,2022,10,Q4,Switzerland,Tokyo,Classic Cars,Diesel,Government,Online,Prime Motors,Ananya,1,45199.21,45199.21,0.4,180.8,45018.41,38963.13,6055.29,13.45,12.0,5402.21,1611.64,1,4.0,11,Bank Transfer
ORD202200498,2022-10-30 04:18:12.910758968,2022,10,Q4,Switzerland,Paris,Ships,Electric,Fleet,Online,City Motors,Meera,1,66099.71,66099.71,13.9,9187.86,56911.85,45713.56,11198.29,19.68,10.0,5691.19,2921.1,0,3.8,14,Credit Card
ORD202200499,2022-10-30 18:53:44.687239368,2022,10,Q4,Philippines,London,Vintage Cars,Petrol,Retail,Dealer,Prime Motors,Rahul,4,36943.19,147772.78,11.5,16993.87,130778.91,103038.85,27740.06,21.21,8.0,10462.31,5067.85,0,4.2,2,Bank Transfer
ORD202200500,2022-10-31 09:29:16.463719768,2022,10,Q4,Austria,London,Trucks and Buses,Petrol,Fleet,Dealer,AutoMax,Karthik,5,37863.59,189317.93,7.1,13441.57,175876.35,125432.97,50443.39,28.68,10.0,17587.64,7957.55,0,4.3,5,Cash
ORD202200501,2022-11-01 00:04:48.240200168,2022,11,Q4,UK,Zurich,Classic Cars,Petrol,Corporate,Online,Prime Motors,Sofia,2,84343.53,168687.06,4.9,8265.67,160421.39,129327.0,31094.39,19.38,18.0,28875.85,8412.99,0,4.4,4,Bank Transfer
ORD202200502,2022-11-01 14:40:20.016680568,2022,11,Q4,Finland,Helsinki,Classic Cars,Diesel,Retail,Dealer,Prime Motors,Arun,1,49153.34,49153.34,8.3,4079.73,45073.62,30780.0,14293.61,31.71,8.0,3605.89,2354.0,0,3.9,10,Credit Card
ORD202200503,2022-11-02 05:15:51.793160968,2022,11,Q4,Finland,Sydney,Vintage Cars,Hybrid,Retail,Distributor,City Motors,Vikram,1,28325.46,28325.46,5.7,1614.55,26710.91,22818.27,3892.64,14.57,10.0,2671.09,482.03,0,4.2,4,Finance
ORD202200504,2022-11-02 19:51:23.569641368,2022,11,Q4,Finland,Singapore,Motorcycles,Hybrid,Retail,Distributor,Global Auto,Daniel,3,17435.07,52305.22,5.6,2929.09,49376.13,40426.7,8949.44,18.13,12.0,5925.14,1827.94,0,5.0,10,Cash
ORD202200505,2022-11-03 10:26:55.346121768,2022,11,Q4,Norway,Singapore,Vintage Cars,Petrol,Fleet,Distributor,Prime Motors,Daniel,12,28871.4,346456.81,6.4,22173.24,324283.57,237899.32,86384.25,26.64,10.0,32428.36,9433.17,0,3.3,13,UPI
ORD202200506,2022-11-04 01:02:27.122602168,2022,11,Q4,Italy,Madrid,Trucks and Buses,Diesel,Government,Online,Elite Cars,Rahul,11,54072.35,594795.85,10.6,63048.36,531747.49,433811.67,97935.83,18.42,18.0,95714.55,9759.15,0,4.4,6,Cash
ORD202200507,2022-11-04 15:37:58.899082568,2022,11,Q4,Philippines,Oslo,Motorcycles,Diesel,Retail,Direct Sales,Speed Wheels,Meera,14,11347.79,158868.99,0.1,158.87,158710.13,113285.19,45424.94,28.62,12.0,19045.22,8369.77,1,4.0,6,Cash
ORD202200508,2022-11-05 06:13:30.675562972,2022,11,Q4,Spain,Oslo,Classic Cars,Electric,Retail,Distributor,Speed Wheels,Vikram,7,61645.87,431521.07,15.6,67317.29,364203.78,254763.04,109440.74,30.05,10.0,36420.38,18938.81,1,3.5,11,UPI
ORD202200509,2022-11-05 20:49:02.452043372,2022,11,Q4,Philippines,Manila,Classic Cars,Petrol,Retail,Distributor,Global Auto,Daniel,8,43318.5,346548.02,15.0,51982.2,294565.82,222386.96,72178.86,24.5,8.0,23565.27,8870.38,0,3.7,14,Credit Card
ORD202200510,2022-11-06 11:24:34.228523772,2022,11,Q4,Austria,Berlin,Trains,Petrol,Corporate,Online,Global Auto,Sofia,10,43837.03,438370.31,14.6,64002.07,374368.25,272588.41,101779.84,27.19,18.0,67386.28,12832.11,1,3.5,15,Finance
ORD202200511,2022-11-07 02:00:06.005004172,2022,11,Q4,France,Paris,Classic Cars,Electric,Fleet,Dealer,Global Auto,Sneha,9,55825.72,502431.51,1.4,7034.04,495397.46,421227.06,74170.4,14.97,10.0,49539.75,23470.66,0,4.6,7,Cash
ORD202200512,2022-11-07 16:35:37.781484572,2022,11,Q4,Finland,Manila,Motorcycles,Petrol,Retail,Dealer,AutoMax,Sneha,9,10895.41,98058.7,1.2,1176.7,96882.0,72073.37,24808.63,25.61,12.0,11625.84,1671.25,0,4.5,2,Credit Card
ORD202200513,2022-11-08 07:11:09.557964972,2022,11,Q4,Italy,Mumbai,Vintage Cars,Diesel,Retail,Online,Speed Wheels,Ananya,9,38142.83,343285.5,7.4,25403.13,317882.38,262049.34,55833.03,17.56,18.0,57218.83,11115.07,0,5.0,13,Finance
ORD202200514,2022-11-08 21:46:41.334445372,2022,11,Q4,USA,Vienna,Trucks and Buses,Petrol,Retail,Dealer,Global Auto,Ananya,7,85718.55,600029.83,13.0,78003.88,522025.95,405587.44,116438.51,22.31,12.0,62643.11,19492.06,0,3.8,7,Cash
ORD202200515,2022-11-09 12:22:13.110925772,2022,11,Q4,Philippines,Berlin,Trucks and Buses,Diesel,Retail,Dealer,Prime Motors,Daniel,3,41678.06,125034.19,4.5,5626.54,119407.65,92083.23,27324.42,22.88,10.0,11940.77,3120.8,0,4.5,5,Credit Card
ORD202200516,2022-11-10 02:57:44.887406172,2022,11,Q4,Canada,Copenhagen,Classic Cars,Diesel,Corporate,Dealer,Elite Cars,Arun,12,48723.74,584684.92,9.6,56129.75,528555.17,406767.14,121788.03,23.04,12.0,63426.62,28774.37,0,4.8,5,Cash
ORD202200517,2022-11-10 17:33:16.663886572,2022,11,Q4,Norway,Mumbai,Classic Cars,Diesel,Government,Online,AutoMax,Ananya,12,45710.29,548523.54,15.7,86118.2,462405.34,315635.31,146770.03,31.74,5.0,23120.27,23733.38,0,4.0,8,Bank Transfer
ORD202200518,2022-11-11 08:08:48.440366972,2022,11,Q4,Belgium,Mumbai,Ships,Hybrid,Fleet,Online,Elite Cars,Ananya,4,78932.73,315730.91,3.7,11682.04,304048.86,266107.75,37941.11,12.48,18.0,54728.8,15391.32,0,3.3,11,Finance
ORD202200519,2022-11-11 22:44:20.216847376,2022,11,Q4,Sweden,Brussels,Vintage Cars,Petrol,Government,Dealer,Global Auto,Meera,4,40416.69,161666.77,0.8,1293.33,160373.44,114094.03,46279.4,28.86,12.0,19244.81,7421.87,0,2.5,12,Bank Transfer
ORD202200520,2022-11-12 13:19:51.993327776,2022,11,Q4,USA,Brussels,Trains,Hybrid,Retail,Distributor,Global Auto,Meera,7,84473.97,591317.8,3.5,20696.12,570621.68,447976.5,122645.17,21.49,18.0,102711.9,22121.41,0,4.0,6,Bank Transfer
ORD202200521,2022-11-13 03:55:23.769808176,2022,11,Q4,Austria,Stockholm,Vintage Cars,Hybrid,Retail,Direct Sales,Speed Wheels,Priya,9,26221.92,235997.32,9.1,21475.76,214521.56,146929.53,67592.03,31.51,18.0,38613.88,9271.4,1,4.3,10,UPI
ORD202200522,2022-11-13 18:30:55.546288576,2022,11,Q4,Belgium,Stockholm,Classic Cars,Hybrid,Corporate,Dealer,City Motors,Sneha,7,40390.87,282736.07,12.0,33928.33,248807.74,203675.45,45132.29,18.14,12.0,29856.93,6556.24,0,3.7,5,Finance
ORD202200523,2022-11-14 09:06:27.322768976,2022,11,Q4,Italy,Zurich,Vintage Cars,Hybrid,Retail,Dealer,City Motors,Karthik,11,49985.09,549836.02,16.0,87973.76,461862.26,324012.33,137849.93,29.85,10.0,46186.23,22546.41,0,4.2,13,UPI
ORD202200524,2022-11-14 23:41:59.099249376,2022,11,Q4,Germany,Copenhagen,Vintage Cars,Hybrid,Fleet,Dealer,Elite Cars,Meera,1,50201.89,50201.89,4.4,2208.88,47993.01,38299.48,9693.53,20.2,12.0,5759.16,2634.15,0,4.7,13,UPI
ORD202200525,2022-11-15 14:17:30.875729776,2022,11,Q4,Spain,Singapore,Classic Cars,Petrol,Retail,Online,Prime Motors,Priya,13,52566.0,683358.02,13.8,94303.41,589054.61,494999.13,94055.49,15.97,12.0,70686.55,26618.51,0,5.0,10,UPI
ORD202200526,2022-11-16 04:53:02.652210176,2022,11,Q4,UK,Mumbai,Trucks and Buses,Electric,Government,Online,City Motors,Karthik,9,98128.88,883159.94,2.9,25611.64,857548.3,712772.83,144775.47,16.88,12.0,102905.8,35470.32,0,4.1,9,Bank Transfer
ORD202200527,2022-11-16 19:28:34.428690576,2022,11,Q4,Philippines,Brussels,Vintage Cars,Petrol,Retail,Distributor,Elite Cars,Meera,4,27841.96,111367.83,15.6,17373.38,93994.45,68291.99,25702.46,27.34,5.0,4699.72,3866.02,0,3.6,10,Cash
ORD202200528,2022-11-17 10:04:06.205170976,2022,11,Q4,Japan,Rome,Ships,Petrol,Retail,Online,Global Auto,Meera,12,103548.99,1242587.89,3.0,37277.64,1205310.26,1018150.01,187160.25,15.53,18.0,216955.85,46342.11,0,3.7,13,Finance
ORD202200529,2022-11-18 00:39:37.981651376,2022,11,Q4,Germany,Copenhagen,Planes,Diesel,Retail,Online,Global Auto,Karthik,6,195355.45,1172132.68,8.4,98459.15,1073673.53,876029.88,197643.66,18.41,8.0,85893.88,46298.34,0,4.3,5,Finance
ORD202200530,2022-11-18 15:15:09.758131776,2022,11,Q4,Australia,Zurich,Planes,Petrol,Government,Dealer,AutoMax,Rahul,5,84641.42,423207.08,17.4,73638.03,349569.05,284142.14,65426.91,18.72,18.0,62922.43,9102.32,0,3.8,3,UPI
ORD202200531,2022-11-19 05:50:41.534612180,2022,11,Q4,Singapore,New York,Motorcycles,Petrol,Retail,Distributor,City Motors,Sneha,3,15989.3,47967.9,14.2,6811.44,41156.46,35570.68,5585.78,13.57,10.0,4115.65,826.66,1,3.9,8,Bank Transfer
ORD202200532,2022-11-19 20:26:13.311092580,2022,11,Q4,Australia,Oslo,Ships,Petrol,Retail,Distributor,Speed Wheels,Ananya,2,100933.91,201867.82,10.3,20792.39,181075.43,152886.17,28189.26,15.57,10.0,18107.54,7092.05,0,3.9,13,Cash
ORD202200533,2022-11-20 11:01:45.087572980,2022,11,Q4,Spain,Singapore,Trucks and Buses,Diesel,Retail,Distributor,Speed Wheels,Daniel,7,57248.15,400737.05,12.3,49290.66,351446.39,313484.61,37961.78,10.8,8.0,28115.71,16424.95,0,4.4,8,Credit Card
ORD202200534,2022-11-21 01:37:16.864053380,2022,11,Q4,Austria,Manila,Motorcycles,Diesel,Government,Dealer,Elite Cars,Ananya,5,13362.01,66810.03,5.9,3941.79,62868.24,46450.89,16417.35,26.11,18.0,11316.28,1482.7,0,4.0,10,Cash
ORD202200535,2022-11-21 16:12:48.640533780,2022,11,Q4,Austria,Singapore,Vintage Cars,Petrol,Retail,Direct Sales,Speed Wheels,Sneha,7,32815.52,229708.63,9.2,21133.19,208575.44,143409.89,65165.55,31.24,12.0,25029.05,10384.18,0,3.7,11,Credit Card
ORD202200536,2022-11-22 06:48:20.417014180,2022,11,Q4,Italy,Manila,Trains,Electric,Retail,Dealer,Speed Wheels,Meera,8,56930.16,455441.26,6.4,29148.24,426293.02,336079.74,90213.29,21.16,10.0,42629.3,16165.06,0,4.1,8,UPI
ORD202200537,2022-11-22 21:23:52.193494580,2022,11,Q4,Austria,Helsinki,Planes,Petrol,Corporate,Online,Prime Motors,Karthik,14,102127.64,1429786.92,5.7,81497.85,1348289.06,1007649.3,340639.76,25.26,18.0,242692.03,58516.33,1,2.8,14,Credit Card
ORD202200538,2022-11-23 11:59:23.969974980,2022,11,Q4,Switzerland,Mumbai,Vintage Cars,Petrol,Retail,Direct Sales,Speed Wheels,Vikram,4,44005.25,176021.01,7.1,12497.49,163523.52,130464.92,33058.6,20.22,10.0,16352.35,5733.27,1,3.0,14,Cash
ORD202200539,2022-11-24 02:34:55.746455380,2022,11,Q4,Singapore,Toronto,Vintage Cars,Petrol,Retail,Dealer,City Motors,Karthik,7,26679.55,186756.87,0.2,373.51,186383.36,156223.23,30160.13,16.18,12.0,22366.0,10219.32,1,4.5,9,Credit Card
ORD202200540,2022-11-24 17:10:27.522935780,2022,11,Q4,Japan,Helsinki,Trains,Hybrid,Fleet,Dealer,Elite Cars,Daniel,1,52519.13,52519.13,3.3,1733.13,50786.0,35841.77,14944.23,29.43,12.0,6094.32,1019.04,1,4.3,7,Bank Transfer
ORD202200541,2022-11-25 07:45:59.299416180,2022,11,Q4,Japan,Rome,Ships,Hybrid,Corporate,Dealer,Global Auto,Priya,9,131012.87,1179115.83,6.8,80179.88,1098935.95,830934.88,268001.07,24.39,18.0,197808.47,45383.07,0,4.6,2,Bank Transfer
ORD202200542,2022-11-25 22:21:31.075896580,2022,11,Q4,Austria,Vienna,Classic Cars,Petrol,Corporate,Online,Elite Cars,Daniel,5,50931.69,254658.44,10.6,26993.79,227664.65,192934.37,34730.28,15.26,5.0,11383.23,10497.7,0,4.2,14,Credit Card
ORD202200543,2022-11-26 12:57:02.852376984,2022,11,Q4,Italy,Sydney,Classic Cars,Petrol,Retail,Dealer,Elite Cars,Daniel,6,70114.32,420685.9,4.8,20192.92,400492.98,352301.22,48191.75,12.03,12.0,48059.16,12009.56,0,3.2,6,Bank Transfer
ORD202200544,2022-11-27 03:32:34.628857384,2022,11,Q4,Singapore,Sydney,Trucks and Buses,Diesel,Retail,Distributor,Speed Wheels,Sneha,1,56768.59,56768.59,17.0,9650.66,47117.93,38156.45,8961.48,19.02,10.0,4711.79,2244.4,0,3.7,3,Credit Card
ORD202200545,2022-11-27 18:08:06.405337784,2022,11,Q4,France,New York,Vintage Cars,Petrol,Corporate,Dealer,Speed Wheels,Rahul,5,48210.77,241053.83,0.1,241.05,240812.77,173350.83,67461.94,28.01,12.0,28897.53,12574.34,0,4.4,10,UPI
ORD202200546,2022-11-28 08:43:38.181818184,2022,11,Q4,USA,Singapore,Motorcycles,Diesel,Retail,Online,Global Auto,Karthik,11,32388.38,356272.19,15.0,53440.83,302831.36,252301.89,50529.47,16.69,10.0,30283.14,11821.22,0,4.0,13,Bank Transfer
ORD202200547,2022-11-28 23:19:09.958298584,2022,11,Q4,Finland,Sydney,Classic Cars,Electric,Corporate,Dealer,Global Auto,Ananya,6,43556.65,261339.9,16.3,42598.4,218741.49,153417.35,65324.15,29.86,12.0,26248.98,4845.9,0,4.1,13,Cash
ORD202200548,2022-11-29 13:54:41.734778984,2022,11,Q4,France,Sydney,Motorcycles,Petrol,Government,Direct Sales,AutoMax,Daniel,12,30912.42,370949.08,12.0,44513.89,326435.19,222278.81,104156.37,31.91,12.0,39172.22,6057.49,0,4.9,11,Credit Card
ORD202200549,2022-11-30 04:30:13.511259384,2022,11,Q4,Germany,London,Vintage Cars,Diesel,Retail,Dealer,Global Auto,Vikram,11,69309.28,762402.05,12.9,98349.86,664052.18,461175.92,202876.26,30.55,10.0,66405.22,30610.79,0,3.8,12,UPI
ORD202200550,2022-11-30 19:05:45.287739784,2022,11,Q4,UK,Paris,Planes,Diesel,Fleet,Dealer,City Motors,Rahul,12,122503.02,1470036.28,11.5,169054.17,1300982.11,893484.58,407497.53,31.32,5.0,65049.11,60680.19,0,4.1,3,Credit Card
ORD202200551,2022-12-01 09:41:17.064220184,2022,12,Q4,Finland,Mumbai,Vintage Cars,Diesel,Corporate,Direct Sales,Prime Motors,Arun,6,27488.35,164930.08,1.6,2638.88,162291.2,139645.17,22646.03,13.95,10.0,16229.12,8402.05,0,4.2,10,Bank Transfer
ORD202200552,2022-12-02 00:16:48.840700584,2022,12,Q4,Norway,Mumbai,Ships,Petrol,Retail,Dealer,City Motors,Sneha,6,68779.59,412677.54,2.3,9491.58,403185.96,302953.42,100232.54,24.86,10.0,40318.6,13850.28,0,4.1,7,Cash
ORD202200553,2022-12-02 14:52:20.617180984,2022,12,Q4,Canada,Manila,Motorcycles,Petrol,Retail,Distributor,Prime Motors,Sneha,2,17475.2,34950.41,10.2,3564.94,31385.46,22482.07,8903.4,28.37,12.0,3766.26,962.19,0,4.9,8,Bank Transfer
ORD202200554,2022-12-03 05:27:52.393661384,2022,12,Q4,Denmark,Rome,Motorcycles,Hybrid,Retail,Direct Sales,AutoMax,Karthik,10,10787.23,107872.29,2.4,2588.93,105283.36,93996.43,11286.92,10.72,18.0,18951.0,4611.56,0,4.9,2,Credit Card
ORD202200555,2022-12-03 20:03:24.170141788,2022,12,Q4,Spain,Mumbai,Vintage Cars,Petrol,Fleet,Dealer,Elite Cars,Vikram,6,32737.55,196425.3,3.1,6089.18,190336.11,146502.77,43833.34,23.03,5.0,9516.81,5086.21,0,4.2,14,Finance
ORD202200556,2022-12-04 10:38:55.946622188,2022,12,Q4,UK,New York,Vintage Cars,Electric,Fleet,Dealer,Elite Cars,Rahul,3,49441.94,148325.82,5.0,7416.29,140909.53,95870.9,45038.64,31.96,12.0,16909.14,3455.86,1,3.7,15,UPI
ORD202200557,2022-12-05 01:14:27.723102588,2022,12,Q4,Singapore,Mumbai,Classic Cars,Petrol,Government,Dealer,AutoMax,Meera,3,41837.31,125511.94,0.1,125.51,125386.43,105707.55,19678.88,15.69,18.0,22569.56,6671.54,0,4.8,14,Cash
ORD202200558,2022-12-05 15:49:59.499582988,2022,12,Q4,Canada,London,Trucks and Buses,Petrol,Retail,Direct Sales,AutoMax,Sofia,6,54243.28,325459.66,7.6,24734.93,300724.73,265294.91,35429.82,11.78,10.0,30072.47,12463.34,1,4.8,3,Bank Transfer
ORD202200559,2022-12-06 06:25:31.276063388,2022,12,Q4,Singapore,Madrid,Motorcycles,Diesel,Government,Online,City Motors,Arun,14,20950.19,293302.69,8.6,25224.03,268078.66,219940.08,48138.58,17.96,12.0,32169.44,9878.89,0,4.0,5,UPI
ORD202200560,2022-12-06 21:01:03.052543788,2022,12,Q4,Finland,Berlin,Vintage Cars,Electric,Retail,Online,AutoMax,Sneha,8,34972.52,279780.18,9.3,26019.56,253760.63,214720.75,39039.88,15.38,8.0,20300.85,6660.17,0,5.0,5,Finance
ORD202200561,2022-12-07 11:36:34.829024188,2022,12,Q4,Italy,New York,Classic Cars,Diesel,Corporate,Direct Sales,AutoMax,Arun,4,47201.41,188805.63,0.0,0.0,188805.63,163328.01,25477.62,13.49,10.0,18880.56,6354.49,1,4.8,2,Finance
ORD202200562,2022-12-08 02:12:06.605504588,2022,12,Q4,Spain,Rome,Classic Cars,Diesel,Retail,Distributor,Speed Wheels,Sofia,11,47402.23,521424.57,7.0,36499.72,484924.85,368855.93,116068.92,23.94,12.0,58190.98,17074.94,0,3.7,12,Credit Card
ORD202200563,2022-12-08 16:47:38.381984988,2022,12,Q4,USA,Tokyo,Motorcycles,Petrol,Retail,Distributor,Speed Wheels,Sofia,2,26988.77,53977.55,13.9,7502.88,46474.67,38009.12,8465.55,18.22,18.0,8365.44,1871.67,0,4.4,9,Cash
ORD202200564,2022-12-09 07:23:10.158465388,2022,12,Q4,Sweden,Berlin,Motorcycles,Electric,Retail,Direct Sales,Global Auto,Sofia,4,14060.73,56242.93,3.1,1743.53,54499.4,40631.75,13867.66,25.45,18.0,9809.89,1524.0,0,4.3,4,UPI
ORD202200565,2022-12-09 21:58:41.934945788,2022,12,Q4,France,Helsinki,Ships,Hybrid,Retail,Distributor,City Motors,Priya,6,89649.96,537899.75,17.4,93594.56,444305.19,312433.66,131871.53,29.68,12.0,53316.62,16257.89,0,3.0,6,UPI
ORD202200566,2022-12-10 12:34:13.711426188,2022,12,Q4,UK,Paris,Classic Cars,Diesel,Retail,Direct Sales,Elite Cars,Vikram,2,66105.57,132211.15,8.4,11105.74,121105.41,99149.43,21955.98,18.13,12.0,14532.65,3959.17,0,4.0,4,Bank Transfer
ORD202200567,2022-12-11 03:09:45.487906592,2022,12,Q4,Germany,Toronto,Planes,Electric,Retail,Dealer,AutoMax,Karthik,6,120015.3,720091.83,13.5,97212.4,622879.43,433988.61,188890.82,30.33,8.0,49830.35,14214.26,0,4.2,2,Cash
ORD202200568,2022-12-11 17:45:17.264386992,2022,12,Q4,Finland,New York,Ships,Hybrid,Retail,Distributor,Global Auto,Vikram,14,64386.38,901409.31,2.7,24338.05,877071.26,668639.28,208431.98,23.76,18.0,157872.83,13845.44,0,3.4,14,Credit Card
ORD202200569,2022-12-12 08:20:49.040867392,2022,12,Q4,Italy,Copenhagen,Classic Cars,Hybrid,Corporate,Distributor,City Motors,Vikram,15,47923.35,718850.2,15.9,114297.18,604553.02,457959.38,146593.65,24.25,12.0,72546.36,21747.0,0,4.7,6,Bank Transfer
ORD202200570,2022-12-12 22:56:20.817347792,2022,12,Q4,Singapore,Stockholm,Trucks and Buses,Hybrid,Corporate,Dealer,Prime Motors,Rahul,10,62657.63,626576.32,5.1,31955.39,594620.93,442373.09,152247.84,25.6,12.0,71354.51,26633.8,0,4.1,7,Cash
ORD202200571,2022-12-13 13:31:52.593828192,2022,12,Q4,Spain,Stockholm,Classic Cars,Petrol,Retail,Direct Sales,Global Auto,Arun,8,47539.86,380318.9,13.8,52484.01,327834.9,269196.0,58638.9,17.89,12.0,39340.19,11123.91,0,3.3,9,Bank Transfer
ORD202200572,2022-12-14 04:07:24.370308592,2022,12,Q4,UK,Mumbai,Vintage Cars,Petrol,Fleet,Direct Sales,AutoMax,Karthik,5,52729.34,263646.68,3.4,8963.99,254682.69,216540.17,38142.52,14.98,18.0,45842.88,11102.6,1,3.7,4,Credit Card
ORD202200573,2022-12-14 18:42:56.146788992,2022,12,Q4,France,Tokyo,Planes,Petrol,Fleet,Online,Elite Cars,Karthik,9,100609.95,905489.55,12.7,114997.17,790492.37,611529.2,178963.18,22.64,8.0,63239.39,24550.16,0,4.2,6,Cash
ORD202200574,2022-12-15 09:18:27.923269392,2022,12,Q4,UK,Zurich,Classic Cars,Hybrid,Fleet,Dealer,AutoMax,Arun,3,82530.13,247590.4,5.6,13865.06,233725.34,207368.41,26356.93,11.28,18.0,42070.56,9808.95,0,4.7,8,Cash
ORD202200575,2022-12-15 23:53:59.699749792,2022,12,Q4,France,Brussels,Trucks and Buses,Petrol,Corporate,Dealer,Prime Motors,Sofia,3,64204.7,192614.09,15.5,29855.18,162758.91,131792.95,30965.95,19.03,10.0,16275.89,4398.9,1,3.7,14,Cash
ORD202200576,2022-12-16 14:29:31.476230192,2022,12,Q4,Norway,Helsinki,Trains,Diesel,Retail,Dealer,Speed Wheels,Meera,8,39303.65,314429.19,9.6,30185.2,284243.99,251914.65,32329.34,11.37,8.0,22739.52,10069.42,0,5.0,8,Bank Transfer
ORD202200577,2022-12-17 05:05:03.252710592,2022,12,Q4,Japan,Manila,Trucks and Buses,Diesel,Government,Dealer,Speed Wheels,Meera,5,76211.5,381057.5,10.8,41154.21,339903.29,248470.28,91433.01,26.9,8.0,27192.26,10494.71,0,3.4,13,Finance
ORD202200578,2022-12-17 19:40:35.029190992,2022,12,Q4,Austria,Toronto,Motorcycles,Hybrid,Retail,Dealer,Prime Motors,Sofia,15,16998.82,254982.34,9.8,24988.27,229994.07,181983.54,48010.52,20.87,18.0,41398.93,12536.65,0,3.4,15,Finance
ORD202200579,2022-12-18 10:16:06.805671396,2022,12,Q4,UK,Mumbai,Motorcycles,Hybrid,Retail,Direct Sales,Prime Motors,Sofia,3,28172.8,84518.4,14.0,11832.58,72685.82,64689.11,7996.71,11.0,8.0,5814.87,2149.47,0,4.8,15,Cash
ORD202200580,2022-12-19 00:51:38.582151796,2022,12,Q4,Sweden,New York,Vintage Cars,Hybrid,Retail,Dealer,AutoMax,Sneha,6,38398.19,230389.17,9.2,21195.8,209193.36,170935.66,38257.7,18.29,8.0,16735.47,11293.13,0,4.2,9,UPI
ORD202200581,2022-12-19 15:27:10.358632196,2022,12,Q4,Spain,Toronto,Trucks and Buses,Diesel,Fleet,Dealer,AutoMax,Meera,7,71483.52,500384.62,12.9,64549.62,435835.01,386765.45,49069.55,11.26,8.0,34866.8,14214.89,0,4.2,8,UPI
ORD202200582,2022-12-20 06:02:42.135112596,2022,12,Q4,USA,Madrid,Trains,Petrol,Fleet,Direct Sales,Elite Cars,Karthik,14,71805.18,1005272.48,0.9,9047.45,996225.03,827833.17,168391.86,16.9,18.0,179320.51,21724.32,0,4.3,10,UPI
ORD202200583,2022-12-20 20:38:13.911592996,2022,12,Q4,Singapore,Brussels,Trucks and Buses,Hybrid,Fleet,Direct Sales,Speed Wheels,Meera,7,51312.93,359190.52,8.9,31967.96,327222.57,291545.65,35676.92,10.9,5.0,16361.13,12954.69,0,3.8,5,Finance
ORD202200584,2022-12-21 11:13:45.688073396,2022,12,Q4,India,Rome,Trucks and Buses,Petrol,Corporate,Online,Speed Wheels,Priya,2,90284.69,180569.37,9.0,16251.24,164318.13,120915.95,43402.18,26.41,18.0,29577.26,3262.62,1,5.0,13,Finance
ORD202200585,2022-12-22 01:49:17.464553796,2022,12,Q4,Germany,Mumbai,Classic Cars,Diesel,Government,Dealer,Speed Wheels,Ananya,8,61402.08,491216.6,6.4,31437.86,459778.74,339087.58,120691.16,26.25,18.0,82760.17,14971.81,0,3.6,10,Cash
ORD202200586,2022-12-22 16:24:49.241034196,2022,12,Q4,Germany,Mumbai,Ships,Petrol,Retail,Dealer,Prime Motors,Arun,3,120219.31,360657.94,7.8,28131.32,332526.62,273777.68,58748.94,17.67,5.0,16626.33,10542.75,0,4.6,5,Finance
ORD202200587,2022-12-23 07:00:21.017514596,2022,12,Q4,Philippines,Rome,Classic Cars,Hybrid,Retail,Dealer,AutoMax,Sofia,4,36135.76,144543.04,0.6,867.26,143675.79,124452.27,19223.51,13.38,10.0,14367.58,4346.03,0,3.7,10,Credit Card
ORD202200588,2022-12-23 21:35:52.793994996,2022,12,Q4,Norway,Sydney,Vintage Cars,Diesel,Retail,Direct Sales,Speed Wheels,Rahul,10,22846.69,228466.93,13.3,30386.1,198080.83,150705.12,47375.7,23.92,12.0,23769.7,9546.58,0,3.8,15,Credit Card
ORD202200589,2022-12-24 12:11:24.570475396,2022,12,Q4,Austria,Zurich,Vintage Cars,Petrol,Retail,Direct Sales,Speed Wheels,Sneha,9,26495.76,238461.85,2.1,5007.7,233454.15,202146.55,31307.6,13.41,10.0,23345.42,4319.17,0,4.6,14,Credit Card
ORD202200590,2022-12-25 02:46:56.346955796,2022,12,Q4,Denmark,Stockholm,Vintage Cars,Electric,Retail,Dealer,Elite Cars,Karthik,1,35288.91,35288.91,14.0,4940.45,30348.46,24052.16,6296.3,20.75,12.0,3641.82,491.2,1,3.9,7,Credit Card
ORD202200591,2022-12-25 17:22:28.123436200,2022,12,Q4,Canada,Vienna,Vintage Cars,Hybrid,Corporate,Dealer,Speed Wheels,Priya,4,32009.09,128036.38,8.8,11267.2,116769.18,90389.99,26379.18,22.59,12.0,14012.3,5660.1,0,4.1,4,Credit Card
ORD202200592,2022-12-26 07:57:59.899916600,2022,12,Q4,Finland,Singapore,Motorcycles,Hybrid,Retail,Online,Prime Motors,Ananya,13,16331.35,212307.61,9.0,19107.68,193199.92,137866.09,55333.83,28.64,12.0,23183.99,3704.14,0,3.7,10,Bank Transfer
ORD202200593,2022-12-26 22:33:31.676397000,2022,12,Q4,France,Oslo,Classic Cars,Diesel,Retail,Online,AutoMax,Arun,1,78910.21,78910.21,6.3,4971.34,73938.87,51177.74,22761.12,30.78,8.0,5915.11,2577.78,1,4.3,8,Cash
ORD202200594,2022-12-27 13:09:03.452877400,2022,12,Q4,Italy,Manila,Vintage Cars,Hybrid,Corporate,Dealer,Speed Wheels,Rahul,13,50646.88,658409.46,12.1,79667.54,578741.91,439159.77,139582.15,24.12,12.0,69449.03,21806.68,1,4.1,10,Cash
ORD202200595,2022-12-28 03:44:35.229357800,2022,12,Q4,Australia,London,Classic Cars,Petrol,Retail,Online,Prime Motors,Priya,14,50381.45,705340.29,5.5,38793.72,666546.58,561286.59,105259.99,15.79,12.0,79985.59,23602.59,0,3.8,8,Bank Transfer
ORD202200596,2022-12-28 18:20:07.005838200,2022,12,Q4,Italy,Madrid,Classic Cars,Diesel,Government,Distributor,City Motors,Sofia,9,54490.45,490414.06,6.0,29424.84,460989.22,330691.89,130297.32,28.26,5.0,23049.46,8545.44,1,4.9,5,Finance
ORD202200597,2022-12-29 08:55:38.782318600,2022,12,Q4,Sweden,Helsinki,Vintage Cars,Diesel,Corporate,Direct Sales,City Motors,Arun,2,30963.58,61927.15,6.4,3963.34,57963.81,49449.01,8514.8,14.69,8.0,4637.11,2841.25,1,3.8,11,Finance
ORD202200598,2022-12-29 23:31:10.558799000,2022,12,Q4,Philippines,Vienna,Trucks and Buses,Petrol,Corporate,Online,AutoMax,Karthik,5,37059.26,185296.31,8.3,15379.59,169916.72,143922.5,25994.22,15.3,10.0,16991.67,3067.53,0,4.6,6,Finance
ORD202200599,2022-12-30 14:06:42.335279400,2022,12,Q4,Sweden,Vienna,Planes,Electric,Retail,Dealer,Elite Cars,Priya,5,113631.58,568157.88,1.9,10795.0,557362.88,430328.37,127034.51,22.79,12.0,66883.55,28795.73,0,3.9,6,UPI
ORD202200600,2022-12-31 04:42:14.111759800,2022,12,Q4,Germany,Toronto,Trucks and Buses,Hybrid,Retail,Distributor,AutoMax,Meera,10,76021.46,760214.61,3.0,22806.44,737408.17,625343.82,112064.35,15.2,18.0,132733.47,39408.99,0,4.2,4,Cash
ORD202200601,2022-12-31 19:17:45.888240200,2022,12,Q4,Belgium,Singapore,Vintage Cars,Petrol,Fleet,Dealer,Global Auto,Arun,7,39047.64,273333.49,2.5,6833.34,266500.16,191801.15,74699.0,28.03,5.0,13325.01,11321.61,0,4.2,5,Finance
ORD202200602,2023-01-01 09:53:17.664720600,2023,1,Q1,Norway,Oslo,Classic Cars,Hybrid,Retail,Online,Speed Wheels,Vikram,6,36429.12,218574.73,15.8,34534.81,184039.93,156926.9,27113.02,14.73,5.0,9202.0,4820.72,1,3.7,11,Finance
ORD202200603,2023-01-02 00:28:49.441201004,2023,1,Q1,Sweden,Berlin,Planes,Hybrid,Retail,Direct Sales,City Motors,Ananya,12,104435.95,1253231.43,8.1,101511.75,1151719.68,918590.05,233129.63,20.24,10.0,115171.97,33237.41,0,4.0,10,Finance
ORD202200604,2023-01-02 15:04:21.217681404,2023,1,Q1,Philippines,Rome,Vintage Cars,Petrol,Retail,Dealer,AutoMax,Sofia,14,22181.18,310536.52,4.4,13663.61,296872.92,264108.24,32764.67,11.04,18.0,53437.12,6438.91,0,3.6,8,Cash
ORD202200605,2023-01-03 05:39:52.994161804,2023,1,Q1,Austria,Singapore,Trucks and Buses,Hybrid,Retail,Distributor,AutoMax,Karthik,7,55111.52,385780.66,8.5,32791.36,352989.31,298028.51,54960.8,15.57,10.0,35298.93,5975.51,1,5.0,3,UPI
ORD202200606,2023-01-03 20:15:24.770642204,2023,1,Q1,Norway,Zurich,Vintage Cars,Petrol,Fleet,Dealer,Prime Motors,Daniel,11,24310.05,267410.59,15.2,40646.41,226764.18,164437.74,62326.44,27.49,10.0,22676.42,9904.48,1,4.1,10,UPI
ORD202200607,2023-01-04 10:50:56.547122604,2023,1,Q1,Philippines,Zurich,Classic Cars,Diesel,Fleet,Online,Prime Motors,Priya,15,49581.22,743718.33,9.0,66934.65,676783.68,464606.28,212177.4,31.35,12.0,81214.04,17037.35,1,4.4,14,Finance
ORD202200608,2023-01-05 01:26:28.323603004,2023,1,Q1,Italy,New York,Motorcycles,Diesel,Corporate,Dealer,Global Auto,Arun,6,20285.53,121713.19,12.0,14605.58,107107.6,78435.1,28672.5,26.77,10.0,10710.76,4525.03,0,4.2,14,Bank Transfer
ORD202200609,2023-01-05 16:02:00.100083404,2023,1,Q1,Italy,Madrid,Vintage Cars,Petrol,Corporate,Distributor,AutoMax,Sofia,3,42794.8,128384.39,12.2,15662.9,112721.49,82742.27,29979.22,26.6,8.0,9017.72,1959.5,0,4.2,6,Bank Transfer
ORD202200610,2023-01-06 06:37:31.876563804,2023,1,Q1,Singapore,Madrid,Trains,Petrol,Retail,Online,City Motors,Sofia,8,29368.23,234945.86,11.7,27488.67,207457.2,166166.29,41290.91,19.9,8.0,16596.58,10985.93,0,3.9,12,Finance
ORD202200611,2023-01-06 21:13:03.653044204,2023,1,Q1,Switzerland,Berlin,Motorcycles,Petrol,Corporate,Online,AutoMax,Karthik,15,20241.02,303615.28,14.8,44935.06,258680.22,176123.98,82556.24,31.91,12.0,31041.63,10328.49,0,4.8,11,Finance
ORD202200612,2023-01-07 11:48:35.429524604,2023,1,Q1,Australia,Vienna,Ships,Electric,Retail,Online,AutoMax,Sofia,6,101553.42,609320.52,11.6,70681.18,538639.34,474561.67,64077.67,11.9,12.0,64636.72,19844.97,0,3.6,14,Cash
ORD202200613,2023-01-08 02:24:07.206005004,2023,1,Q1,USA,Toronto,Trucks and Buses,Hybrid,Retail,Dealer,Prime Motors,Ananya,1,117067.51,117067.51,5.3,6204.58,110862.94,90940.06,19922.88,17.97,8.0,8869.03,4774.19,0,5.0,3,Cash
ORD202200614,2023-01-08 16:59:38.982485404,2023,1,Q1,Philippines,Mumbai,Trains,Petrol,Retail,Dealer,AutoMax,Priya,4,29764.03,119056.1,14.6,17382.19,101673.91,70592.39,31081.52,30.57,10.0,10167.39,3340.52,0,4.2,4,Bank Transfer
ORD202200615,2023-01-09 07:35:10.758965808,2023,1,Q1,USA,Manila,Classic Cars,Diesel,Retail,Distributor,AutoMax,Priya,11,66025.01,726275.07,4.7,34134.93,692140.15,509834.25,182305.9,26.34,8.0,55371.21,14197.19,0,4.9,4,Bank Transfer
ORD202200616,2023-01-09 22:10:42.535446208,2023,1,Q1,Belgium,London,Planes,Petrol,Retail,Distributor,City Motors,Arun,7,74566.35,521964.44,11.5,60025.91,461938.53,381413.62,80524.91,17.43,10.0,46193.85,22653.76,0,3.9,9,Cash
ORD202200617,2023-01-10 12:46:14.311926608,2023,1,Q1,France,Helsinki,Classic Cars,Diesel,Retail,Dealer,Speed Wheels,Sneha,3,87765.04,263295.12,14.5,38177.79,225117.33,158666.62,66450.71,29.52,12.0,27014.08,11606.86,0,3.5,10,Cash
ORD202200618,2023-01-11 03:21:46.088407008,2023,1,Q1,Germany,Brussels,Classic Cars,Electric,Corporate,Online,City Motors,Daniel,3,81209.55,243628.64,8.9,21682.95,221945.69,156002.71,65942.98,29.71,5.0,11097.28,6998.34,0,3.9,8,Credit Card
ORD202200619,2023-01-11 17:57:17.864887408,2023,1,Q1,Canada,Madrid,Trucks and Buses,Petrol,Retail,Online,Prime Motors,Priya,13,75907.88,986802.45,12.6,124337.11,862465.34,640650.1,221815.24,25.72,12.0,103495.84,30381.5,0,4.2,13,Cash
ORD202200620,2023-01-12 08:32:49.641367808,2023,1,Q1,Spain,Vienna,Planes,Petrol,Fleet,Online,Global Auto,Ananya,12,108391.5,1300697.99,9.0,117062.82,1183635.17,1062722.78,120912.38,10.22,18.0,213054.33,41633.08,0,3.5,11,Cash
ORD202200621,2023-01-12 23:08:21.417848208,2023,1,Q1,Singapore,London,Planes,Diesel,Corporate,Online,Elite Cars,Arun,7,110010.17,770071.18,1.8,13861.28,756209.9,526472.85,229737.05,30.38,10.0,75620.99,20611.34,1,3.8,12,Finance
ORD202200622,2023-01-13 13:43:53.194328608,2023,1,Q1,Philippines,Berlin,Classic Cars,Petrol,Retail,Dealer,Speed Wheels,Vikram,13,43852.43,570081.54,0.5,2850.41,567231.13,487517.6,79713.53,14.05,8.0,45378.49,15857.78,0,4.2,3,Cash
ORD202200623,2023-01-14 04:19:24.970809008,2023,1,Q1,Italy,Toronto,Motorcycles,Electric,Fleet,Dealer,Prime Motors,Rahul,11,17131.7,188448.65,7.8,14698.99,173749.66,138386.42,35363.23,20.35,5.0,8687.48,7914.03,0,2.4,3,Bank Transfer
ORD202200624,2023-01-14 18:54:56.747289408,2023,1,Q1,Norway,Toronto,Vintage Cars,Petrol,Retail,Online,Global Auto,Rahul,13,23929.03,311077.45,6.3,19597.88,291479.57,222142.49,69337.08,23.79,8.0,23318.37,10932.01,0,3.3,12,Cash
ORD202200625,2023-01-15 09:30:28.523769808,2023,1,Q1,Austria,Mumbai,Vintage Cars,Diesel,Government,Dealer,Prime Motors,Arun,8,42644.86,341158.85,6.4,21834.17,319324.69,222818.51,96506.18,30.22,5.0,15966.23,6231.97,0,3.0,13,Cash
ORD202200626,2023-01-16 00:06:00.300250208,2023,1,Q1,Belgium,Manila,Trucks and Buses,Diesel,Corporate,Direct Sales,Global Auto,Priya,14,64322.11,900509.5,11.2,100857.06,799652.44,716640.46,83011.97,10.38,10.0,79965.24,32097.18,0,3.6,6,Bank Transfer
ORD202200627,2023-01-16 14:41:32.076730612,2023,1,Q1,UK,Mumbai,Classic Cars,Petrol,Fleet,Online,AutoMax,Arun,6,79361.17,476167.03,9.5,45235.87,430931.17,341301.4,89629.77,20.8,12.0,51711.74,21704.8,1,3.1,10,Finance
ORD202200628,2023-01-17 05:17:03.853211012,2023,1,Q1,Spain,Brussels,Vintage Cars,Petrol,Fleet,Dealer,Prime Motors,Ananya,5,51915.81,259579.03,10.8,28034.54,231544.5,190592.1,40952.39,17.69,18.0,41678.01,5136.83,0,4.3,12,Credit Card
ORD202200629,2023-01-17 19:52:35.629691412,2023,1,Q1,Germany,Vienna,Motorcycles,Hybrid,Retail,Distributor,Speed Wheels,Sofia,1,34567.23,34567.23,10.5,3629.56,30937.67,27045.68,3891.99,12.58,18.0,5568.78,1089.65,0,4.1,5,Cash
ORD202200630,2023-01-18 10:28:07.406171812,2023,1,Q1,Switzerland,Toronto,Planes,Electric,Corporate,Online,AutoMax,Vikram,11,89477.93,984257.28,4.1,40354.55,943902.73,806278.86,137623.87,14.58,8.0,75512.22,42006.42,0,3.9,10,Credit Card
ORD202200631,2023-01-19 01:03:39.182652212,2023,1,Q1,Denmark,Mumbai,Vintage Cars,Diesel,Retail,Dealer,Prime Motors,Sofia,1,31962.26,31962.26,14.9,4762.38,27199.88,20755.73,6444.15,23.69,18.0,4895.98,736.63,0,4.0,11,Finance
ORD202200632,2023-01-19 15:39:10.959132612,2023,1,Q1,Philippines,Toronto,Classic Cars,Diesel,Fleet,Direct Sales,Global Auto,Daniel,4,33210.09,132840.35,10.5,13948.24,118892.11,101959.67,16932.44,14.24,18.0,21400.58,2613.92,1,3.6,15,UPI
ORD202200633,2023-01-20 06:14:42.735613012,2023,1,Q1,Switzerland,Paris,Motorcycles,Hybrid,Government,Dealer,Prime Motors,Arun,12,22347.37,268168.4,17.6,47197.64,220970.76,171108.7,49862.06,22.57,8.0,17677.66,3681.96,0,4.3,5,UPI
ORD202200634,2023-01-20 20:50:14.512093412,2023,1,Q1,UK,Oslo,Trains,Diesel,Corporate,Online,Prime Motors,Sofia,9,63519.12,571672.12,14.7,84035.8,487636.32,422643.55,64992.77,13.33,10.0,48763.63,15544.59,0,4.8,8,Bank Transfer
ORD202200635,2023-01-21 11:25:46.288573812,2023,1,Q1,Denmark,Copenhagen,Trains,Petrol,Retail,Dealer,Global Auto,Meera,14,23883.45,334368.27,9.9,33102.46,301265.81,263719.24,37546.57,12.46,10.0,30126.58,14551.69,0,4.3,14,Bank Transfer
ORD202200636,2023-01-22 02:01:18.065054212,2023,1,Q1,USA,Stockholm,Vintage Cars,Diesel,Corporate,Direct Sales,Prime Motors,Rahul,14,55643.25,779005.51,11.6,90364.64,688640.87,552323.16,136317.71,19.8,18.0,123955.36,18929.34,1,4.3,6,UPI
ORD202200637,2023-01-22 16:36:49.841534612,2023,1,Q1,USA,Manila,Trucks and Buses,Hybrid,Government,Dealer,Elite Cars,Arun,4,79236.22,316944.87,3.0,9508.35,307436.52,270364.77,37071.75,12.06,12.0,36892.38,4660.46,0,4.5,11,Bank Transfer
ORD202200638,2023-01-23 07:12:21.618015012,2023,1,Q1,Norway,Stockholm,Trucks and Buses,Diesel,Government,Dealer,Prime Motors,Priya,3,51641.92,154925.75,7.9,12239.13,142686.62,117035.62,25651.0,17.98,18.0,25683.59,2386.4,0,4.6,11,Cash
ORD202200639,2023-01-23 21:47:53.394495416,2023,1,Q1,Australia,Vienna,Motorcycles,Electric,Fleet,Direct Sales,Prime Motors,Meera,8,13791.52,110332.18,0.7,772.33,109559.85,88125.87,21433.98,19.56,12.0,13147.18,1755.7,0,3.7,15,Finance
ORD202200640,2023-01-24 12:23:25.170975816,2023,1,Q1,Sweden,Oslo,Classic Cars,Petrol,Retail,Distributor,Elite Cars,Ananya,13,39358.73,511663.48,12.8,65492.93,446170.55,363669.32,82501.24,18.49,8.0,35693.64,7309.84,1,4.1,5,Bank Transfer
ORD202200641,2023-01-25 02:58:56.947456216,2023,1,Q1,Italy,New York,Trucks and Buses,Hybrid,Corporate,Direct Sales,Speed Wheels,Arun,3,73199.76,219599.27,3.7,8125.17,211474.09,170541.98,40932.12,19.36,18.0,38065.34,6038.6,0,3.4,11,Credit Card
ORD202200642,2023-01-25 17:34:28.723936616,2023,1,Q1,Denmark,Manila,Motorcycles,Hybrid,Corporate,Dealer,Speed Wheels,Meera,10,14049.29,140492.94,15.0,21073.94,119419.0,94986.19,24432.81,20.46,12.0,14330.28,5617.78,0,5.0,5,UPI
ORD202200643,2023-01-26 08:10:00.500417016,2023,1,Q1,Spain,New York,Planes,Petrol,Corporate,Distributor,Speed Wheels,Vikram,15,81767.68,1226515.23,15.5,190109.86,1036405.37,757005.97,279399.4,26.96,10.0,103640.54,27678.12,1,4.0,13,Finance
ORD202200644,2023-01-26 22:45:32.276897416,2023,1,Q1,Singapore,Rome,Planes,Hybrid,Government,Dealer,Global Auto,Karthik,7,76561.79,535932.54,15.0,80389.88,455542.66,353982.93,101559.73,22.29,10.0,45554.27,16659.75,1,3.7,8,Bank Transfer
ORD202200645,2023-01-27 13:21:04.053377816,2023,1,Q1,Belgium,Sydney,Vintage Cars,Hybrid,Retail,Direct Sales,City Motors,Ananya,12,42724.28,512691.41,17.5,89721.0,422970.41,368499.73,54470.68,12.88,12.0,50756.45,15004.65,0,3.9,3,Finance
ORD202200646,2023-01-28 03:56:35.829858216,2023,1,Q1,Norway,Stockholm,Trains,Electric,Corporate,Distributor,Elite Cars,Daniel,4,29929.22,119716.88,6.2,7422.45,112294.44,93381.36,18913.08,16.84,12.0,13475.33,4345.4,0,4.6,9,Credit Card
ORD202200647,2023-01-28 18:32:07.606338616,2023,1,Q1,Philippines,Oslo,Trucks and Buses,Hybrid,Corporate,Direct Sales,Elite Cars,Arun,7,39072.77,273509.42,2.3,6290.72,267218.7,213840.51,53378.2,19.98,8.0,21377.5,14103.24,0,3.9,11,UPI
ORD202200648,2023-01-29 09:07:39.382819016,2023,1,Q1,Norway,Sydney,Vintage Cars,Petrol,Retail,Online,Prime Motors,Priya,2,30532.6,61065.2,11.0,6717.17,54348.03,46742.51,7605.52,13.99,12.0,6521.76,2808.19,1,3.3,2,UPI
ORD202200649,2023-01-29 23:43:11.159299416,2023,1,Q1,India,Rome,Ships,Diesel,Retail,Distributor,Prime Motors,Ananya,14,153392.31,2147492.4,15.7,337156.31,1810336.09,1581328.16,229007.94,12.65,12.0,217240.33,97055.26,1,4.2,8,UPI
ORD202200650,2023-01-30 14:18:42.935779820,2023,1,Q1,Italy,Madrid,Vintage Cars,Electric,Corporate,Online,Speed Wheels,Sneha,2,41706.18,83412.35,15.1,12595.27,70817.09,58114.37,12702.72,17.94,12.0,8498.05,2984.8,0,3.9,7,UPI
ORD202200651,2023-01-31 04:54:14.712260220,2023,1,Q1,France,Paris,Vintage Cars,Hybrid,Retail,Direct Sales,Elite Cars,Vikram,14,40966.2,573526.76,12.3,70543.79,502982.97,373662.18,129320.79,25.71,10.0,50298.3,12622.97,0,4.1,2,Finance
ORD202200652,2023-01-31 19:29:46.488740620,2023,1,Q1,Japan,Vienna,Trucks and Buses,Petrol,Retail,Direct Sales,AutoMax,Karthik,10,76887.64,768876.36,10.3,79194.26,689682.09,582646.33,107035.77,15.52,10.0,68968.21,37271.72,0,4.4,7,Bank Transfer
ORD202200653,2023-02-01 10:05:18.265221020,2023,2,Q1,Australia,London,Classic Cars,Petrol,Corporate,Dealer,AutoMax,Sneha,15,48151.64,722274.61,13.3,96062.52,626212.09,530519.77,95692.32,15.28,10.0,62621.21,32071.69,0,3.3,5,Bank Transfer
ORD202200654,2023-02-02 00:40:50.041701420,2023,2,Q1,Switzerland,Rome,Classic Cars,Hybrid,Fleet,Direct Sales,Speed Wheels,Rahul,10,59731.31,597313.1,9.9,59134.0,538179.1,385506.56,152672.54,28.37,5.0,26908.96,28559.09,0,4.4,13,Bank Transfer
ORD202200655,2023-02-02 15:16:21.818181820,2023,2,Q1,Finland,Zurich,Vintage Cars,Petrol,Fleet,Dealer,Global Auto,Ananya,1,23568.25,23568.25,2.9,683.48,22884.77,17632.34,5252.43,22.95,18.0,4119.26,1206.4,0,4.3,10,UPI
ORD202200656,2023-02-03 05:51:53.594662220,2023,2,Q1,Germany,Oslo,Planes,Hybrid,Corporate,Direct Sales,Global Auto,Arun,9,170503.51,1534531.62,17.6,270077.57,1264454.06,940836.99,323617.07,25.59,10.0,126445.41,39193.45,1,4.0,9,Cash
ORD202200657,2023-02-03 20:27:25.371142620,2023,2,Q1,Italy,New York,Classic Cars,Hybrid,Fleet,Dealer,AutoMax,Rahul,5,73738.58,368692.89,12.8,47192.69,321500.2,286980.54,34519.66,10.74,10.0,32150.02,16660.31,0,3.9,11,UPI
ORD202200658,2023-02-04 11:02:57.147623020,2023,2,Q1,USA,Toronto,Trucks and Buses,Electric,Retail,Distributor,AutoMax,Karthik,11,112372.27,1236094.94,12.8,158220.15,1077874.78,893717.11,184157.68,17.09,12.0,129344.97,53028.06,0,4.3,2,Cash
ORD202200659,2023-02-05 01:38:28.924103420,2023,2,Q1,UK,Sydney,Trains,Hybrid,Retail,Online,City Motors,Karthik,11,56056.73,616624.06,16.8,103592.84,513031.22,389045.09,123986.13,24.17,18.0,92345.62,7759.3,1,3.9,4,Finance
ORD202200660,2023-02-05 16:14:00.700583820,2023,2,Q1,Canada,Rome,Classic Cars,Hybrid,Retail,Online,Prime Motors,Ananya,6,43580.55,261483.31,11.7,30593.55,230889.76,200232.94,30656.82,13.28,18.0,41560.16,8310.99,1,4.6,12,UPI
ORD202200661,2023-02-06 06:49:32.477064220,2023,2,Q1,Spain,London,Classic Cars,Petrol,Fleet,Dealer,AutoMax,Karthik,9,48447.28,436025.54,15.8,68892.04,367133.51,321706.37,45427.14,12.37,12.0,44056.02,15130.12,0,3.9,5,Cash
ORD202200662,2023-02-06 21:25:04.253544624,2023,2,Q1,Philippines,Singapore,Motorcycles,Diesel,Retail,Online,Elite Cars,Vikram,8,17899.75,143197.98,10.0,14319.8,128878.18,108744.54,20133.64,15.62,5.0,6443.91,2662.25,0,3.5,6,Finance
ORD202200663,2023-02-07 12:00:36.030025024,2023,2,Q1,Germany,Brussels,Classic Cars,Hybrid,Retail,Direct Sales,City Motors,Priya,5,92083.0,460414.99,11.7,53868.55,406546.44,296293.73,110252.71,27.12,12.0,48785.57,11259.29,0,3.7,7,UPI
ORD202200664,2023-02-08 02:36:07.806505424,2023,2,Q1,Denmark,Rome,Ships,Hybrid,Corporate,Dealer,Global Auto,Priya,13,50539.48,657013.3,14.1,92638.88,564374.43,431350.98,133023.45,23.57,18.0,101587.4,15470.15,1,4.7,4,Credit Card
ORD202200665,2023-02-08 17:11:39.582985824,2023,2,Q1,Finland,Vienna,Trucks and Buses,Petrol,Government,Distributor,Elite Cars,Vikram,9,33130.57,298175.1,15.8,47111.67,251063.43,189724.96,61338.47,24.43,18.0,45191.42,8369.01,0,3.8,14,Credit Card
ORD202200666,2023-02-09 07:47:11.359466224,2023,2,Q1,Denmark,New York,Trucks and Buses,Hybrid,Retail,Dealer,Prime Motors,Rahul,15,57974.82,869622.33,14.5,126095.24,743527.09,653389.05,90138.04,12.12,8.0,59482.17,27345.72,0,4.9,15,Credit Card
ORD202200667,2023-02-09 22:22:43.135946624,2023,2,Q1,Belgium,Oslo,Ships,Petrol,Fleet,Direct Sales,Global Auto,Arun,12,70224.96,842699.52,11.7,98595.84,744103.67,609409.95,134693.72,18.1,18.0,133938.66,37271.11,0,4.1,3,Bank Transfer
ORD202200668,2023-02-10 12:58:14.912427024,2023,2,Q1,Spain,Oslo,Planes,Electric,Retail,Online,Speed Wheels,Ananya,5,100278.04,501390.21,10.9,54651.53,446738.67,391797.39,54941.28,12.3,12.0,53608.64,7093.09,1,4.3,15,Finance
ORD202200669,2023-02-11 03:33:46.688907424,2023,2,Q1,Finland,Oslo,Planes,Diesel,Retail,Direct Sales,Prime Motors,Vikram,9,59012.28,531110.52,12.0,63733.26,467377.26,339659.78,127717.49,27.33,10.0,46737.73,7686.73,1,4.3,13,Bank Transfer
ORD202200670,2023-02-11 18:09:18.465387824,2023,2,Q1,Switzerland,Helsinki,Vintage Cars,Hybrid,Retail,Dealer,Prime Motors,Daniel,6,38469.08,230814.51,7.8,18003.53,212810.98,179591.5,33219.48,15.61,10.0,21281.1,10272.27,0,4.5,15,Finance
ORD202200671,2023-02-12 08:44:50.241868224,2023,2,Q1,USA,Manila,Trains,Hybrid,Fleet,Dealer,Prime Motors,Arun,9,90085.72,810771.5,16.2,131344.98,679426.52,576514.64,102911.88,15.15,10.0,67942.65,30324.34,0,4.7,10,Bank Transfer
ORD202200672,2023-02-12 23:20:22.018348624,2023,2,Q1,Sweden,Oslo,Planes,Petrol,Retail,Online,AutoMax,Arun,12,85427.56,1025130.69,3.7,37929.84,987200.86,712618.79,274582.07,27.81,18.0,177696.15,36245.56,1,4.1,7,Finance
ORD202200673,2023-02-13 13:55:53.794829024,2023,2,Q1,Denmark,Copenhagen,Planes,Electric,Fleet,Direct Sales,AutoMax,Ananya,5,98862.0,494310.01,8.6,42510.66,451799.35,318996.97,132802.38,29.39,18.0,81323.88,6944.25,0,5.0,3,Finance
ORD202200674,2023-02-14 04:31:25.571309428,2023,2,Q1,Denmark,Manila,Trucks and Buses,Diesel,Retail,Dealer,Elite Cars,Karthik,11,57293.52,630228.71,10.0,63022.87,567205.84,452440.8,114765.04,20.23,5.0,28360.29,9711.18,0,3.5,15,Bank Transfer
ORD202200675,2023-02-14 19:06:57.347789828,2023,2,Q1,Japan,Singapore,Motorcycles,Hybrid,Retail,Dealer,Prime Motors,Meera,8,24830.2,198641.56,7.8,15494.04,183147.52,164353.35,18794.17,10.26,8.0,14651.8,2780.56,1,4.8,3,UPI
ORD202200676,2023-02-15 09:42:29.124270228,2023,2,Q1,Norway,Rome,Vintage Cars,Petrol,Retail,Distributor,Speed Wheels,Daniel,6,24158.54,144951.22,15.6,22612.39,122338.83,109218.77,13120.06,10.72,12.0,14680.66,2699.93,0,4.4,15,Bank Transfer
ORD202200677,2023-02-16 00:18:00.900750628,2023,2,Q1,Spain,Stockholm,Classic Cars,Electric,Corporate,Online,Global Auto,Sneha,14,47718.73,668062.15,3.9,26054.42,642007.73,540874.37,101133.36,15.75,12.0,77040.93,30162.35,1,3.5,6,UPI
ORD202200678,2023-02-16 14:53:32.677231028,2023,2,Q1,Philippines,Berlin,Vintage Cars,Hybrid,Retail,Dealer,Prime Motors,Sneha,4,22443.77,89775.09,12.0,10773.01,79002.08,66421.15,12580.93,15.92,10.0,7900.21,1775.2,0,3.9,6,Bank Transfer
ORD202200679,2023-02-17 05:29:04.453711428,2023,2,Q1,Austria,Vienna,Trucks and Buses,Electric,Corporate,Dealer,City Motors,Sneha,9,44610.48,401494.31,3.4,13650.81,387843.5,315588.64,72254.86,18.63,18.0,69811.83,12850.64,0,3.7,11,Bank Transfer
ORD202200680,2023-02-17 20:04:36.230191828,2023,2,Q1,Philippines,Manila,Classic Cars,Petrol,Fleet,Direct Sales,Prime Motors,Karthik,13,38467.72,500080.36,3.1,15502.49,484577.87,433170.26,51407.61,10.61,12.0,58149.34,12871.08,0,3.3,9,UPI
ORD202200681,2023-02-18 10:40:08.006672228,2023,2,Q1,Philippines,Brussels,Vintage Cars,Petrol,Retail,Direct Sales,Prime Motors,Arun,9,23619.21,212572.89,10.6,22532.73,190040.16,138527.78,51512.38,27.11,18.0,34207.23,8115.41,0,5.0,9,Credit Card
ORD202200682,2023-02-19 01:15:39.783152628,2023,2,Q1,Finland,Toronto,Trucks and Buses,Electric,Corporate,Online,Prime Motors,Priya,6,52641.66,315849.98,9.3,29374.05,286475.93,252389.04,34086.9,11.9,8.0,22918.07,9025.34,0,4.1,7,Cash
ORD202200683,2023-02-19 15:51:11.559633028,2023,2,Q1,Spain,Singapore,Vintage Cars,Petrol,Fleet,Dealer,Elite Cars,Karthik,12,39255.44,471065.29,12.9,60767.42,410297.87,348475.37,61822.5,15.07,18.0,73853.62,10966.56,0,5.0,5,Bank Transfer
ORD202200684,2023-02-20 06:26:43.336113428,2023,2,Q1,Sweden,Stockholm,Ships,Petrol,Corporate,Dealer,AutoMax,Arun,3,86366.31,259098.92,3.3,8550.26,250548.66,212522.74,38025.91,15.18,8.0,20043.89,8346.19,0,4.4,6,Credit Card
ORD202200685,2023-02-20 21:02:15.112593828,2023,2,Q1,Australia,Sydney,Motorcycles,Electric,Government,Online,Prime Motors,Ananya,9,22170.68,199536.09,0.3,598.61,198937.48,157003.47,41934.01,21.08,18.0,35808.75,5155.52,0,4.4,8,UPI
ORD202200686,2023-02-21 11:37:46.889074232,2023,2,Q1,Australia,London,Ships,Petrol,Fleet,Dealer,City Motors,Sneha,10,112282.75,1122827.49,11.9,133616.47,989211.01,773530.57,215680.44,21.8,8.0,79136.88,43942.63,0,5.0,8,Credit Card
ORD202200687,2023-02-22 02:13:18.665554632,2023,2,Q1,Spain,Oslo,Classic Cars,Hybrid,Corporate,Direct Sales,AutoMax,Rahul,3,55020.55,165061.66,2.8,4621.73,160439.93,119307.6,41132.33,25.64,12.0,19252.79,3516.51,0,4.9,10,UPI
ORD202200688,2023-02-22 16:48:50.442035032,2023,2,Q1,Spain,Berlin,Motorcycles,Petrol,Retail,Direct Sales,Elite Cars,Ananya,4,23702.75,94810.99,15.3,14506.08,80304.9,61594.35,18710.55,23.3,18.0,14454.88,1930.46,0,4.2,7,Finance
ORD202200689,2023-02-23 07:24:22.218515432,2023,2,Q1,France,Zurich,Trucks and Buses,Hybrid,Retail,Direct Sales,AutoMax,Meera,7,89847.7,628933.87,8.7,54717.25,574216.62,513432.11,60784.51,10.59,18.0,103358.99,16645.69,0,4.3,11,Credit Card
ORD202200690,2023-02-23 21:59:53.994995832,2023,2,Q1,USA,Brussels,Classic Cars,Diesel,Corporate,Dealer,City Motors,Priya,10,93921.99,939219.94,15.4,144639.87,794580.07,643483.87,151096.2,19.02,8.0,63566.41,30342.07,0,3.9,8,Credit Card
ORD202200691,2023-02-24 12:35:25.771476232,2023,2,Q1,Austria,Madrid,Vintage Cars,Petrol,Retail,Online,AutoMax,Sofia,12,37309.41,447712.96,9.6,42980.44,404732.51,309218.35,95514.16,23.6,10.0,40473.25,20358.76,0,3.4,13,Bank Transfer
ORD202200692,2023-02-25 03:10:57.547956632,2023,2,Q1,Switzerland,Toronto,Trucks and Buses,Diesel,Fleet,Direct Sales,City Motors,Rahul,10,53977.35,539773.51,0.6,3238.64,536534.87,420293.13,116241.74,21.67,10.0,53653.49,18729.22,0,4.8,4,Cash
ORD202200693,2023-02-25 17:46:29.324437032,2023,2,Q1,Denmark,Berlin,Trucks and Buses,Diesel,Retail,Online,Prime Motors,Priya,6,53677.79,322066.76,11.3,36393.54,285673.21,228274.23,57398.99,20.09,10.0,28567.32,14370.51,1,4.2,6,Cash
ORD202200694,2023-02-26 08:22:01.100917432,2023,2,Q1,Denmark,Brussels,Vintage Cars,Petrol,Retail,Online,Speed Wheels,Karthik,1,26428.2,26428.2,5.2,1374.27,25053.94,18071.74,6982.2,27.87,8.0,2004.32,1191.74,0,4.3,6,Bank Transfer
ORD202200695,2023-02-26 22:57:32.877397832,2023,2,Q1,Singapore,Berlin,Motorcycles,Electric,Retail,Dealer,Global Auto,Priya,14,19477.08,272679.11,12.4,33812.21,238866.9,183590.84,55276.07,23.14,18.0,42996.04,13117.03,0,4.5,4,UPI
ORD202200696,2023-02-27 13:33:04.653878232,2023,2,Q1,Norway,Zurich,Ships,Diesel,Retail,Distributor,Prime Motors,Vikram,10,82890.33,828903.27,10.7,88692.65,740210.62,533214.42,206996.2,27.96,18.0,133237.91,35934.97,0,4.0,10,Finance
ORD202200697,2023-02-28 04:08:36.430358632,2023,2,Q1,France,Oslo,Planes,Petrol,Government,Dealer,City Motors,Rahul,13,148261.52,1927399.78,8.4,161901.58,1765498.2,1344889.7,420608.5,23.82,5.0,88274.91,79845.56,1,3.4,15,Credit Card
ORD202200698,2023-02-28 18:44:08.206839032,2023,2,Q1,Philippines,Toronto,Vintage Cars,Electric,Retail,Direct Sales,Global Auto,Priya,7,28710.56,200973.92,17.1,34366.54,166607.38,117630.54,48976.84,29.4,10.0,16660.74,8287.09,0,4.0,6,Finance
ORD202200699,2023-03-01 09:19:39.983319432,2023,3,Q1,Italy,Vienna,Trucks and Buses,Diesel,Corporate,Direct Sales,Speed Wheels,Sofia,8,62609.0,500871.98,5.6,28048.83,472823.15,381521.09,91302.06,19.31,12.0,56738.78,23421.67,1,3.9,14,Bank Transfer
ORD202200700,2023-03-01 23:55:11.759799832,2023,3,Q1,Spain,Copenhagen,Trains,Petrol,Government,Dealer,Elite Cars,Vikram,11,51489.74,566387.12,15.7,88922.78,477464.34,339379.72,138084.62,28.92,18.0,85943.58,21351.32,0,4.4,4,Credit Card
ORD202200701,2023-03-02 14:30:43.536280232,2023,3,Q1,Australia,Rome,Ships,Diesel,Retail,Direct Sales,Speed Wheels,Sneha,1,111712.32,111712.32,17.1,19102.81,92609.51,82175.31,10434.2,11.27,18.0,16669.71,3730.09,0,3.8,6,Cash
ORD202200702,2023-03-03 05:06:15.312760632,2023,3,Q1,India,Zurich,Motorcycles,Electric,Retail,Direct Sales,Speed Wheels,Arun,12,32255.15,387061.75,16.8,65026.37,322035.37,226665.26,95370.11,29.61,8.0,25762.83,12505.78,1,4.5,11,Bank Transfer
ORD202200703,2023-03-03 19:41:47.089241032,2023,3,Q1,Singapore,Brussels,Ships,Petrol,Retail,Dealer,Elite Cars,Arun,1,65665.88,65665.88,11.4,7485.91,58179.97,43210.79,14969.18,25.73,18.0,10472.39,2890.85,1,4.6,8,Credit Card
ORD202200704,2023-03-04 10:17:18.865721440,2023,3,Q1,Austria,New York,Trucks and Buses,Electric,Government,Distributor,City Motors,Arun,1,60399.71,60399.71,6.9,4167.58,56232.13,39370.2,16861.93,29.99,10.0,5623.21,1780.14,1,3.5,2,UPI
ORD202200705,2023-03-05 00:52:50.642201840,2023,3,Q1,Finland,Zurich,Trucks and Buses,Diesel,Retail,Dealer,Prime Motors,Sofia,15,35826.16,537392.37,12.6,67711.44,469680.93,352872.25,116808.69,24.87,10.0,46968.09,25366.32,0,4.1,5,Cash
ORD202200706,2023-03-05 15:28:22.418682240,2023,3,Q1,Philippines,Vienna,Planes,Petrol,Retail,Distributor,Speed Wheels,Priya,13,67912.39,882861.02,16.4,144789.21,738071.81,611540.99,126530.82,17.14,10.0,73807.18,30701.72,1,4.1,11,Bank Transfer
ORD202200707,2023-03-06 06:03:54.195162640,2023,3,Q1,India,Brussels,Planes,Petrol,Retail,Online,Global Auto,Priya,2,144964.81,289929.61,10.9,31602.33,258327.29,181845.47,76481.82,29.61,18.0,46498.91,5521.97,0,4.9,5,Credit Card
ORD202200708,2023-03-06 20:39:25.971643040,2023,3,Q1,Finland,Mumbai,Vintage Cars,Hybrid,Retail,Online,Prime Motors,Meera,12,28294.88,339538.5,15.7,53307.55,286230.96,222688.77,63542.19,22.2,5.0,14311.55,10272.07,0,4.1,10,Credit Card
ORD202200709,2023-03-07 11:14:57.748123440,2023,3,Q1,Canada,New York,Classic Cars,Electric,Retail,Dealer,Global Auto,Meera,14,68202.45,954834.23,5.8,55380.39,899453.85,661544.99,237908.86,26.45,18.0,161901.69,25783.85,1,3.6,14,Credit Card
ORD202200710,2023-03-08 01:50:29.524603840,2023,3,Q1,Spain,Mumbai,Motorcycles,Petrol,Retail,Direct Sales,Prime Motors,Priya,9,15454.05,139086.43,7.0,9736.05,129350.38,89749.91,39600.47,30.61,10.0,12935.04,2508.83,0,4.4,6,Credit Card
ORD202200711,2023-03-08 16:26:01.301084240,2023,3,Q1,Canada,Singapore,Trucks and Buses,Diesel,Retail,Online,AutoMax,Karthik,13,76727.61,997458.97,12.7,126677.29,870781.68,746273.27,124508.41,14.3,5.0,43539.08,41335.85,0,3.9,11,Cash
ORD202200712,2023-03-09 07:01:33.077564640,2023,3,Q1,Japan,Singapore,Vintage Cars,Hybrid,Retail,Direct Sales,Prime Motors,Sneha,13,51800.34,673404.36,17.3,116498.95,556905.4,452988.05,103917.35,18.66,12.0,66828.65,19786.72,0,3.3,2,Bank Transfer
ORD202200713,2023-03-09 21:37:04.854045040,2023,3,Q1,UK,Copenhagen,Trucks and Buses,Petrol,Government,Dealer,AutoMax,Vikram,1,64671.42,64671.42,1.1,711.39,63960.04,46264.72,17695.32,27.67,18.0,11512.81,3285.98,0,5.0,4,Finance
ORD202200714,2023-03-10 12:12:36.630525440,2023,3,Q1,Switzerland,Brussels,Trucks and Buses,Hybrid,Corporate,Dealer,Global Auto,Karthik,6,47060.31,282361.86,14.0,39530.66,242831.2,180437.25,62393.95,25.69,8.0,19426.5,7537.17,1,3.6,8,Bank Transfer
ORD202200715,2023-03-11 02:48:08.407005840,2023,3,Q1,Spain,Madrid,Classic Cars,Hybrid,Retail,Online,Elite Cars,Meera,9,61187.37,550686.31,13.2,72690.59,477995.72,385021.57,92974.15,19.45,8.0,38239.66,8573.63,0,3.8,15,UPI
ORD202200716,2023-03-11 17:23:40.183486240,2023,3,Q1,UK,Toronto,Motorcycles,Petrol,Corporate,Online,City Motors,Priya,4,21421.55,85686.21,6.4,5483.92,80202.29,59059.31,21142.99,26.36,10.0,8020.23,2448.02,0,4.2,9,Credit Card
ORD202200717,2023-03-12 07:59:11.959966640,2023,3,Q1,UK,Copenhagen,Classic Cars,Petrol,Corporate,Direct Sales,Global Auto,Rahul,9,87017.24,783155.14,6.8,53254.55,729900.59,523547.15,206353.44,28.27,8.0,58392.05,13384.96,1,3.4,8,Cash
ORD202200718,2023-03-12 22:34:43.736447040,2023,3,Q1,Italy,Berlin,Trains,Hybrid,Retail,Dealer,Elite Cars,Vikram,3,62014.3,186042.91,0.4,744.17,185298.74,143173.79,42124.96,22.73,12.0,22235.85,4808.92,0,4.4,8,Finance
ORD202200719,2023-03-13 13:10:15.512927440,2023,3,Q1,Italy,Toronto,Trains,Electric,Fleet,Online,Prime Motors,Rahul,10,53120.0,531200.01,1.4,7436.8,523763.21,434410.14,89353.06,17.06,18.0,94277.38,10897.72,0,3.9,4,Finance
ORD202200720,2023-03-14 03:45:47.289407840,2023,3,Q1,India,Brussels,Motorcycles,Petrol,Fleet,Dealer,Global Auto,Karthik,4,19240.25,76961.01,11.0,8465.71,68495.3,46604.43,21890.87,31.96,12.0,8219.44,1864.8,0,4.3,14,Credit Card
ORD202200721,2023-03-14 18:21:19.065888240,2023,3,Q1,India,Brussels,Ships,Hybrid,Retail,Online,Speed Wheels,Daniel,14,87517.53,1225245.4,10.3,126200.28,1099045.12,906480.67,192564.45,17.52,12.0,131885.41,58192.51,1,4.5,14,Bank Transfer
ORD202200722,2023-03-15 08:56:50.842368640,2023,3,Q1,Austria,Toronto,Classic Cars,Petrol,Retail,Dealer,City Motors,Ananya,3,38734.96,116204.87,0.2,232.41,115972.46,91106.27,24866.19,21.44,10.0,11597.25,3050.85,1,3.1,8,UPI
ORD202200723,2023-03-15 23:32:22.618849040,2023,3,Q1,Belgium,New York,Vintage Cars,Petrol,Corporate,Dealer,AutoMax,Karthik,4,34204.94,136819.75,17.1,23396.18,113423.58,79825.3,33598.27,29.62,12.0,13610.83,3278.22,1,3.5,15,Cash
ORD202200724,2023-03-16 14:07:54.395329440,2023,3,Q1,Belgium,Copenhagen,Motorcycles,Electric,Fleet,Dealer,Global Auto,Meera,11,19078.46,209863.02,8.4,17628.49,192234.53,164875.37,27359.15,14.23,10.0,19223.45,4804.1,0,4.2,14,Finance
ORD202200725,2023-03-17 04:43:26.171809840,2023,3,Q1,Japan,Manila,Trucks and Buses,Diesel,Retail,Dealer,Speed Wheels,Priya,4,105466.86,421867.45,5.0,21093.37,400774.08,278009.94,122764.14,30.63,8.0,32061.93,14932.29,1,4.2,12,UPI
ORD202200726,2023-03-17 19:18:57.948290240,2023,3,Q1,Italy,Mumbai,Classic Cars,Hybrid,Corporate,Distributor,City Motors,Daniel,11,74469.11,819160.17,9.5,77820.22,741339.95,585781.5,155558.46,20.98,12.0,88960.79,18071.5,1,3.0,6,UPI
ORD202200727,2023-03-18 09:54:29.724770640,2023,3,Q1,Switzerland,Rome,Trucks and Buses,Diesel,Retail,Dealer,City Motors,Daniel,11,62745.06,690195.63,14.9,102839.15,587356.48,412474.33,174882.15,29.77,8.0,46988.52,24749.32,1,4.4,8,Credit Card
ORD202200728,2023-03-19 00:30:01.501251048,2023,3,Q1,Norway,New York,Trucks and Buses,Petrol,Retail,Direct Sales,Global Auto,Sneha,15,37155.34,557330.11,4.1,22850.53,534479.58,408145.3,126334.28,23.64,5.0,26723.98,20445.25,0,3.8,13,UPI
ORD202200729,2023-03-19 15:05:33.277731448,2023,3,Q1,India,Tokyo,Classic Cars,Diesel,Fleet,Dealer,Speed Wheels,Rahul,2,80307.62,160615.23,2.5,4015.38,156599.85,123509.11,33090.74,21.13,18.0,28187.97,7141.94,0,4.2,2,Credit Card
ORD202200730,2023-03-20 05:41:05.054211848,2023,3,Q1,Norway,Stockholm,Classic Cars,Diesel,Government,Dealer,Prime Motors,Ananya,12,51662.71,619952.53,6.2,38437.06,581515.47,418644.36,162871.11,28.01,12.0,69781.86,22493.79,0,3.4,12,Finance
ORD202200731,2023-03-20 20:16:36.830692248,2023,3,Q1,Germany,Manila,Classic Cars,Electric,Fleet,Dealer,Prime Motors,Vikram,9,62121.22,559090.96,11.7,65413.64,493677.32,346762.03,146915.29,29.76,10.0,49367.73,26336.26,0,4.1,13,Cash
ORD202200732,2023-03-21 10:52:08.607172648,2023,3,Q1,France,Berlin,Classic Cars,Petrol,Fleet,Direct Sales,Prime Motors,Ananya,12,68297.62,819571.48,13.9,113920.44,705651.05,594451.47,111199.58,15.76,18.0,127017.19,33314.43,0,4.1,5,Credit Card
ORD202200733,2023-03-22 01:27:40.383653048,2023,3,Q1,Denmark,Mumbai,Vintage Cars,Diesel,Retail,Dealer,AutoMax,Ananya,14,22183.8,310573.22,17.6,54660.89,255912.33,208612.13,47300.2,18.48,5.0,12795.62,4327.77,0,4.1,9,Finance
ORD202200734,2023-03-22 16:03:12.160133448,2023,3,Q1,India,Sydney,Trucks and Buses,Diesel,Government,Dealer,Elite Cars,Arun,5,96465.85,482329.26,4.6,22187.15,460142.11,413370.56,46771.55,10.16,12.0,55217.05,25275.43,0,4.9,11,Cash
ORD202200735,2023-03-23 06:38:43.936613848,2023,3,Q1,Denmark,London,Ships,Electric,Retail,Online,Prime Motors,Ananya,2,62192.68,124385.36,15.9,19777.27,104608.09,82326.19,22281.89,21.3,18.0,18829.46,3553.44,0,4.0,6,Credit Card
ORD202200736,2023-03-23 21:14:15.713094248,2023,3,Q1,Sweden,Zurich,Motorcycles,Hybrid,Retail,Direct Sales,AutoMax,Vikram,4,19159.62,76638.48,8.5,6514.27,70124.21,53161.89,16962.31,24.19,12.0,8414.9,2388.64,0,3.9,7,Finance
ORD202200737,2023-03-24 11:49:47.489574648,2023,3,Q1,Canada,Oslo,Trains,Hybrid,Retail,Dealer,City Motors,Vikram,10,35543.83,355438.25,6.6,23458.92,331979.33,235344.79,96634.54,29.11,10.0,33197.93,7911.56,0,4.2,4,Bank Transfer
ORD202200738,2023-03-25 02:25:19.266055048,2023,3,Q1,Norway,Singapore,Planes,Petrol,Retail,Direct Sales,AutoMax,Arun,3,64629.7,193889.09,4.5,8725.01,185164.08,136542.09,48621.99,26.26,10.0,18516.41,5491.17,0,3.8,15,Credit Card
ORD202200739,2023-03-25 17:00:51.042535448,2023,3,Q1,UK,Sydney,Motorcycles,Electric,Fleet,Direct Sales,Prime Motors,Rahul,12,25401.74,304820.87,5.5,16765.15,288055.72,259105.4,28950.33,10.05,10.0,28805.57,14217.7,0,3.5,9,Credit Card
ORD202200740,2023-03-26 07:36:22.819015848,2023,3,Q1,Germany,Helsinki,Trucks and Buses,Petrol,Retail,Direct Sales,Global Auto,Sofia,14,76851.27,1075917.83,8.9,95756.69,980161.15,845211.6,134949.55,13.77,10.0,98016.11,37835.18,0,4.3,5,Credit Card
ORD202200741,2023-03-26 22:11:54.595496248,2023,3,Q1,UK,Sydney,Vintage Cars,Petrol,Corporate,Dealer,Speed Wheels,Arun,13,57023.88,741310.42,17.0,126022.77,615287.65,521213.25,94074.4,15.29,18.0,110751.78,15935.7,1,4.5,10,Credit Card
ORD202200742,2023-03-27 12:47:26.371976648,2023,3,Q1,Switzerland,Oslo,Trucks and Buses,Hybrid,Retail,Dealer,Elite Cars,Sofia,15,40233.21,603498.09,17.1,103198.17,500299.92,447219.7,53080.21,10.61,10.0,50029.99,20691.15,0,4.3,7,Finance
ORD202200743,2023-03-28 03:22:58.148457048,2023,3,Q1,Switzerland,Tokyo,Trains,Hybrid,Fleet,Dealer,Speed Wheels,Sneha,13,31186.67,405426.68,2.2,8919.39,396507.29,337277.51,59229.78,14.94,18.0,71371.31,20658.63,0,4.6,14,UPI
ORD202200744,2023-03-28 17:58:29.924937448,2023,3,Q1,Germany,Zurich,Trucks and Buses,Hybrid,Government,Dealer,Speed Wheels,Meera,9,85609.55,770485.93,4.3,33130.89,737355.03,516238.03,221117.0,29.99,18.0,132723.91,24678.54,0,4.4,13,Finance
ORD202200745,2023-03-29 08:34:01.701417848,2023,3,Q1,Belgium,New York,Classic Cars,Petrol,Retail,Online,Elite Cars,Ananya,3,62671.16,188013.48,6.1,11468.82,176544.66,132781.13,43763.53,24.79,12.0,21185.36,5968.16,0,4.0,11,Finance
ORD202200746,2023-03-29 23:09:33.477898248,2023,3,Q1,UK,Tokyo,Ships,Electric,Fleet,Direct Sales,Prime Motors,Priya,12,158612.35,1903348.15,3.4,64713.84,1838634.31,1552292.8,286341.51,15.57,10.0,183863.43,38329.64,0,3.4,6,Credit Card
ORD202200747,2023-03-30 13:45:05.254378648,2023,3,Q1,USA,Zurich,Classic Cars,Petrol,Retail,Dealer,City Motors,Priya,11,85298.12,938279.32,2.4,22518.7,915760.62,668820.17,246940.45,26.97,18.0,164836.91,36632.62,0,4.4,5,Credit Card
ORD202200748,2023-03-31 04:20:37.030859048,2023,3,Q1,Switzerland,Singapore,Classic Cars,Diesel,Retail,Dealer,Global Auto,Sofia,3,41528.01,124584.04,10.1,12582.99,112001.05,79095.42,32905.63,29.38,10.0,11200.11,2233.98,0,4.0,3,Bank Transfer
ORD202200749,2023-03-31 18:56:08.807339448,2023,3,Q1,Denmark,Helsinki,Vintage Cars,Hybrid,Retail,Dealer,City Motors,Ananya,8,37299.74,298397.91,6.5,19395.86,279002.05,223625.99,55376.06,19.85,18.0,50220.37,7723.95,0,4.7,7,Bank Transfer
ORD202200750,2023-04-01 09:31:40.583819848,2023,4,Q2,France,Oslo,Vintage Cars,Petrol,Retail,Dealer,City Motors,Vikram,3,41165.36,123496.07,0.1,123.5,123372.58,93729.63,29642.94,24.03,10.0,12337.26,4413.96,0,4.1,12,Bank Transfer
ORD202200751,2023-04-02 00:07:12.360300248,2023,4,Q2,Austria,Paris,Ships,Electric,Retail,Dealer,City Motors,Priya,1,96209.04,96209.04,6.5,6253.59,89955.45,72589.41,17366.05,19.31,10.0,8995.55,4573.55,1,3.2,4,Finance
ORD202200752,2023-04-02 14:42:44.136780656,2023,4,Q2,Austria,Helsinki,Classic Cars,Hybrid,Corporate,Distributor,Speed Wheels,Sofia,13,52285.51,679711.61,12.0,81565.39,598146.21,434887.51,163258.71,27.29,5.0,29907.31,9662.97,0,3.4,9,Cash
ORD202200753,2023-04-03 05:18:15.913261056,2023,4,Q2,Philippines,Oslo,Vintage Cars,Petrol,Corporate,Online,AutoMax,Daniel,12,24198.61,290383.29,6.1,17713.38,272669.91,217813.13,54856.78,20.12,12.0,32720.39,4116.49,0,3.3,3,Credit Card
ORD202200754,2023-04-03 19:53:47.689741456,2023,4,Q2,Australia,Toronto,Classic Cars,Diesel,Fleet,Dealer,Prime Motors,Sneha,5,54841.81,274209.03,11.9,32630.88,241578.16,216056.87,25521.29,10.56,5.0,12078.91,7382.7,0,4.1,13,Finance
ORD202200755,2023-04-04 10:29:19.466221856,2023,4,Q2,France,Zurich,Vintage Cars,Petrol,Fleet,Direct Sales,City Motors,Priya,15,46161.11,692416.68,3.0,20772.5,671644.18,470170.81,201473.37,30.0,18.0,120895.95,12891.8,0,3.8,13,Bank Transfer
ORD202200756,2023-04-05 01:04:51.242702256,2023,4,Q2,Denmark,Tokyo,Vintage Cars,Diesel,Fleet,Direct Sales,Elite Cars,Rahul,8,21920.47,175363.79,3.9,6839.19,168524.6,120180.21,48344.39,28.69,12.0,20222.95,9123.76,1,4.0,14,Credit Card
ORD202200757,2023-04-05 15:40:23.019182656,2023,4,Q2,Austria,Mumbai,Classic Cars,Petrol,Government,Direct Sales,City Motors,Arun,14,34967.38,489543.25,0.7,3426.8,486116.45,347402.32,138714.13,28.54,8.0,38889.32,13729.51,1,4.1,4,Cash
ORD202200758,2023-04-06 06:15:54.795663056,2023,4,Q2,Japan,Helsinki,Trucks and Buses,Diesel,Retail,Distributor,Global Auto,Sneha,5,71900.42,359502.08,8.5,30557.68,328944.4,251626.68,77317.72,23.5,18.0,59209.99,11004.09,0,4.8,3,Cash
ORD202200759,2023-04-06 20:51:26.572143456,2023,4,Q2,Philippines,London,Trains,Electric,Government,Distributor,City Motors,Daniel,7,33334.45,233341.12,13.0,30334.35,203006.77,142611.86,60394.91,29.75,10.0,20300.68,9837.0,0,4.1,2,Credit Card
ORD202200760,2023-04-07 11:26:58.348623856,2023,4,Q2,Norway,Berlin,Trucks and Buses,Petrol,Fleet,Online,Speed Wheels,Vikram,5,40228.72,201143.58,2.1,4224.02,196919.56,154648.7,42270.86,21.47,18.0,35445.52,5852.48,0,4.1,3,Bank Transfer
ORD202200761,2023-04-08 02:02:30.125104256,2023,4,Q2,Singapore,Madrid,Trucks and Buses,Petrol,Retail,Direct Sales,Global Auto,Rahul,5,39677.59,198387.94,7.6,15077.48,183310.45,142924.43,40386.03,22.03,18.0,32995.88,8856.08,1,4.7,14,Finance
ORD202200762,2023-04-08 16:38:01.901584656,2023,4,Q2,Canada,Helsinki,Vintage Cars,Diesel,Corporate,Dealer,Prime Motors,Daniel,6,50612.42,303674.5,6.5,19738.84,283935.66,253026.31,30909.35,10.89,10.0,28393.57,10413.61,0,3.8,6,Cash
ORD202200763,2023-04-09 07:13:33.678065056,2023,4,Q2,USA,New York,Trucks and Buses,Electric,Corporate,Distributor,Elite Cars,Arun,10,81856.08,818560.78,6.4,52387.89,766172.89,616597.32,149575.57,19.52,5.0,38308.64,36958.04,1,3.7,4,Finance
ORD202200764,2023-04-09 21:49:05.454545456,2023,4,Q2,Japan,London,Trucks and Buses,Diesel,Retail,Distributor,Speed Wheels,Vikram,4,92391.04,369564.17,3.7,13673.87,355890.29,293154.48,62735.81,17.63,10.0,35589.03,7868.41,0,4.5,14,UPI
ORD202200765,2023-04-10 12:24:37.231025856,2023,4,Q2,Switzerland,Manila,Trucks and Buses,Petrol,Government,Direct Sales,Global Auto,Priya,5,50768.41,253842.07,8.1,20561.21,233280.87,196475.12,36805.74,15.78,5.0,11664.04,3892.53,0,3.1,12,Finance
ORD202200766,2023-04-11 03:00:09.007506256,2023,4,Q2,France,Toronto,Planes,Petrol,Fleet,Online,Speed Wheels,Sneha,12,125219.88,1502638.61,14.6,219385.24,1283253.37,898589.54,384663.83,29.98,12.0,153990.4,33093.57,0,3.9,5,Finance
ORD202200767,2023-04-11 17:35:40.783986656,2023,4,Q2,Japan,Oslo,Classic Cars,Hybrid,Retail,Online,Prime Motors,Daniel,1,90044.37,90044.37,0.4,360.18,89684.19,61554.09,28130.11,31.37,8.0,7174.74,4889.49,0,3.5,6,Credit Card
ORD202200768,2023-04-12 08:11:12.560467056,2023,4,Q2,Philippines,New York,Classic Cars,Electric,Retail,Direct Sales,Prime Motors,Karthik,8,40482.16,323857.29,11.2,36272.02,287585.28,233947.79,53637.48,18.65,12.0,34510.23,12851.97,1,3.1,13,Finance
ORD202200769,2023-04-12 22:46:44.336947456,2023,4,Q2,Finland,Madrid,Vintage Cars,Petrol,Retail,Distributor,Elite Cars,Meera,12,35523.55,426282.63,13.6,57974.44,368308.19,306389.13,61919.06,16.81,12.0,44196.98,8974.25,0,3.6,3,UPI
ORD202200770,2023-04-13 13:22:16.113427856,2023,4,Q2,India,Berlin,Planes,Diesel,Retail,Dealer,Global Auto,Rahul,7,110435.05,773045.38,13.7,105907.22,667138.16,490448.62,176689.54,26.48,5.0,33356.91,35376.4,0,4.3,13,UPI
ORD202200771,2023-04-14 03:57:47.889908256,2023,4,Q2,Belgium,Zurich,Vintage Cars,Petrol,Corporate,Distributor,Speed Wheels,Meera,9,43438.15,390943.38,16.3,63723.77,327219.61,282099.52,45120.09,13.79,10.0,32721.96,15953.48,1,3.9,14,Cash
ORD202200772,2023-04-14 18:33:19.666388656,2023,4,Q2,France,Rome,Classic Cars,Diesel,Retail,Online,Prime Motors,Ananya,15,79111.17,1186667.58,15.1,179186.8,1007480.77,777846.14,229634.63,22.79,18.0,181346.54,17074.32,0,3.9,6,UPI
ORD202200773,2023-04-15 09:08:51.442869056,2023,4,Q2,Singapore,Mumbai,Vintage Cars,Hybrid,Retail,Distributor,City Motors,Daniel,15,35383.57,530753.53,13.7,72713.23,458040.29,376848.14,81192.15,17.73,18.0,82447.25,23999.13,0,3.6,5,Cash
ORD202200774,2023-04-15 23:44:23.219349456,2023,4,Q2,Denmark,Tokyo,Classic Cars,Diesel,Corporate,Dealer,Speed Wheels,Arun,3,30209.11,90627.32,3.0,2718.82,87908.5,77048.61,10859.89,12.35,8.0,7032.68,1413.99,0,3.3,11,Cash
ORD202200775,2023-04-16 14:19:54.995829864,2023,4,Q2,Finland,Berlin,Vintage Cars,Petrol,Corporate,Dealer,AutoMax,Daniel,2,35952.91,71905.83,2.7,1941.46,69964.37,48835.76,21128.61,30.2,8.0,5597.15,1101.06,0,3.0,12,Bank Transfer
ORD202200776,2023-04-17 04:55:26.772310264,2023,4,Q2,Spain,Rome,Classic Cars,Petrol,Retail,Dealer,City Motors,Daniel,5,61104.56,305522.82,9.9,30246.76,275276.06,225323.41,49952.65,18.15,10.0,27527.61,15047.15,1,4.6,13,Bank Transfer
ORD202200777,2023-04-17 19:30:58.548790664,2023,4,Q2,France,Vienna,Motorcycles,Hybrid,Government,Dealer,Prime Motors,Arun,13,27850.22,362052.89,3.2,11585.69,350467.2,274159.6,76307.6,21.77,12.0,42056.06,17096.7,0,3.7,8,Finance
ORD202200778,2023-04-18 10:06:30.325271064,2023,4,Q2,Italy,Zurich,Trains,Hybrid,Corporate,Dealer,Prime Motors,Daniel,6,60418.91,362513.49,17.3,62714.83,299798.65,246747.99,53050.67,17.7,8.0,23983.89,7021.35,0,3.5,7,Credit Card
ORD202200779,2023-04-19 00:42:02.101751464,2023,4,Q2,Singapore,Stockholm,Vintage Cars,Diesel,Retail,Dealer,Elite Cars,Sofia,10,36255.94,362559.4,17.4,63085.34,299474.06,267691.82,31782.24,10.61,10.0,29947.41,7668.52,0,3.8,8,Cash
ORD202200780,2023-04-19 15:17:33.878231864,2023,4,Q2,Philippines,Paris,Classic Cars,Hybrid,Fleet,Direct Sales,Prime Motors,Karthik,12,41043.23,492518.71,9.6,47281.8,445236.91,328267.52,116969.39,26.27,12.0,53428.43,7053.79,0,3.7,5,UPI
ORD202200781,2023-04-20 05:53:05.654712264,2023,4,Q2,Finland,Mumbai,Motorcycles,Hybrid,Fleet,Direct Sales,Speed Wheels,Priya,14,13889.92,194458.94,0.2,388.92,194070.03,148729.45,45340.57,23.36,8.0,15525.6,6835.27,0,5.0,6,Credit Card
ORD202200782,2023-04-20 20:28:37.431192664,2023,4,Q2,Sweden,Rome,Vintage Cars,Electric,Retail,Direct Sales,AutoMax,Sofia,1,36362.1,36362.1,10.9,3963.47,32398.63,23587.12,8811.51,27.2,8.0,2591.89,1761.91,0,4.6,3,Bank Transfer
ORD202200783,2023-04-21 11:04:09.207673064,2023,4,Q2,Singapore,Sydney,Trucks and Buses,Petrol,Retail,Direct Sales,City Motors,Sofia,2,38246.5,76492.99,1.8,1376.87,75116.12,63004.82,12111.3,16.12,5.0,3755.81,2879.5,0,3.8,5,Finance
ORD202200784,2023-04-22 01:39:40.984153464,2023,4,Q2,Switzerland,London,Motorcycles,Petrol,Retail,Online,City Motors,Meera,10,18290.25,182902.55,16.8,30727.63,152174.92,106021.94,46152.98,30.33,10.0,15217.49,5984.45,0,4.3,3,Finance
ORD202200785,2023-04-22 16:15:12.760633864,2023,4,Q2,Sweden,Manila,Trains,Diesel,Government,Distributor,Elite Cars,Arun,10,26820.24,268202.38,0.7,1877.42,266324.96,211420.69,54904.27,20.62,18.0,47938.49,13509.46,0,3.7,10,Cash
ORD202200786,2023-04-23 06:50:44.537114264,2023,4,Q2,Austria,London,Vintage Cars,Petrol,Retail,Direct Sales,AutoMax,Arun,3,34262.86,102788.57,9.5,9764.91,93023.66,66792.27,26231.39,28.2,10.0,9302.37,2688.45,0,4.7,4,Bank Transfer
ORD202200787,2023-04-23 21:26:16.313594664,2023,4,Q2,Norway,Oslo,Vintage Cars,Electric,Retail,Distributor,Elite Cars,Ananya,14,24679.88,345518.25,15.3,52864.29,292653.96,200870.24,91783.72,31.36,8.0,23412.32,11639.17,0,3.7,3,Credit Card
ORD202200788,2023-04-24 12:01:48.090075064,2023,4,Q2,Denmark,Rome,Trucks and Buses,Petrol,Retail,Distributor,Prime Motors,Karthik,2,35163.58,70327.16,0.8,562.62,69764.54,60639.31,9125.24,13.08,10.0,6976.45,3414.76,1,4.1,14,Credit Card
ORD202200789,2023-04-25 02:37:19.866555464,2023,4,Q2,Finland,Madrid,Trucks and Buses,Hybrid,Government,Direct Sales,Prime Motors,Daniel,4,36651.42,146605.66,14.1,20671.4,125934.26,104506.78,21427.48,17.01,12.0,15112.11,2026.11,1,3.8,8,Credit Card
ORD202200790,2023-04-25 17:12:51.643035864,2023,4,Q2,Switzerland,Helsinki,Classic Cars,Hybrid,Retail,Online,AutoMax,Vikram,1,45114.11,45114.11,9.3,4195.61,40918.5,28184.21,12734.29,31.12,10.0,4091.85,939.85,1,4.7,9,Bank Transfer
ORD202200791,2023-04-26 07:48:23.419516264,2023,4,Q2,Denmark,Vienna,Vintage Cars,Hybrid,Government,Dealer,Elite Cars,Daniel,5,23480.01,117400.05,2.8,3287.2,114112.85,78894.7,35218.15,30.86,12.0,13693.54,3927.21,0,5.0,3,Cash
ORD202200792,2023-04-26 22:23:55.195996664,2023,4,Q2,Philippines,Madrid,Ships,Petrol,Government,Direct Sales,Speed Wheels,Arun,14,75770.16,1060782.22,12.7,134719.34,926062.88,711160.32,214902.56,23.21,12.0,111127.55,17054.89,1,4.2,13,Credit Card
ORD202200793,2023-04-27 12:59:26.972477064,2023,4,Q2,Norway,Brussels,Planes,Diesel,Corporate,Dealer,City Motors,Sneha,14,97624.92,1366748.93,4.8,65603.95,1301144.98,1129065.07,172079.92,13.23,8.0,104091.6,19710.08,1,5.0,5,Finance
ORD202200794,2023-04-28 03:34:58.748957464,2023,4,Q2,Australia,Manila,Trucks and Buses,Electric,Retail,Online,Elite Cars,Rahul,6,42012.4,252074.41,14.4,36298.71,215775.69,165807.29,49968.41,23.16,8.0,17262.06,8138.22,0,4.1,11,Finance
ORD202200795,2023-04-28 18:10:30.525437864,2023,4,Q2,Belgium,Oslo,Vintage Cars,Diesel,Corporate,Dealer,Elite Cars,Karthik,1,45380.01,45380.01,3.7,1679.06,43700.95,37643.81,6057.14,13.86,10.0,4370.1,755.6,0,4.7,9,Cash
ORD202200796,2023-04-29 08:46:02.301918264,2023,4,Q2,Germany,Oslo,Classic Cars,Petrol,Retail,Online,Speed Wheels,Rahul,12,84313.33,1011759.98,5.9,59693.84,952066.14,683468.59,268597.55,28.21,10.0,95206.61,41524.02,0,4.7,13,Bank Transfer
ORD202200797,2023-04-29 23:21:34.078398664,2023,4,Q2,Switzerland,Singapore,Vintage Cars,Petrol,Retail,Distributor,Speed Wheels,Vikram,10,28907.51,289075.06,3.8,10984.85,278090.2,228000.4,50089.81,18.01,18.0,50056.24,14455.15,1,3.7,2,Bank Transfer
ORD202200798,2023-04-30 13:57:05.854879064,2023,4,Q2,Sweden,Toronto,Vintage Cars,Petrol,Government,Distributor,AutoMax,Meera,9,25910.63,233195.66,12.3,28683.07,204512.59,148944.16,55568.43,27.17,5.0,10225.63,4830.0,0,5.0,5,Credit Card
ORD202200799,2023-05-01 04:32:37.631359472,2023,5,Q2,France,Paris,Classic Cars,Hybrid,Corporate,Direct Sales,Speed Wheels,Vikram,15,83971.87,1259578.0,13.7,172562.19,1087015.81,890142.21,196873.6,18.11,5.0,54350.79,52643.95,0,3.5,14,Finance
ORD202200800,2023-05-01 19:08:09.407839872,2023,5,Q2,Japan,New York,Ships,Hybrid,Corporate,Direct Sales,Prime Motors,Karthik,6,165320.1,991920.62,14.9,147796.17,844124.45,671176.71,172947.74,20.49,5.0,42206.22,44271.76,1,3.2,2,Bank Transfer
ORD202200801,2023-05-02 09:43:41.184320272,2023,5,Q2,Japan,New York,Motorcycles,Petrol,Retail,Dealer,Global Auto,Karthik,3,30724.18,92172.53,4.4,4055.59,88116.94,75639.04,12477.9,14.16,10.0,8811.69,4049.13,0,3.6,10,Credit Card
ORD202200802,2023-05-03 00:19:12.960800672,2023,5,Q2,Sweden,Helsinki,Vintage Cars,Diesel,Fleet,Distributor,Elite Cars,Daniel,5,41252.21,206261.05,8.1,16707.15,189553.91,162185.37,27368.54,14.44,8.0,15164.31,9510.32,0,3.6,10,Bank Transfer
ORD202200803,2023-05-03 14:54:44.737281072,2023,5,Q2,Australia,Helsinki,Trains,Petrol,Government,Online,Prime Motors,Sofia,7,53227.54,372592.75,11.9,44338.54,328254.21,274131.07,54123.14,16.49,18.0,59085.76,10650.46,0,3.8,7,Cash
ORD202200804,2023-05-04 05:30:16.513761472,2023,5,Q2,Finland,Madrid,Trucks and Buses,Petrol,Retail,Direct Sales,Elite Cars,Karthik,5,42558.29,212791.47,4.5,9575.62,203215.86,150222.32,52993.54,26.08,10.0,20321.59,6813.77,0,3.9,5,Bank Transfer
ORD202200805,2023-05-04 20:05:48.290241872,2023,5,Q2,Belgium,Oslo,Classic Cars,Hybrid,Retail,Dealer,Global Auto,Karthik,14,48020.77,672290.76,17.3,116306.3,555984.46,435326.18,120658.28,21.7,8.0,44478.76,25674.82,0,4.6,12,Finance
ORD202200806,2023-05-05 10:41:20.066722272,2023,5,Q2,Norway,Singapore,Trucks and Buses,Petrol,Corporate,Direct Sales,Elite Cars,Arun,8,46482.94,371863.49,10.6,39417.53,332445.96,279603.62,52842.34,15.9,10.0,33244.6,6018.7,0,4.3,6,UPI
ORD202200807,2023-05-06 01:16:51.843202672,2023,5,Q2,Norway,Toronto,Vintage Cars,Petrol,Retail,Direct Sales,AutoMax,Rahul,11,27719.74,304917.09,17.6,53665.41,251251.68,180856.61,70395.07,28.02,10.0,25125.17,13415.52,0,3.9,13,Credit Card
ORD202200808,2023-05-06 15:52:23.619683072,2023,5,Q2,Philippines,Stockholm,Ships,Petrol,Retail,Distributor,Elite Cars,Rahul,9,83029.01,747261.08,14.1,105363.81,641897.27,571589.5,70307.77,10.95,10.0,64189.73,30859.37,0,3.7,8,Credit Card
ORD202200809,2023-05-07 06:27:55.396163472,2023,5,Q2,Finland,London,Trucks and Buses,Petrol,Retail,Online,Prime Motors,Sofia,8,51330.77,410646.15,11.0,45171.08,365475.07,294308.66,71166.41,19.47,5.0,18273.75,14366.21,0,4.3,12,Finance
ORD202200810,2023-05-07 21:03:27.172643872,2023,5,Q2,Australia,Rome,Trucks and Buses,Petrol,Corporate,Distributor,Prime Motors,Rahul,5,50798.76,253993.81,9.3,23621.42,230372.39,197390.88,32981.51,14.32,5.0,11518.62,5887.2,1,3.6,12,Finance
ORD202200811,2023-05-08 11:38:58.949124272,2023,5,Q2,India,Berlin,Vintage Cars,Petrol,Retail,Dealer,Elite Cars,Meera,8,38402.07,307216.58,16.7,51305.17,255911.41,224101.17,31810.24,12.43,18.0,46064.05,7469.58,0,4.7,10,Finance
ORD202200812,2023-05-09 02:14:30.725604672,2023,5,Q2,Australia,Helsinki,Ships,Hybrid,Corporate,Distributor,City Motors,Sneha,14,107940.6,1511168.45,9.4,142049.83,1369118.62,1065734.08,303384.54,22.16,10.0,136911.86,50017.59,0,4.5,9,UPI
ORD202200813,2023-05-09 16:50:02.502085072,2023,5,Q2,Norway,Berlin,Vintage Cars,Diesel,Government,Dealer,AutoMax,Vikram,14,29072.54,407015.6,13.4,54540.09,352475.51,314109.83,38365.68,10.88,18.0,63445.59,15431.29,0,4.0,3,Cash
ORD202200814,2023-05-10 07:25:34.278565472,2023,5,Q2,Canada,Tokyo,Classic Cars,Diesel,Fleet,Direct Sales,Prime Motors,Sneha,13,58994.21,766924.67,16.6,127309.5,639615.18,490769.88,148845.3,23.27,12.0,76753.82,29746.02,0,4.4,6,Credit Card
ORD202200815,2023-05-10 22:01:06.055045872,2023,5,Q2,Italy,Brussels,Classic Cars,Hybrid,Retail,Online,Speed Wheels,Sneha,3,46273.74,138821.23,5.4,7496.35,131324.88,96560.7,34764.19,26.47,10.0,13132.49,4798.39,1,3.9,14,UPI
ORD202200816,2023-05-11 12:36:37.831526272,2023,5,Q2,Denmark,Vienna,Ships,Petrol,Government,Direct Sales,City Motors,Daniel,13,87306.25,1134981.28,0.4,4539.93,1130441.35,903551.86,226889.49,20.07,8.0,90435.31,57824.59,0,4.1,11,UPI
ORD202200817,2023-05-12 03:12:09.608006672,2023,5,Q2,Belgium,Madrid,Ships,Diesel,Retail,Online,Speed Wheels,Karthik,9,62286.28,560576.53,0.5,2802.88,557773.65,481985.68,75787.96,13.59,10.0,55777.36,11725.77,1,3.8,8,Finance
ORD202200818,2023-05-12 17:47:41.384487072,2023,5,Q2,Australia,Rome,Ships,Petrol,Corporate,Dealer,AutoMax,Meera,14,108776.63,1522872.88,12.6,191881.98,1330990.9,1036892.55,294098.35,22.1,10.0,133099.09,70813.59,0,3.1,14,UPI
ORD202200819,2023-05-13 08:23:13.160967472,2023,5,Q2,Japan,Zurich,Planes,Electric,Retail,Online,Prime Motors,Arun,10,122392.6,1223925.96,4.2,51404.89,1172521.07,856133.96,316387.1,26.98,12.0,140702.53,21186.62,0,4.3,15,UPI
ORD202200820,2023-05-13 22:58:44.937447872,2023,5,Q2,Belgium,Sydney,Classic Cars,Diesel,Corporate,Dealer,Prime Motors,Priya,15,42040.75,630611.31,9.1,57385.63,573225.68,505996.98,67228.69,11.73,10.0,57322.57,10131.75,0,3.8,5,UPI
ORD202200821,2023-05-14 13:34:16.713928272,2023,5,Q2,Norway,Manila,Ships,Electric,Government,Distributor,Prime Motors,Arun,3,82912.35,248737.05,16.7,41539.09,207197.96,158278.79,48919.17,23.61,18.0,37295.63,4908.74,1,3.6,6,UPI
ORD202200822,2023-05-15 04:09:48.490408672,2023,5,Q2,India,Tokyo,Vintage Cars,Hybrid,Retail,Dealer,Global Auto,Arun,7,48639.03,340473.19,3.7,12597.51,327875.69,254869.27,73006.42,22.27,12.0,39345.08,7146.62,0,4.2,8,UPI
ORD202200823,2023-05-15 18:45:20.266889080,2023,5,Q2,France,Stockholm,Ships,Electric,Fleet,Direct Sales,Speed Wheels,Sofia,5,90898.18,454490.9,10.8,49085.02,405405.88,283535.17,121870.71,30.06,18.0,72973.06,9288.87,0,4.0,11,Cash
ORD202200824,2023-05-16 09:20:52.043369480,2023,5,Q2,Germany,Rome,Vintage Cars,Hybrid,Retail,Dealer,Global Auto,Sofia,3,52215.77,156647.32,13.2,20677.45,135969.87,109294.38,26675.49,19.62,10.0,13596.99,5868.91,0,4.9,11,Bank Transfer
ORD202200825,2023-05-16 23:56:23.819849880,2023,5,Q2,Norway,New York,Ships,Petrol,Fleet,Online,Elite Cars,Vikram,8,50615.63,404925.06,9.5,38467.88,366457.18,303401.38,63055.8,17.21,18.0,65962.29,8874.15,0,3.4,3,Credit Card
ORD202200826,2023-05-17 14:31:55.596330280,2023,5,Q2,Switzerland,Toronto,Vintage Cars,Petrol,Retail,Direct Sales,Global Auto,Sofia,7,43558.93,304912.52,14.0,42687.75,262224.77,192657.49,69567.27,26.53,5.0,13111.24,11770.59,0,4.7,11,Bank Transfer
ORD202200827,2023-05-18 05:07:27.372810680,2023,5,Q2,India,Toronto,Trains,Petrol,Government,Dealer,Speed Wheels,Rahul,9,59878.97,538910.75,5.1,27484.45,511426.3,437148.76,74277.54,14.52,10.0,51142.63,24433.04,1,3.6,7,Credit Card
ORD202200828,2023-05-18 19:42:59.149291080,2023,5,Q2,Italy,Sydney,Trucks and Buses,Hybrid,Fleet,Direct Sales,Global Auto,Sneha,8,69578.8,556630.39,2.2,12245.87,544384.52,405754.14,138630.38,25.47,8.0,43550.76,25948.07,0,3.9,14,Credit Card
ORD202200829,2023-05-19 10:18:30.925771480,2023,5,Q2,Switzerland,Berlin,Vintage Cars,Electric,Retail,Distributor,Global Auto,Sneha,5,43411.36,217056.78,3.3,7162.87,209893.9,146010.95,63882.96,30.44,18.0,37780.9,10936.21,0,4.2,14,Finance
ORD202200830,2023-05-20 00:54:02.702251880,2023,5,Q2,Philippines,Zurich,Ships,Electric,Retail,Dealer,City Motors,Sofia,15,56889.5,853342.51,5.1,43520.47,809822.04,592947.32,216874.71,26.78,18.0,145767.97,26308.7,1,4.3,10,Bank Transfer
ORD202200831,2023-05-20 15:29:34.478732280,2023,5,Q2,Singapore,Zurich,Classic Cars,Petrol,Fleet,Dealer,Global Auto,Daniel,13,47450.82,616860.66,5.4,33310.48,583550.19,519118.67,64431.52,11.04,18.0,105039.03,23736.4,0,4.9,5,Cash
ORD202200832,2023-05-21 06:05:06.255212680,2023,5,Q2,Philippines,Berlin,Vintage Cars,Diesel,Retail,Online,Speed Wheels,Sneha,14,24625.36,344755.03,12.1,41715.36,303039.67,228529.75,74509.92,24.59,12.0,36364.76,8524.65,0,3.6,9,Credit Card
ORD202200833,2023-05-21 20:40:38.031693080,2023,5,Q2,UK,Brussels,Vintage Cars,Diesel,Government,Dealer,AutoMax,Daniel,11,40416.24,444578.62,12.8,56906.06,387672.56,290961.19,96711.37,24.95,12.0,46520.71,20789.24,0,4.4,6,UPI
ORD202200834,2023-05-22 11:16:09.808173480,2023,5,Q2,Australia,Berlin,Trucks and Buses,Petrol,Retail,Online,Elite Cars,Sofia,11,58001.35,638014.81,8.8,56145.3,581869.51,505444.99,76424.52,13.13,10.0,58186.95,27041.57,0,2.4,2,Credit Card
ORD202200835,2023-05-23 01:51:41.584653880,2023,5,Q2,USA,Helsinki,Vintage Cars,Petrol,Retail,Online,Speed Wheels,Meera,7,56522.12,395654.84,1.3,5143.51,390511.33,290879.55,99631.78,25.51,10.0,39051.13,10043.21,1,3.9,2,Credit Card
ORD202200836,2023-05-23 16:27:13.361134280,2023,5,Q2,USA,Manila,Vintage Cars,Petrol,Retail,Distributor,City Motors,Meera,12,67206.37,806476.45,13.0,104841.94,701634.51,487616.33,214018.18,30.5,12.0,84196.14,19636.84,0,4.6,6,Cash
ORD202200837,2023-05-24 07:02:45.137614680,2023,5,Q2,Spain,Rome,Classic Cars,Petrol,Fleet,Direct Sales,AutoMax,Priya,9,52381.22,471430.98,15.2,71657.51,399773.47,300553.13,99220.34,24.82,8.0,31981.88,18842.4,0,3.5,14,Finance
ORD202200838,2023-05-24 21:38:16.914095080,2023,5,Q2,UK,Paris,Motorcycles,Hybrid,Retail,Online,AutoMax,Meera,7,19150.93,134056.51,12.2,16354.89,117701.62,96719.26,20982.36,17.83,5.0,5885.08,2936.33,0,3.6,13,Bank Transfer
ORD202200839,2023-05-25 12:13:48.690575480,2023,5,Q2,USA,Zurich,Trucks and Buses,Electric,Retail,Dealer,AutoMax,Sofia,13,73882.73,960475.47,15.7,150794.65,809680.82,705536.74,104144.08,12.86,10.0,80968.08,43524.78,1,4.6,15,Cash
ORD202200840,2023-05-26 02:49:20.467055880,2023,5,Q2,Canada,Tokyo,Trucks and Buses,Electric,Retail,Distributor,Global Auto,Daniel,6,52439.93,314639.58,8.8,27688.28,286951.3,233791.29,53160.01,18.53,10.0,28695.13,8910.55,0,4.4,11,Cash
ORD202200841,2023-05-26 17:24:52.243536280,2023,5,Q2,India,Singapore,Vintage Cars,Diesel,Corporate,Online,Elite Cars,Sneha,4,52197.18,208788.73,13.6,28395.27,180393.46,125136.98,55256.48,30.63,12.0,21647.22,3173.93,1,3.4,14,Credit Card
ORD202200842,2023-05-27 08:00:24.020016680,2023,5,Q2,Germany,Berlin,Ships,Petrol,Corporate,Online,Elite Cars,Rahul,5,143861.94,719309.69,8.2,58983.39,660326.3,479853.26,180473.04,27.33,12.0,79239.16,9909.53,0,4.6,5,Finance
ORD202200843,2023-05-27 22:35:55.796497080,2023,5,Q2,India,Copenhagen,Planes,Diesel,Fleet,Dealer,Prime Motors,Priya,14,131396.42,1839549.84,11.5,211548.23,1628001.61,1257786.91,370214.7,22.74,18.0,293040.29,37871.46,0,4.7,7,UPI
ORD202200844,2023-05-28 13:11:27.572977480,2023,5,Q2,Germany,Brussels,Trains,Petrol,Corporate,Online,City Motors,Karthik,10,59931.58,599315.75,0.9,5393.84,593921.91,506885.96,87035.95,14.65,18.0,106905.94,12337.78,0,4.1,13,Credit Card
ORD202200845,2023-05-29 03:46:59.349457880,2023,5,Q2,Philippines,Toronto,Classic Cars,Petrol,Retail,Dealer,Prime Motors,Vikram,5,36400.25,182001.24,5.6,10192.07,171809.17,118535.47,53273.7,31.01,18.0,30925.65,5396.42,0,5.0,9,Credit Card
ORD202200846,2023-05-29 18:22:31.125938280,2023,5,Q2,Belgium,Toronto,Trucks and Buses,Electric,Corporate,Dealer,Elite Cars,Karthik,12,69063.38,828760.5,14.5,120170.27,708590.23,590687.55,117902.68,16.64,10.0,70859.02,18810.99,0,4.1,14,Finance
ORD202200847,2023-05-30 08:58:02.902418688,2023,5,Q2,Germany,Stockholm,Vintage Cars,Petrol,Retail,Direct Sales,City Motors,Arun,11,55756.88,613325.65,1.0,6133.26,607192.39,420050.66,187141.72,30.82,8.0,48575.39,29420.06,0,4.8,2,Cash
ORD202200848,2023-05-30 23:33:34.678899088,2023,5,Q2,Philippines,Singapore,Planes,Electric,Corporate,Dealer,City Motors,Sofia,5,94165.36,470826.8,9.8,46141.03,424685.77,343264.31,81421.46,19.17,18.0,76443.44,7249.42,1,4.2,6,UPI
ORD202200849,2023-05-31 14:09:06.455379488,2023,5,Q2,Belgium,Manila,Trains,Diesel,Retail,Dealer,Elite Cars,Rahul,13,37382.83,485976.73,5.0,24298.84,461677.9,331865.94,129811.96,28.12,5.0,23083.89,18678.79,1,4.1,12,Cash
ORD202200850,2023-06-01 04:44:38.231859888,2023,6,Q2,France,Singapore,Planes,Diesel,Retail,Online,City Motors,Ananya,15,107717.31,1615759.68,2.3,37162.47,1578597.21,1294801.33,283795.88,17.98,10.0,157859.72,72292.74,0,4.3,6,Cash
ORD202200851,2023-06-01 19:20:10.008340288,2023,6,Q2,Norway,Oslo,Vintage Cars,Diesel,Retail,Dealer,Speed Wheels,Meera,5,22938.47,114692.37,8.4,9634.16,105058.21,83076.88,21981.32,20.92,5.0,5252.91,1617.29,0,3.7,8,UPI
ORD202200852,2023-06-02 09:55:41.784820688,2023,6,Q2,Philippines,Oslo,Vintage Cars,Electric,Fleet,Distributor,AutoMax,Daniel,8,35433.34,283466.76,10.7,30330.94,253135.81,193634.54,59501.27,23.51,18.0,45564.45,8710.71,0,3.1,12,UPI
ORD202200853,2023-06-03 00:31:13.561301088,2023,6,Q2,Finland,Brussels,Motorcycles,Hybrid,Retail,Direct Sales,Elite Cars,Ananya,15,16418.96,246284.42,4.7,11575.37,234709.05,204977.0,29732.05,12.67,12.0,28165.09,3670.13,0,3.9,13,Cash
ORD202200854,2023-06-03 15:06:45.337781488,2023,6,Q2,France,Oslo,Vintage Cars,Hybrid,Retail,Online,Prime Motors,Rahul,13,44715.3,581298.95,2.0,11625.98,569672.97,411316.96,158356.01,27.8,8.0,45573.84,25156.13,1,4.2,11,UPI
ORD202200855,2023-06-04 05:42:17.114261888,2023,6,Q2,Sweden,Tokyo,Trucks and Buses,Electric,Corporate,Dealer,Global Auto,Arun,15,61679.11,925186.58,0.9,8326.68,916859.9,640386.01,276473.89,30.15,8.0,73348.79,36725.03,0,4.4,13,UPI
ORD202200856,2023-06-04 20:17:48.890742288,2023,6,Q2,Sweden,Brussels,Motorcycles,Petrol,Government,Online,Prime Motors,Sofia,1,18623.45,18623.45,5.8,1080.16,17543.29,13268.01,4275.28,24.37,10.0,1754.33,284.53,0,5.0,12,Credit Card
ORD202200857,2023-06-05 10:53:20.667222688,2023,6,Q2,UK,Vienna,Ships,Diesel,Retail,Dealer,Speed Wheels,Meera,15,89813.56,1347203.42,2.0,26944.07,1320259.35,1161355.77,158903.59,12.04,10.0,132025.94,45348.04,0,4.8,7,Finance
ORD202200858,2023-06-06 01:28:52.443703088,2023,6,Q2,Spain,New York,Classic Cars,Diesel,Retail,Online,AutoMax,Sneha,8,70604.65,564837.19,2.9,16380.28,548456.91,493165.82,55291.09,10.08,12.0,65814.83,8545.83,0,4.0,15,UPI
ORD202200859,2023-06-06 16:04:24.220183488,2023,6,Q2,France,Mumbai,Classic Cars,Hybrid,Government,Dealer,City Motors,Ananya,14,76878.83,1076303.64,12.2,131309.04,944994.59,789810.69,155183.9,16.42,10.0,94499.46,30557.82,0,4.3,15,Cash
ORD202200860,2023-06-07 06:39:55.996663888,2023,6,Q2,Germany,Oslo,Classic Cars,Diesel,Retail,Online,Elite Cars,Daniel,14,98294.84,1376127.81,6.5,89448.31,1286679.51,1107252.71,179426.8,13.94,10.0,128667.95,68826.02,0,3.6,4,Bank Transfer
ORD202200861,2023-06-07 21:15:27.773144288,2023,6,Q2,Switzerland,Tokyo,Classic Cars,Electric,Corporate,Dealer,Prime Motors,Sofia,14,60585.66,848199.31,8.6,72945.14,775254.17,529555.49,245698.67,31.69,8.0,62020.33,36046.6,0,3.8,14,Credit Card
ORD202200862,2023-06-08 11:50:59.549624688,2023,6,Q2,Belgium,Singapore,Vintage Cars,Petrol,Retail,Distributor,AutoMax,Priya,14,28363.51,397089.18,12.4,49239.06,347850.12,242237.8,105612.32,30.36,10.0,34785.01,10266.18,0,3.4,15,UPI
ORD202200863,2023-06-09 02:26:31.326105088,2023,6,Q2,Spain,New York,Classic Cars,Electric,Fleet,Direct Sales,Speed Wheels,Sofia,5,46093.69,230468.44,1.8,4148.43,226320.01,177875.5,48444.52,21.41,12.0,27158.4,5849.74,1,4.0,12,UPI
ORD202200864,2023-06-09 17:02:03.102585488,2023,6,Q2,Italy,Brussels,Classic Cars,Diesel,Government,Direct Sales,Elite Cars,Sneha,11,53826.67,592093.32,5.4,31973.04,560120.28,503319.72,56800.56,10.14,10.0,56012.03,21276.77,0,4.5,4,Bank Transfer
ORD202200865,2023-06-10 07:37:34.879065888,2023,6,Q2,Italy,Brussels,Classic Cars,Petrol,Retail,Dealer,Speed Wheels,Rahul,13,74385.12,967006.51,8.1,78327.53,888678.98,796248.21,92430.77,10.4,12.0,106641.48,40888.05,0,3.2,13,UPI
ORD202200866,2023-06-10 22:13:06.655546288,2023,6,Q2,France,Berlin,Classic Cars,Diesel,Government,Distributor,Speed Wheels,Rahul,9,86130.53,775174.79,14.3,110849.99,664324.79,505790.39,158534.4,23.86,18.0,119578.46,33197.14,0,3.4,5,Bank Transfer
ORD202200867,2023-06-11 12:48:38.432026688,2023,6,Q2,Sweden,Brussels,Trains,Hybrid,Retail,Dealer,AutoMax,Daniel,8,41345.01,330760.04,2.0,6615.2,324144.84,235631.23,88513.61,27.31,18.0,58346.07,11617.44,1,4.7,10,Finance
ORD202200868,2023-06-12 03:24:10.208507088,2023,6,Q2,Denmark,New York,Classic Cars,Hybrid,Fleet,Distributor,AutoMax,Daniel,15,40143.69,602155.3,12.2,73462.95,528692.35,458689.62,70002.73,13.24,12.0,63443.08,12614.05,0,4.7,12,Bank Transfer
ORD202200869,2023-06-12 17:59:41.984987488,2023,6,Q2,USA,New York,Vintage Cars,Petrol,Government,Direct Sales,Prime Motors,Meera,9,51499.59,463496.32,8.1,37543.2,425953.12,305146.92,120806.2,28.36,18.0,76671.56,15246.8,0,4.4,7,UPI
ORD202200870,2023-06-13 08:35:13.761467888,2023,6,Q2,France,Helsinki,Trains,Petrol,Retail,Online,Prime Motors,Ananya,10,58651.36,586513.63,17.9,104985.94,481527.69,418766.79,62760.91,13.03,12.0,57783.32,16353.22,1,4.3,10,Cash
ORD202200871,2023-06-13 23:10:45.537948296,2023,6,Q2,Japan,Toronto,Trucks and Buses,Electric,Fleet,Direct Sales,Global Auto,Sneha,10,105665.82,1056658.25,0.4,4226.63,1052431.61,766992.89,285438.73,27.12,12.0,126291.79,38760.85,1,3.4,14,UPI
ORD202200872,2023-06-14 13:46:17.314428696,2023,6,Q2,Canada,Madrid,Vintage Cars,Petrol,Corporate,Direct Sales,Global Auto,Sneha,7,34166.07,239162.52,15.7,37548.52,201614.01,167849.66,33764.35,16.75,12.0,24193.68,8439.04,1,3.7,13,UPI
ORD202200873,2023-06-15 04:21:49.090909096,2023,6,Q2,USA,Oslo,Vintage Cars,Hybrid,Retail,Direct Sales,AutoMax,Priya,4,63813.01,255252.04,11.9,30374.99,224877.05,175318.05,49559.0,22.04,5.0,11243.85,11566.95,0,3.3,15,Bank Transfer
ORD202200874,2023-06-15 18:57:20.867389496,2023,6,Q2,Spain,Sydney,Trucks and Buses,Petrol,Retail,Distributor,Prime Motors,Ananya,4,53833.67,215334.7,2.2,4737.36,210597.33,160025.84,50571.49,24.01,5.0,10529.87,4806.02,0,3.5,3,UPI
ORD202200875,2023-06-16 09:32:52.643869896,2023,6,Q2,UK,Zurich,Trucks and Buses,Diesel,Fleet,Online,Global Auto,Daniel,1,73597.25,73597.25,15.3,11260.38,62336.87,54543.14,7793.72,12.5,10.0,6233.69,2286.88,1,4.6,5,Finance
ORD202200876,2023-06-17 00:08:24.420350296,2023,6,Q2,Finland,Singapore,Trucks and Buses,Hybrid,Corporate,Dealer,AutoMax,Vikram,2,33752.74,67505.47,7.3,4927.9,62577.58,44842.26,17735.31,28.34,8.0,5006.21,1368.57,0,4.1,3,Finance
ORD202200877,2023-06-17 14:43:56.196830696,2023,6,Q2,Belgium,Brussels,Vintage Cars,Petrol,Retail,Distributor,AutoMax,Sneha,5,34589.27,172946.37,10.4,17986.42,154959.95,118751.16,36208.78,23.37,18.0,27892.79,8358.46,1,4.3,10,UPI
ORD202200878,2023-06-18 05:19:27.973311096,2023,6,Q2,Canada,Copenhagen,Trucks and Buses,Diesel,Fleet,Online,Speed Wheels,Karthik,7,53832.65,376828.57,8.2,30899.94,345928.63,237835.27,108093.36,31.25,5.0,17296.43,18614.98,0,4.1,12,Cash
ORD202200879,2023-06-18 19:54:59.749791496,2023,6,Q2,India,Zurich,Vintage Cars,Petrol,Retail,Dealer,Global Auto,Priya,3,50217.94,150653.82,11.6,17475.84,133177.97,99958.82,33219.15,24.94,5.0,6658.9,4726.32,0,3.8,12,Bank Transfer
ORD202200880,2023-06-19 10:30:31.526271896,2023,6,Q2,Australia,New York,Trucks and Buses,Diesel,Corporate,Dealer,AutoMax,Sneha,12,64497.51,773970.17,11.6,89780.54,684189.63,491050.32,193139.3,28.23,12.0,82102.76,10271.01,0,3.3,11,Bank Transfer
ORD202200881,2023-06-20 01:06:03.302752296,2023,6,Q2,Philippines,Paris,Motorcycles,Diesel,Government,Dealer,Speed Wheels,Ananya,2,17299.97,34599.95,14.6,5051.59,29548.36,24277.62,5270.74,17.84,10.0,2954.84,1492.56,0,3.6,4,UPI
ORD202200882,2023-06-20 15:41:35.079232696,2023,6,Q2,Australia,Toronto,Classic Cars,Petrol,Corporate,Online,Elite Cars,Sneha,11,49228.27,541510.95,5.1,27617.06,513893.89,417044.37,96849.52,18.85,10.0,51389.39,22419.2,1,4.3,2,Cash
ORD202200883,2023-06-21 06:17:06.855713096,2023,6,Q2,Belgium,Mumbai,Classic Cars,Petrol,Retail,Direct Sales,Prime Motors,Rahul,5,45073.48,225367.4,16.6,37410.99,187956.41,156132.11,31824.3,16.93,18.0,33832.15,9057.89,0,3.9,4,Finance
ORD202200884,2023-06-21 20:52:38.632193496,2023,6,Q2,Japan,Copenhagen,Classic Cars,Diesel,Retail,Direct Sales,City Motors,Meera,15,66918.06,1003770.89,16.9,169637.28,834133.61,651956.19,182177.42,21.84,8.0,66730.69,38059.77,0,4.3,3,Finance
ORD202200885,2023-06-22 11:28:10.408673896,2023,6,Q2,Belgium,Berlin,Planes,Diesel,Fleet,Online,City Motors,Sofia,11,89716.06,986876.61,16.1,158887.13,827989.48,685712.51,142276.96,17.18,18.0,149038.11,34029.42,1,3.7,10,Finance
ORD202200886,2023-06-23 02:03:42.185154296,2023,6,Q2,Austria,Manila,Ships,Electric,Corporate,Dealer,Elite Cars,Sofia,1,67249.62,67249.62,8.7,5850.72,61398.9,49059.19,12339.71,20.1,10.0,6139.89,1816.55,0,3.7,3,Bank Transfer
ORD202200887,2023-06-23 16:39:13.961634696,2023,6,Q2,Philippines,Vienna,Trucks and Buses,Electric,Retail,Direct Sales,Elite Cars,Ananya,15,51491.66,772374.89,7.4,57155.74,715219.15,492990.93,222228.21,31.07,18.0,128739.45,31974.91,0,4.3,8,Finance
ORD202200888,2023-06-24 07:14:45.738115096,2023,6,Q2,Italy,London,Motorcycles,Petrol,Retail,Dealer,Elite Cars,Daniel,7,21662.13,151634.9,2.9,4397.41,147237.49,132322.94,14914.55,10.13,12.0,17668.5,4181.14,0,3.9,10,Bank Transfer
ORD202200889,2023-06-24 21:50:17.514595496,2023,6,Q2,Australia,Vienna,Trucks and Buses,Petrol,Retail,Distributor,Speed Wheels,Meera,14,50487.7,706827.86,6.0,42409.67,664418.19,516336.67,148081.52,22.29,18.0,119595.27,26601.8,0,4.8,4,Finance
ORD202200890,2023-06-25 12:25:49.291075896,2023,6,Q2,India,Manila,Motorcycles,Petrol,Government,Direct Sales,Elite Cars,Sneha,5,28587.07,142935.36,0.6,857.61,142077.75,117263.45,24814.3,17.47,12.0,17049.33,2378.51,0,3.0,3,Finance
ORD202200891,2023-06-26 03:01:21.067556296,2023,6,Q2,Sweden,Stockholm,Classic Cars,Electric,Government,Distributor,Global Auto,Meera,12,40579.36,486952.32,15.7,76451.51,410500.81,322662.05,87838.76,21.4,18.0,73890.15,6642.15,0,4.6,3,Cash
ORD202200892,2023-06-26 17:36:52.844036696,2023,6,Q2,Philippines,Madrid,Trucks and Buses,Petrol,Corporate,Direct Sales,City Motors,Rahul,7,34218.29,239528.01,4.2,10060.18,229467.83,183780.11,45687.72,19.91,5.0,11473.39,7448.52,0,4.3,11,Cash
ORD202200893,2023-06-27 08:12:24.620517096,2023,6,Q2,Finland,Toronto,Trains,Hybrid,Corporate,Distributor,Elite Cars,Sofia,14,24417.35,341842.93,0.7,2392.9,339450.03,303657.72,35792.31,10.54,5.0,16972.5,10075.58,1,3.9,15,Finance
ORD202200894,2023-06-27 22:47:56.396997496,2023,6,Q2,Philippines,Berlin,Trains,Petrol,Retail,Direct Sales,Speed Wheels,Vikram,11,37725.49,414980.42,13.9,57682.28,357298.15,254958.27,102339.87,28.64,12.0,42875.78,12593.4,1,4.7,11,Credit Card
ORD202200895,2023-06-28 13:23:28.173477904,2023,6,Q2,France,Rome,Planes,Electric,Retail,Distributor,City Motors,Sofia,7,142623.89,998367.26,9.9,98838.36,899528.9,651048.15,248480.75,27.62,5.0,44976.45,28753.11,0,3.9,13,UPI
ORD202200896,2023-06-29 03:58:59.949958304,2023,6,Q2,Norway,Berlin,Classic Cars,Hybrid,Retail,Distributor,AutoMax,Priya,8,46290.77,370326.17,10.5,38884.25,331441.92,270875.83,60566.1,18.27,8.0,26515.35,8125.67,1,4.7,15,Credit Card
ORD202200897,2023-06-29 18:34:31.726438704,2023,6,Q2,Sweden,Oslo,Vintage Cars,Hybrid,Retail,Online,Prime Motors,Arun,5,32393.47,161967.37,2.2,3563.28,158404.09,113301.27,45102.82,28.47,12.0,19008.49,3043.27,0,3.2,15,Bank Transfer
ORD202200898,2023-06-30 09:10:03.502919104,2023,6,Q2,USA,Brussels,Ships,Electric,Corporate,Direct Sales,City Motors,Sofia,7,161692.62,1131848.34,7.9,89416.02,1042432.32,848716.53,193715.79,18.58,18.0,187637.82,37424.06,0,4.0,11,Credit Card
ORD202200899,2023-06-30 23:45:35.279399504,2023,6,Q2,Philippines,Mumbai,Classic Cars,Petrol,Retail,Dealer,Elite Cars,Arun,2,30708.41,61416.83,1.5,921.25,60495.58,51243.59,9251.99,15.29,5.0,3024.78,2223.48,0,4.2,15,UPI
ORD202200900,2023-07-01 14:21:07.055879904,2023,7,Q3,Spain,Vienna,Ships,Petrol,Retail,Dealer,Prime Motors,Sneha,11,94137.84,1035516.24,1.1,11390.68,1024125.56,716378.57,307746.99,30.05,5.0,51206.28,33345.46,0,3.7,8,Credit Card
ORD202200901,2023-07-02 04:56:38.832360304,2023,7,Q3,Philippines,London,Motorcycles,Electric,Fleet,Distributor,Speed Wheels,Karthik,11,10557.54,116132.92,5.4,6271.18,109861.74,90866.14,18995.6,17.29,18.0,19775.11,4630.44,0,2.9,6,Cash
ORD202200902,2023-07-02 19:32:10.608840704,2023,7,Q3,USA,Rome,Classic Cars,Electric,Corporate,Online,Elite Cars,Meera,10,79901.01,799010.09,7.7,61523.78,737486.31,660259.61,77226.7,10.47,10.0,73748.63,37961.02,1,3.7,15,Cash
ORD202200903,2023-07-03 10:07:42.385321104,2023,7,Q3,Japan,Paris,Trucks and Buses,Diesel,Retail,Dealer,City Motors,Karthik,1,75716.72,75716.72,15.6,11811.81,63904.91,54061.95,9842.96,15.4,8.0,5112.39,1447.4,1,4.7,14,Cash
ORD202200904,2023-07-04 00:43:14.161801504,2023,7,Q3,Spain,Copenhagen,Motorcycles,Electric,Retail,Dealer,City Motors,Sofia,14,20378.6,285300.34,4.0,11412.01,273888.32,229162.75,44725.57,16.33,18.0,49299.9,11867.05,0,3.0,6,Credit Card
ORD202200905,2023-07-04 15:18:45.938281904,2023,7,Q3,UK,Paris,Motorcycles,Electric,Corporate,Online,Global Auto,Priya,15,25059.04,375885.53,17.8,66907.62,308977.91,257164.06,51813.85,16.77,18.0,55616.02,12145.28,1,4.7,8,UPI
ORD202200906,2023-07-05 05:54:17.714762304,2023,7,Q3,Italy,Vienna,Motorcycles,Electric,Government,Distributor,Elite Cars,Meera,9,23717.32,213455.85,15.2,32445.29,181010.56,160588.67,20421.89,11.28,12.0,21721.27,2897.15,1,4.5,9,Bank Transfer
ORD202200907,2023-07-05 20:29:49.491242704,2023,7,Q3,Norway,Berlin,Motorcycles,Petrol,Retail,Dealer,Speed Wheels,Rahul,11,13735.09,151086.01,4.3,6496.7,144589.31,128988.35,15600.96,10.79,5.0,7229.47,5091.75,1,3.5,7,Finance
ORD202200908,2023-07-06 11:05:21.267723104,2023,7,Q3,Switzerland,London,Trucks and Buses,Electric,Corporate,Direct Sales,Speed Wheels,Sneha,7,54559.22,381914.55,4.8,18331.9,363582.65,294891.45,68691.2,18.89,8.0,29086.61,7878.04,0,4.1,7,Credit Card
ORD202200909,2023-07-07 01:40:53.044203504,2023,7,Q3,India,Mumbai,Trains,Petrol,Retail,Distributor,Prime Motors,Sneha,9,56355.51,507199.58,6.3,31953.57,475246.0,368007.38,107238.63,22.56,10.0,47524.6,20393.24,0,4.7,12,UPI
ORD202200910,2023-07-07 16:16:24.820683904,2023,7,Q3,Singapore,Manila,Motorcycles,Hybrid,Corporate,Dealer,Prime Motors,Daniel,13,13635.58,177262.57,15.7,27830.22,149432.35,103683.4,45748.95,30.62,8.0,11954.59,5859.58,0,3.8,6,Finance
ORD202200911,2023-07-08 06:51:56.597164304,2023,7,Q3,India,New York,Vintage Cars,Hybrid,Government,Online,Global Auto,Arun,5,41609.73,208048.63,16.5,34328.02,173720.61,138249.47,35471.14,20.42,18.0,31269.71,6471.52,1,3.5,6,Credit Card
ORD202200912,2023-07-08 21:27:28.373644704,2023,7,Q3,Germany,Madrid,Ships,Petrol,Fleet,Dealer,AutoMax,Rahul,3,121270.45,363811.34,14.9,54207.89,309603.45,260083.76,49519.7,15.99,18.0,55728.62,16422.41,0,4.6,3,Cash
ORD202200913,2023-07-09 12:03:00.150125104,2023,7,Q3,Australia,Singapore,Motorcycles,Diesel,Corporate,Dealer,City Motors,Sneha,2,17500.78,35001.56,8.6,3010.13,31991.43,28478.01,3513.41,10.98,12.0,3838.97,1386.65,1,4.1,7,Credit Card
ORD202200914,2023-07-10 02:38:31.926605504,2023,7,Q3,Singapore,Singapore,Motorcycles,Petrol,Fleet,Dealer,City Motors,Daniel,2,13559.48,27118.95,17.2,4664.46,22454.49,17477.36,4977.13,22.17,12.0,2694.54,759.7,0,4.0,6,UPI
ORD202200915,2023-07-10 17:14:03.703085904,2023,7,Q3,Australia,Toronto,Planes,Diesel,Fleet,Distributor,City Motors,Sneha,5,76192.35,380961.76,16.3,62096.77,318864.99,242933.42,75931.57,23.81,10.0,31886.5,16825.14,1,4.2,4,Finance
ORD202200916,2023-07-11 07:49:35.479566304,2023,7,Q3,Finland,London,Planes,Petrol,Retail,Dealer,Global Auto,Sneha,2,61673.95,123347.9,11.8,14555.05,108792.85,96538.28,12254.58,11.26,18.0,19582.71,4952.94,0,4.2,13,Credit Card
ORD202200917,2023-07-11 22:25:07.256046704,2023,7,Q3,France,Rome,Trucks and Buses,Hybrid,Retail,Online,Elite Cars,Daniel,7,92213.76,645496.32,6.9,44539.25,600957.08,447926.01,153031.06,25.46,12.0,72114.85,29995.54,1,4.3,3,Cash
ORD202200918,2023-07-12 13:00:39.032527112,2023,7,Q3,Spain,Madrid,Classic Cars,Petrol,Retail,Dealer,Elite Cars,Sneha,3,65622.51,196867.54,0.3,590.6,196276.94,138406.74,57870.19,29.48,12.0,23553.23,7138.74,0,4.6,2,Bank Transfer
ORD202200919,2023-07-13 03:36:10.809007512,2023,7,Q3,Denmark,Copenhagen,Motorcycles,Hybrid,Retail,Online,Elite Cars,Daniel,6,13129.66,78777.99,17.6,13864.93,64913.06,52098.65,12814.41,19.74,8.0,5193.04,1230.43,0,2.7,14,Finance
ORD202200920,2023-07-13 18:11:42.585487912,2023,7,Q3,Canada,Manila,Trains,Hybrid,Retail,Direct Sales,Global Auto,Daniel,8,46630.6,373044.82,12.4,46257.56,326787.26,234883.08,91904.18,28.12,18.0,58821.71,8735.6,1,3.9,6,UPI
ORD202200921,2023-07-14 08:47:14.361968312,2023,7,Q3,Belgium,Manila,Classic Cars,Petrol,Corporate,Online,Elite Cars,Rahul,11,37290.73,410198.07,8.8,36097.43,374100.64,300368.57,73732.07,19.71,10.0,37410.06,8746.36,0,4.0,3,UPI
ORD202200922,2023-07-14 23:22:46.138448712,2023,7,Q3,Finland,Manila,Trucks and Buses,Electric,Fleet,Online,Speed Wheels,Sofia,13,46197.91,600572.88,14.1,84680.78,515892.11,385629.2,130262.91,25.25,12.0,61907.05,27812.26,0,4.3,4,Cash
ORD202200923,2023-07-15 13:58:17.914929112,2023,7,Q3,Austria,London,Classic Cars,Petrol,Retail,Dealer,Prime Motors,Karthik,1,45404.71,45404.71,6.1,2769.69,42635.03,37078.4,5556.63,13.03,18.0,7674.3,1688.64,1,4.1,12,Bank Transfer
ORD202200924,2023-07-16 04:33:49.691409512,2023,7,Q3,Switzerland,Manila,Ships,Petrol,Fleet,Direct Sales,City Motors,Karthik,7,97754.76,684283.33,0.4,2737.13,681546.19,529595.59,151950.61,22.29,18.0,122678.32,12874.91,1,4.1,8,Cash
ORD202200925,2023-07-16 19:09:21.467889912,2023,7,Q3,UK,Tokyo,Planes,Petrol,Fleet,Direct Sales,City Motors,Sofia,9,110023.44,990210.92,1.2,11882.53,978328.38,792830.02,185498.36,18.96,18.0,176099.11,34800.47,0,3.9,6,Cash
ORD202200926,2023-07-17 09:44:53.244370312,2023,7,Q3,Singapore,Oslo,Classic Cars,Petrol,Government,Direct Sales,Elite Cars,Arun,7,55263.32,386843.21,6.4,24757.97,362085.24,307072.49,55012.75,15.19,18.0,65175.34,11006.35,0,3.8,8,Cash
ORD202200927,2023-07-18 00:20:25.020850712,2023,7,Q3,Japan,London,Vintage Cars,Hybrid,Retail,Online,Speed Wheels,Rahul,10,49120.58,491205.85,17.2,84487.41,406718.44,336512.78,70205.67,17.26,18.0,73209.32,15027.72,0,4.5,11,Finance
ORD202200928,2023-07-18 14:55:56.797331112,2023,7,Q3,Germany,London,Ships,Hybrid,Retail,Dealer,AutoMax,Daniel,7,98892.48,692247.36,3.5,24228.66,668018.71,479611.42,188407.28,28.2,5.0,33400.94,23263.53,0,3.9,6,Finance
ORD202200929,2023-07-19 05:31:28.573811512,2023,7,Q3,Canada,New York,Vintage Cars,Petrol,Corporate,Online,Speed Wheels,Meera,4,44513.58,178054.33,4.9,8724.66,169329.67,123317.96,46011.71,27.17,8.0,13546.37,8625.5,0,4.9,2,UPI
ORD202200930,2023-07-19 20:07:00.350291912,2023,7,Q3,UK,Singapore,Motorcycles,Diesel,Retail,Dealer,Elite Cars,Meera,13,28132.96,365728.44,13.2,48276.15,317452.29,274310.59,43141.7,13.59,12.0,38094.27,10980.33,0,4.3,4,Credit Card
ORD202200931,2023-07-20 10:42:32.126772312,2023,7,Q3,India,Brussels,Vintage Cars,Diesel,Corporate,Direct Sales,Global Auto,Rahul,8,63120.94,504967.54,2.4,12119.22,492848.32,398008.43,94839.89,19.24,18.0,88712.7,16702.25,0,3.6,10,Finance
ORD202200932,2023-07-21 01:18:03.903252712,2023,7,Q3,Canada,London,Vintage Cars,Petrol,Fleet,Dealer,Speed Wheels,Priya,13,40666.84,528668.86,2.2,11630.71,517038.15,379068.86,137969.29,26.68,5.0,25851.91,9016.52,0,4.2,2,UPI
ORD202200933,2023-07-21 15:53:35.679733112,2023,7,Q3,Denmark,Brussels,Classic Cars,Hybrid,Government,Dealer,City Motors,Sofia,1,40468.23,40468.23,8.6,3480.27,36987.96,25560.23,11427.74,30.9,12.0,4438.56,1212.64,0,3.2,4,Cash
ORD202200934,2023-07-22 06:29:07.456213512,2023,7,Q3,Italy,Zurich,Classic Cars,Petrol,Retail,Dealer,Global Auto,Meera,4,67800.44,271201.74,10.7,29018.59,242183.15,214620.21,27562.95,11.38,18.0,43592.97,6969.13,0,4.9,10,Credit Card
ORD202200935,2023-07-22 21:04:39.232693912,2023,7,Q3,Austria,Paris,Classic Cars,Diesel,Government,Direct Sales,Elite Cars,Meera,15,32638.8,489581.99,10.1,49447.78,440134.21,336446.19,103688.03,23.56,12.0,52816.11,8144.5,0,4.6,5,Cash
ORD202200936,2023-07-23 11:40:11.009174312,2023,7,Q3,Austria,London,Vintage Cars,Petrol,Corporate,Dealer,City Motors,Rahul,6,28227.46,169364.74,5.1,8637.6,160727.14,121256.81,39470.33,24.56,12.0,19287.26,5884.11,0,3.4,11,Cash
ORD202200937,2023-07-24 02:15:42.785654712,2023,7,Q3,Switzerland,Manila,Classic Cars,Electric,Corporate,Online,AutoMax,Priya,9,37553.08,337977.75,8.2,27714.18,310263.57,277421.52,32842.05,10.59,12.0,37231.63,14237.74,0,4.4,5,Bank Transfer
ORD202200938,2023-07-24 16:51:14.562135112,2023,7,Q3,India,Mumbai,Classic Cars,Diesel,Retail,Direct Sales,City Motors,Ananya,3,67240.39,201721.18,16.8,33889.16,167832.02,115376.3,52455.72,31.25,12.0,20139.84,4675.37,0,3.7,14,UPI
ORD202200939,2023-07-25 07:26:46.338615512,2023,7,Q3,UK,Tokyo,Trucks and Buses,Petrol,Fleet,Dealer,Global Auto,Rahul,11,82516.92,907686.14,8.1,73522.58,834163.56,641541.52,192622.04,23.09,18.0,150149.44,34211.34,0,4.4,13,Bank Transfer
ORD202200940,2023-07-25 22:02:18.115095912,2023,7,Q3,Sweden,Tokyo,Trains,Hybrid,Fleet,Dealer,Prime Motors,Vikram,15,45410.49,681157.42,1.2,8173.89,672983.54,590344.58,82638.95,12.28,8.0,53838.68,35631.83,0,4.5,15,UPI
ORD202200941,2023-07-26 12:37:49.891576312,2023,7,Q3,Switzerland,Toronto,Classic Cars,Hybrid,Retail,Dealer,Prime Motors,Arun,8,54739.01,437912.06,8.5,37222.53,400689.53,313572.23,87117.31,21.74,12.0,48082.74,10513.75,0,4.2,6,UPI
ORD202200942,2023-07-27 03:13:21.668056720,2023,7,Q3,Norway,Berlin,Planes,Hybrid,Fleet,Distributor,Elite Cars,Daniel,13,60831.23,790805.96,16.2,128110.57,662695.4,497832.82,164862.58,24.88,12.0,79523.45,28256.78,0,4.1,7,UPI
ORD202200943,2023-07-27 17:48:53.444537120,2023,7,Q3,Japan,Stockholm,Motorcycles,Hybrid,Retail,Dealer,Elite Cars,Arun,2,34624.32,69248.63,6.1,4224.17,65024.47,44716.03,20308.44,31.23,10.0,6502.45,1211.46,0,4.5,6,Cash
ORD202200944,2023-07-28 08:24:25.221017520,2023,7,Q3,India,Madrid,Vintage Cars,Petrol,Government,Distributor,AutoMax,Sofia,13,42198.11,548575.43,2.9,15908.69,532666.74,410153.32,122513.42,23.0,18.0,95880.01,12409.18,0,4.3,13,Credit Card
ORD202200945,2023-07-28 22:59:56.997497920,2023,7,Q3,Italy,Copenhagen,Trucks and Buses,Hybrid,Retail,Dealer,AutoMax,Ananya,5,50725.95,253629.74,11.6,29421.05,224208.69,162663.91,61544.77,27.45,10.0,22420.87,5824.51,1,3.7,11,Bank Transfer
ORD202200946,2023-07-29 13:35:28.773978320,2023,7,Q3,Canada,Sydney,Motorcycles,Petrol,Fleet,Dealer,Prime Motors,Ananya,5,15049.07,75245.34,6.5,4890.95,70354.4,52500.46,17853.94,25.38,10.0,7035.44,1684.14,0,3.8,2,Credit Card
ORD202200947,2023-07-30 04:11:00.550458720,2023,7,Q3,UK,Rome,Vintage Cars,Hybrid,Corporate,Direct Sales,City Motors,Vikram,3,46076.71,138230.12,14.7,20319.83,117910.29,102510.82,15399.47,13.06,5.0,5895.51,3969.78,1,4.5,15,Cash
ORD202200948,2023-07-30 18:46:32.326939120,2023,7,Q3,Switzerland,Madrid,Trucks and Buses,Petrol,Retail,Dealer,AutoMax,Karthik,7,57643.87,403507.08,12.2,49227.86,354279.22,280896.18,73383.03,20.71,8.0,28342.34,17486.78,0,4.6,2,Cash
ORD202200949,2023-07-31 09:22:04.103419520,2023,7,Q3,Finland,Mumbai,Trains,Petrol,Retail,Dealer,Global Auto,Arun,3,30468.88,91406.63,1.4,1279.69,90126.94,61349.69,28777.24,31.93,10.0,9012.69,4805.5,0,4.4,15,UPI
ORD202200950,2023-07-31 23:57:35.879899920,2023,7,Q3,Denmark,Helsinki,Trucks and Buses,Diesel,Retail,Online,Global Auto,Priya,13,43018.85,559244.99,17.7,98986.36,460258.62,344759.98,115498.65,25.09,18.0,82846.55,10475.27,1,3.2,9,Cash
ORD202200951,2023-08-01 14:33:07.656380320,2023,8,Q3,Philippines,New York,Motorcycles,Hybrid,Corporate,Direct Sales,Prime Motors,Karthik,11,13413.24,147545.69,2.2,3246.01,144299.69,128408.62,15891.07,11.01,10.0,14429.97,2642.98,0,3.8,8,Bank Transfer
ORD202200952,2023-08-02 05:08:39.432860720,2023,8,Q3,Philippines,Sydney,Classic Cars,Diesel,Corporate,Online,Elite Cars,Meera,4,41590.13,166360.51,15.1,25120.44,141240.07,101462.26,39777.81,28.16,18.0,25423.21,4608.22,0,4.7,9,Credit Card
ORD202200953,2023-08-02 19:44:11.209341120,2023,8,Q3,Canada,New York,Motorcycles,Petrol,Retail,Online,Global Auto,Vikram,3,18232.32,54696.97,0.8,437.58,54259.4,45926.55,8332.85,15.36,10.0,5425.94,1466.09,0,4.2,11,Finance
ORD202200954,2023-08-03 10:19:42.985821520,2023,8,Q3,India,London,Motorcycles,Petrol,Retail,Online,City Motors,Priya,3,21708.94,65126.83,6.2,4037.86,61088.96,52015.85,9073.11,14.85,18.0,10996.01,1604.58,0,3.8,3,Credit Card
ORD202200955,2023-08-04 00:55:14.762301920,2023,8,Q3,France,Sydney,Classic Cars,Hybrid,Retail,Dealer,Elite Cars,Rahul,7,78034.19,546239.35,1.6,8739.83,537499.52,428309.43,109190.1,20.31,12.0,64499.94,24371.24,0,3.7,2,Bank Transfer
ORD202200956,2023-08-04 15:30:46.538782320,2023,8,Q3,Norway,Singapore,Vintage Cars,Diesel,Corporate,Dealer,Speed Wheels,Arun,2,28923.31,57846.61,1.3,752.01,57094.61,39511.3,17583.31,30.8,18.0,10277.03,3062.04,0,3.4,11,Finance
ORD202200957,2023-08-05 06:06:18.315262720,2023,8,Q3,Finland,Singapore,Trains,Petrol,Retail,Distributor,Global Auto,Sneha,9,29448.18,265033.64,3.7,9806.24,255227.4,220353.48,34873.92,13.66,8.0,20418.19,10123.37,0,3.7,6,Cash
ORD202200958,2023-08-05 20:41:50.091743120,2023,8,Q3,USA,Madrid,Trucks and Buses,Petrol,Fleet,Dealer,AutoMax,Karthik,7,129630.14,907410.97,8.6,78037.34,829373.63,660761.33,168612.29,20.33,12.0,99524.84,36917.53,0,3.9,3,Cash
ORD202200959,2023-08-06 11:17:21.868223520,2023,8,Q3,Belgium,Manila,Motorcycles,Electric,Government,Dealer,Elite Cars,Priya,14,16055.21,224772.94,7.2,16183.65,208589.29,177067.11,31522.19,15.11,18.0,37546.07,4022.91,0,3.9,3,Bank Transfer
ORD202200960,2023-08-07 01:52:53.644703920,2023,8,Q3,Sweden,Singapore,Motorcycles,Electric,Retail,Direct Sales,City Motors,Arun,15,19728.77,295931.53,2.7,7990.15,287941.38,198494.61,89446.76,31.06,10.0,28794.14,7956.51,1,4.6,10,Cash
ORD202200961,2023-08-07 16:28:25.421184320,2023,8,Q3,France,Paris,Vintage Cars,Petrol,Retail,Online,City Motors,Arun,11,41541.37,456955.09,13.6,62145.89,394809.2,351267.43,43541.77,11.03,18.0,71065.66,14294.52,0,4.0,12,Finance
ORD202200962,2023-08-08 07:03:57.197664720,2023,8,Q3,Japan,London,Trucks and Buses,Hybrid,Corporate,Distributor,Prime Motors,Ananya,7,108152.1,757064.68,6.4,48452.14,708612.54,518213.93,190398.61,26.87,12.0,85033.51,27980.48,0,4.0,12,UPI
ORD202200963,2023-08-08 21:39:28.974145120,2023,8,Q3,Singapore,Brussels,Planes,Diesel,Fleet,Online,Global Auto,Vikram,5,82349.1,411745.49,8.2,33763.13,377982.36,315965.71,62016.66,16.41,18.0,68036.83,19280.07,0,4.8,15,Finance
ORD202200964,2023-08-09 12:15:00.750625520,2023,8,Q3,Finland,Tokyo,Trucks and Buses,Petrol,Retail,Online,Elite Cars,Arun,10,51537.05,515370.48,3.2,16491.86,498878.63,433524.61,65354.02,13.1,12.0,59865.44,25895.81,1,4.2,14,Credit Card
ORD202200965,2023-08-10 02:50:32.527105920,2023,8,Q3,Spain,Sydney,Trucks and Buses,Diesel,Government,Distributor,AutoMax,Arun,14,80152.44,1122134.1,10.1,113335.54,1008798.55,792632.22,216166.33,21.43,10.0,100879.86,39329.08,0,4.0,9,Bank Transfer
ORD202200966,2023-08-10 17:26:04.303586328,2023,8,Q3,Philippines,Mumbai,Trucks and Buses,Hybrid,Retail,Dealer,AutoMax,Sneha,15,42496.3,637444.45,5.1,32509.67,604934.79,505682.4,99252.39,16.41,10.0,60493.48,9460.76,0,4.4,15,UPI
ORD202200967,2023-08-11 08:01:36.080066728,2023,8,Q3,Austria,Helsinki,Trucks and Buses,Electric,Retail,Online,Speed Wheels,Karthik,1,36657.98,36657.98,5.5,2016.19,34641.79,28513.33,6128.46,17.69,8.0,2771.34,1005.15,0,5.0,2,Cash
ORD202200968,2023-08-11 22:37:07.856547128,2023,8,Q3,Germany,Copenhagen,Classic Cars,Diesel,Retail,Distributor,Speed Wheels,Priya,10,87194.95,871949.46,9.3,81091.3,790858.16,678008.92,112849.24,14.27,5.0,39542.91,39953.77,0,3.3,8,Bank Transfer
ORD202200969,2023-08-12 13:12:39.633027528,2023,8,Q3,India,Manila,Planes,Diesel,Corporate,Direct Sales,AutoMax,Karthik,11,123998.55,1363984.05,16.2,220965.42,1143018.63,924055.07,218963.56,19.16,18.0,205743.35,43534.2,0,4.8,5,UPI
ORD202200970,2023-08-13 03:48:11.409507928,2023,8,Q3,Japan,Paris,Classic Cars,Petrol,Government,Online,Speed Wheels,Meera,13,86840.44,1128925.66,12.3,138857.86,990067.8,870232.86,119834.95,12.1,10.0,99006.78,51554.01,1,4.3,4,UPI
ORD202200971,2023-08-13 18:23:43.185988328,2023,8,Q3,Switzerland,Sydney,Planes,Petrol,Retail,Dealer,Elite Cars,Rahul,7,103349.62,723447.36,12.8,92601.26,630846.09,517725.98,113120.12,17.93,5.0,31542.3,18701.21,1,3.3,10,Bank Transfer
ORD202200972,2023-08-14 08:59:14.962468728,2023,8,Q3,Belgium,Vienna,Classic Cars,Hybrid,Retail,Direct Sales,Elite Cars,Karthik,11,41039.52,451434.75,1.2,5417.22,446017.53,359493.43,86524.11,19.4,18.0,80283.16,16404.34,1,4.6,15,Credit Card
ORD202200973,2023-08-14 23:34:46.738949128,2023,8,Q3,Norway,Mumbai,Planes,Petrol,Government,Online,Speed Wheels,Arun,4,61141.77,244567.09,3.7,9048.98,235518.11,171388.98,64129.12,27.23,12.0,28262.17,9562.48,0,4.9,7,UPI
ORD202200974,2023-08-15 14:10:18.515429528,2023,8,Q3,Germany,Rome,Planes,Diesel,Retail,Dealer,AutoMax,Karthik,1,145895.6,145895.6,2.9,4230.97,141664.63,126709.13,14955.5,10.56,10.0,14166.46,5620.48,0,4.1,4,UPI
ORD202200975,2023-08-16 04:45:50.291909928,2023,8,Q3,Spain,Oslo,Vintage Cars,Petrol,Corporate,Direct Sales,Elite Cars,Vikram,9,52184.35,469659.14,4.8,22543.64,447115.5,337034.33,110081.17,24.62,12.0,53653.86,16137.09,0,4.6,7,Finance
ORD202200976,2023-08-16 19:21:22.068390328,2023,8,Q3,Japan,London,Motorcycles,Hybrid,Corporate,Direct Sales,Global Auto,Daniel,9,32897.54,296077.82,13.1,38786.19,257291.62,189374.1,67917.52,26.4,5.0,12864.58,7686.79,1,3.5,2,Finance
ORD202200977,2023-08-17 09:56:53.844870728,2023,8,Q3,India,Brussels,Trucks and Buses,Hybrid,Corporate,Direct Sales,Elite Cars,Sofia,10,95154.01,951540.15,7.6,72317.05,879223.09,621351.45,257871.65,29.33,5.0,43961.15,16270.98,0,3.9,13,Cash
ORD202200978,2023-08-18 00:32:25.621351128,2023,8,Q3,Australia,Mumbai,Motorcycles,Petrol,Fleet,Online,AutoMax,Rahul,10,17517.84,175178.44,16.8,29429.98,145748.46,118822.53,26925.93,18.47,10.0,14574.85,5890.78,0,2.7,9,Credit Card
ORD202200979,2023-08-18 15:07:57.397831528,2023,8,Q3,Spain,Brussels,Trains,Diesel,Retail,Dealer,City Motors,Vikram,14,56811.97,795367.52,4.0,31814.7,763552.82,667388.33,96164.48,12.59,12.0,91626.34,35111.02,0,4.4,12,Bank Transfer
ORD202200980,2023-08-19 05:43:29.174311928,2023,8,Q3,Italy,Manila,Trucks and Buses,Diesel,Retail,Dealer,Prime Motors,Ananya,6,69557.52,417345.13,1.1,4590.8,412754.34,290613.06,122141.28,29.59,18.0,74295.78,13837.69,0,3.9,11,Cash
ORD202200981,2023-08-19 20:19:00.950792328,2023,8,Q3,Austria,Paris,Motorcycles,Hybrid,Government,Online,Speed Wheels,Karthik,11,19738.27,217120.98,9.2,19975.13,197145.85,171186.95,25958.9,13.17,5.0,9857.29,2969.2,0,4.7,7,Cash
ORD202200982,2023-08-20 10:54:32.727272728,2023,8,Q3,USA,Mumbai,Trains,Petrol,Corporate,Dealer,Speed Wheels,Sneha,4,87667.91,350671.66,12.5,43833.96,306837.7,245285.73,61551.98,20.06,18.0,55230.79,11275.56,0,3.5,8,UPI
ORD202200983,2023-08-21 01:30:04.503753128,2023,8,Q3,Denmark,Oslo,Ships,Petrol,Retail,Direct Sales,City Motors,Priya,13,66877.01,869401.17,13.4,116499.76,752901.41,588955.2,163946.21,21.78,18.0,135522.25,40120.19,1,4.7,12,Finance
ORD202200984,2023-08-21 16:05:36.280233528,2023,8,Q3,Denmark,Berlin,Vintage Cars,Petrol,Retail,Online,Speed Wheels,Karthik,12,22579.81,270957.7,15.9,43082.27,227875.43,168542.4,59333.03,26.04,8.0,18230.03,6632.48,0,4.5,9,Cash
ORD202200985,2023-08-22 06:41:08.056713928,2023,8,Q3,Switzerland,Singapore,Ships,Petrol,Government,Dealer,AutoMax,Priya,14,99289.73,1390056.16,15.4,214068.65,1175987.52,934204.27,241783.24,20.56,18.0,211677.75,49491.35,0,3.9,3,Finance
ORD202200986,2023-08-22 21:16:39.833194328,2023,8,Q3,Finland,London,Vintage Cars,Diesel,Retail,Distributor,Prime Motors,Daniel,5,35810.29,179051.47,5.5,9847.83,169203.64,145859.6,23344.04,13.8,5.0,8460.18,8078.5,0,4.1,15,Bank Transfer
ORD202200987,2023-08-23 11:52:11.609674728,2023,8,Q3,Austria,Singapore,Classic Cars,Hybrid,Corporate,Dealer,Prime Motors,Priya,4,44719.43,178877.72,13.5,24148.49,154729.23,121433.41,33295.82,21.52,12.0,18567.51,3093.77,0,4.4,15,Cash
ORD202200988,2023-08-24 02:27:43.386155128,2023,8,Q3,Switzerland,Toronto,Vintage Cars,Diesel,Retail,Dealer,Global Auto,Vikram,7,43265.43,302857.98,4.4,13325.75,289532.23,238859.04,50673.19,17.5,12.0,34743.87,7096.96,0,4.4,12,Finance
ORD202200989,2023-08-24 17:03:15.162635528,2023,8,Q3,Norway,Stockholm,Motorcycles,Petrol,Government,Online,Speed Wheels,Daniel,13,18388.25,239047.22,2.8,6693.32,232353.9,176922.26,55431.64,23.86,10.0,23235.39,6545.89,1,4.2,6,Finance
ORD202200990,2023-08-25 07:38:46.939115936,2023,8,Q3,Australia,Stockholm,Trucks and Buses,Diesel,Corporate,Online,Global Auto,Arun,7,47637.88,333465.16,2.7,9003.56,324461.6,258877.77,65583.84,20.21,18.0,58403.09,15043.15,0,3.2,15,Credit Card
ORD202200991,2023-08-25 22:14:18.715596336,2023,8,Q3,Germany,Helsinki,Classic Cars,Petrol,Retail,Direct Sales,City Motors,Vikram,6,81408.14,488448.83,11.4,55683.17,432765.66,302210.26,130555.4,30.17,8.0,34621.25,9827.03,0,3.1,3,Cash
ORD202200992,2023-08-26 12:49:50.492076736,2023,8,Q3,Norway,Manila,Motorcycles,Diesel,Government,Direct Sales,AutoMax,Sofia,7,15042.12,105294.83,14.6,15373.05,89921.79,66712.51,23209.28,25.81,10.0,8992.18,2406.02,0,4.3,5,Credit Card
ORD202200993,2023-08-27 03:25:22.268557136,2023,8,Q3,Switzerland,Vienna,Trucks and Buses,Petrol,Corporate,Dealer,City Motors,Arun,4,57586.84,230347.35,0.5,1151.74,229195.62,188992.35,40203.27,17.54,10.0,22919.56,11245.96,0,4.4,12,Finance
ORD202200994,2023-08-27 18:00:54.045037536,2023,8,Q3,Italy,London,Trucks and Buses,Diesel,Fleet,Dealer,Elite Cars,Arun,15,73908.26,1108623.86,4.2,46562.2,1062061.66,865945.97,196115.69,18.47,12.0,127447.4,34427.13,0,3.7,3,UPI
ORD202200995,2023-08-28 08:36:25.821517936,2023,8,Q3,Italy,Berlin,Classic Cars,Diesel,Retail,Direct Sales,Prime Motors,Sneha,13,49918.54,648941.01,6.1,39585.4,609355.6,416000.15,193355.45,31.73,5.0,30467.78,32089.26,0,4.2,7,Finance
ORD202200996,2023-08-28 23:11:57.597998336,2023,8,Q3,Germany,New York,Vintage Cars,Electric,Fleet,Distributor,Speed Wheels,Sneha,11,70098.74,771086.18,14.5,111807.5,659278.68,503734.94,155543.75,23.59,12.0,79113.44,22304.74,0,4.2,13,Finance
ORD202200997,2023-08-29 13:47:29.374478736,2023,8,Q3,Italy,Oslo,Classic Cars,Petrol,Government,Online,Elite Cars,Rahul,1,54177.24,54177.24,4.7,2546.33,51630.91,35552.17,16078.74,31.14,8.0,4130.47,2375.73,1,3.6,10,Finance
ORD202200998,2023-08-30 04:23:01.150959136,2023,8,Q3,Sweden,Madrid,Motorcycles,Electric,Retail,Dealer,AutoMax,Sneha,6,12454.09,74724.52,1.8,1345.04,73379.48,50759.56,22619.91,30.83,10.0,7337.95,3476.37,0,4.6,15,Credit Card
ORD202200999,2023-08-30 18:58:32.927439536,2023,8,Q3,India,Berlin,Motorcycles,Hybrid,Fleet,Dealer,City Motors,Karthik,11,31686.53,348551.78,11.2,39037.8,309513.98,234292.47,75221.5,24.3,8.0,24761.12,13937.19,0,4.2,15,Finance
ORD202201000,2023-08-31 09:34:04.703919936,2023,8,Q3,France,Vienna,Vintage Cars,Petrol,Corporate,Direct Sales,AutoMax,Meera,1,61466.04,61466.04,7.4,4548.49,56917.55,48747.42,8170.13,14.35,8.0,4553.4,1347.07,0,3.7,7,Credit Card
ORD202201001,2023-09-01 00:09:36.480400336,2023,9,Q3,Spain,Rome,Vintage Cars,Diesel,Retail,Distributor,Speed Wheels,Meera,5,40703.82,203519.11,17.3,35208.81,168310.3,149513.77,18796.53,11.17,12.0,20197.24,8004.6,0,4.7,5,UPI
ORD202201002,2023-09-01 14:45:08.256880736,2023,9,Q3,Australia,Helsinki,Vintage Cars,Petrol,Corporate,Online,City Motors,Priya,8,31508.63,252069.06,0.6,1512.41,250556.64,207087.82,43468.82,17.35,18.0,45100.2,9293.88,1,3.9,14,Credit Card
ORD202201003,2023-09-02 05:20:40.033361136,2023,9,Q3,France,Berlin,Classic Cars,Petrol,Retail,Dealer,Prime Motors,Karthik,8,52373.65,418989.18,16.8,70390.18,348598.99,260797.66,87801.33,25.19,10.0,34859.9,18356.36,0,4.8,10,Finance
ORD202201004,2023-09-02 19:56:11.809841536,2023,9,Q3,Belgium,Vienna,Ships,Electric,Retail,Online,Speed Wheels,Rahul,12,84902.93,1018835.11,12.1,123279.05,895556.07,612448.98,283107.09,31.61,12.0,107466.73,23101.01,1,4.5,5,Bank Transfer
ORD202201005,2023-09-03 10:31:43.586321936,2023,9,Q3,Norway,Manila,Motorcycles,Electric,Retail,Direct Sales,Global Auto,Vikram,5,17713.11,88565.56,8.2,7262.38,81303.18,70438.43,10864.75,13.36,10.0,8130.32,4381.94,0,3.8,4,Credit Card
ORD202201006,2023-09-04 01:07:15.362802336,2023,9,Q3,France,Rome,Trucks and Buses,Hybrid,Fleet,Dealer,AutoMax,Sofia,7,69435.62,486049.35,8.4,40828.15,445221.2,309230.28,135990.92,30.54,10.0,44522.12,14575.02,1,4.9,10,Bank Transfer
ORD202201007,2023-09-04 15:42:47.139282736,2023,9,Q3,Finland,London,Vintage Cars,Diesel,Retail,Dealer,Global Auto,Daniel,12,32636.2,391634.36,4.8,18798.45,372835.91,304234.78,68601.13,18.4,18.0,67110.46,12326.75,1,4.6,6,UPI
ORD202201008,2023-09-05 06:18:18.915763136,2023,9,Q3,Germany,Madrid,Vintage Cars,Electric,Corporate,Dealer,City Motors,Sneha,14,66150.88,926112.26,1.1,10187.23,915925.03,731478.52,184446.51,20.14,18.0,164866.51,40949.95,0,4.4,12,Credit Card
ORD202201009,2023-09-05 20:53:50.692243536,2023,9,Q3,Singapore,Mumbai,Classic Cars,Hybrid,Retail,Online,AutoMax,Meera,10,38580.68,385806.77,3.0,11574.2,374232.57,289436.51,84796.06,22.66,8.0,29938.61,12781.15,1,4.6,6,Finance
ORD202201010,2023-09-06 11:29:22.468723936,2023,9,Q3,Finland,Paris,Trucks and Buses,Petrol,Fleet,Online,AutoMax,Karthik,3,37921.03,113763.08,0.0,0.0,113763.08,92731.05,21032.02,18.49,12.0,13651.57,3206.44,1,4.4,8,Bank Transfer
ORD202201011,2023-09-07 02:04:54.245204336,2023,9,Q3,Germany,New York,Classic Cars,Diesel,Fleet,Online,Prime Motors,Daniel,4,82850.98,331403.93,9.4,31151.97,300251.96,230549.57,69702.39,23.21,18.0,54045.35,6808.67,0,4.1,7,Bank Transfer
ORD202201012,2023-09-07 16:40:26.021684736,2023,9,Q3,Austria,Manila,Trucks and Buses,Petrol,Fleet,Dealer,AutoMax,Vikram,1,42434.82,42434.82,6.6,2800.7,39634.12,32816.25,6817.87,17.2,10.0,3963.41,1848.6,0,4.2,13,Finance
ORD202201013,2023-09-08 07:15:57.798165136,2023,9,Q3,UK,Tokyo,Classic Cars,Diesel,Government,Direct Sales,Speed Wheels,Sofia,15,76264.46,1143966.88,13.9,159011.4,984955.48,683456.96,301498.52,30.61,18.0,177291.99,31946.13,1,4.4,5,Finance
ORD202201014,2023-09-08 21:51:29.574645544,2023,9,Q3,Canada,Paris,Trucks and Buses,Hybrid,Corporate,Online,Speed Wheels,Vikram,3,53682.24,161046.72,6.1,9823.85,151222.87,111564.86,39658.0,26.22,12.0,18146.74,5039.79,1,4.8,14,Bank Transfer
ORD202201015,2023-09-09 12:27:01.351125944,2023,9,Q3,Philippines,London,Motorcycles,Petrol,Government,Direct Sales,City Motors,Karthik,9,14288.29,128594.61,13.3,17103.08,111491.53,81952.17,29539.36,26.49,12.0,13378.98,5381.74,1,3.6,13,Finance
ORD202201016,2023-09-10 03:02:33.127606344,2023,9,Q3,Canada,London,Motorcycles,Diesel,Fleet,Online,Speed Wheels,Sofia,2,18545.91,37091.82,5.1,1891.68,35200.13,27688.92,7511.21,21.34,18.0,6336.02,1448.61,0,4.4,5,Cash
ORD202201017,2023-09-10 17:38:04.904086744,2023,9,Q3,Germany,Helsinki,Motorcycles,Diesel,Corporate,Dealer,Prime Motors,Karthik,4,28134.68,112538.71,12.0,13504.64,99034.06,69723.16,29310.9,29.6,18.0,17826.13,4363.62,0,4.7,11,UPI
ORD202201018,2023-09-11 08:13:36.680567144,2023,9,Q3,Canada,Brussels,Ships,Petrol,Retail,Online,Speed Wheels,Karthik,9,121455.3,1093097.68,4.7,51375.59,1041722.09,898603.19,143118.9,13.74,10.0,104172.21,28483.11,0,4.8,10,Cash
ORD202201019,2023-09-11 22:49:08.457047544,2023,9,Q3,France,Paris,Classic Cars,Petrol,Government,Online,Prime Motors,Rahul,15,73019.79,1095296.8,1.2,13143.56,1082153.24,953055.21,129098.03,11.93,18.0,194787.58,35694.31,1,4.6,11,Finance
ORD202201020,2023-09-12 13:24:40.233527944,2023,9,Q3,France,Copenhagen,Vintage Cars,Hybrid,Retail,Online,Speed Wheels,Sneha,5,51719.06,258595.31,2.6,6723.48,251871.83,177891.2,73980.63,29.37,10.0,25187.18,11901.82,1,4.4,3,Cash
ORD202201021,2023-09-13 04:00:12.010008344,2023,9,Q3,Sweden,Brussels,Vintage Cars,Diesel,Fleet,Direct Sales,City Motors,Karthik,13,30008.27,390107.52,5.8,22626.24,367481.28,290279.73,77201.55,21.01,18.0,66146.63,15746.1,0,4.1,4,Credit Card
ORD202201022,2023-09-13 18:35:43.786488744,2023,9,Q3,Singapore,Mumbai,Motorcycles,Petrol,Fleet,Online,Speed Wheels,Daniel,5,13807.0,69035.02,13.7,9457.8,59577.22,40722.25,18854.97,31.65,12.0,7149.27,2677.17,0,4.2,15,Credit Card
ORD202201023,2023-09-14 09:11:15.562969144,2023,9,Q3,Spain,Copenhagen,Vintage Cars,Electric,Corporate,Dealer,Global Auto,Priya,6,52165.72,312994.29,2.8,8763.84,304230.45,210287.78,93942.67,30.88,10.0,30423.05,14813.19,0,4.0,10,Finance
ORD202201024,2023-09-14 23:46:47.339449544,2023,9,Q3,Canada,Sydney,Motorcycles,Petrol,Fleet,Dealer,Global Auto,Meera,9,21806.58,196259.21,11.5,22569.81,173689.4,155488.94,18200.46,10.48,8.0,13895.15,8672.92,1,3.9,7,Credit Card
ORD202201025,2023-09-15 14:22:19.115929944,2023,9,Q3,Finland,Singapore,Vintage Cars,Petrol,Government,Dealer,Speed Wheels,Daniel,3,22745.05,68235.14,3.0,2047.05,66188.08,54489.35,11698.74,17.67,18.0,11913.85,2961.4,0,4.0,12,Cash
ORD202201026,2023-09-16 04:57:50.892410344,2023,9,Q3,India,Madrid,Trucks and Buses,Petrol,Retail,Direct Sales,City Motors,Ananya,10,83995.13,839951.3,11.5,96594.4,743356.9,545892.09,197464.82,26.56,18.0,133804.24,21111.4,1,3.7,13,Finance
ORD202201027,2023-09-16 19:33:22.668890744,2023,9,Q3,Japan,Sydney,Vintage Cars,Petrol,Corporate,Direct Sales,Elite Cars,Priya,3,52891.31,158673.92,3.9,6188.28,152485.64,125831.18,26654.46,17.48,12.0,18298.28,5641.77,0,4.2,13,Cash
ORD202201028,2023-09-17 10:08:54.445371144,2023,9,Q3,France,Tokyo,Trains,Petrol,Government,Dealer,AutoMax,Daniel,15,46387.13,695807.0,13.0,90454.91,605352.09,427740.75,177611.34,29.34,5.0,30267.6,28017.58,0,4.7,10,Finance
ORD202201029,2023-09-18 00:44:26.221851544,2023,9,Q3,Australia,Sydney,Vintage Cars,Petrol,Retail,Online,Global Auto,Sofia,2,34055.53,68111.07,16.3,11102.1,57008.96,46511.45,10497.51,18.41,12.0,6841.08,2495.12,1,4.6,15,Bank Transfer
ORD202201030,2023-09-18 15:19:57.998331944,2023,9,Q3,USA,Vienna,Vintage Cars,Petrol,Corporate,Dealer,Prime Motors,Priya,2,76014.76,152029.52,5.6,8513.65,143515.87,97842.08,45673.79,31.82,10.0,14351.59,5392.81,1,4.3,4,Bank Transfer
ORD202201031,2023-09-19 05:55:29.774812344,2023,9,Q3,USA,Copenhagen,Classic Cars,Hybrid,Government,Distributor,Global Auto,Ananya,4,98736.3,394945.19,12.3,48578.26,346366.93,256205.76,90161.17,26.03,18.0,62346.05,16162.34,0,4.2,10,Bank Transfer
ORD202201032,2023-09-19 20:31:01.551292744,2023,9,Q3,UK,Copenhagen,Trucks and Buses,Electric,Corporate,Direct Sales,Speed Wheels,Arun,11,102053.79,1122591.67,1.1,12348.51,1110243.17,847407.04,262836.13,23.67,8.0,88819.45,24579.18,0,4.4,11,Credit Card
ORD202201033,2023-09-20 11:06:33.327773144,2023,9,Q3,Switzerland,Toronto,Planes,Hybrid,Corporate,Dealer,City Motors,Daniel,10,69629.0,696289.97,14.6,101658.34,594631.63,526105.29,68526.34,11.52,18.0,107033.69,32486.16,1,4.7,4,Cash
ORD202201034,2023-09-21 01:42:05.104253544,2023,9,Q3,USA,Singapore,Vintage Cars,Petrol,Retail,Dealer,Speed Wheels,Vikram,14,83412.0,1167768.05,10.0,116776.8,1050991.24,719192.06,331799.18,31.57,12.0,126118.95,44715.98,0,3.1,9,Finance
ORD202201035,2023-09-21 16:17:36.880733944,2023,9,Q3,Japan,Oslo,Classic Cars,Petrol,Retail,Distributor,City Motors,Vikram,10,76207.25,762072.47,7.0,53345.07,708727.39,482757.23,225970.16,31.88,10.0,70872.74,36004.19,0,4.0,12,Cash
ORD202201036,2023-09-22 06:53:08.657214344,2023,9,Q3,Italy,Brussels,Planes,Electric,Retail,Distributor,Global Auto,Arun,6,145307.87,871847.23,12.1,105493.51,766353.71,643466.5,122887.21,16.04,10.0,76635.37,39712.27,0,3.8,13,Bank Transfer
ORD202201037,2023-09-22 21:28:40.433694752,2023,9,Q3,Japan,New York,Ships,Petrol,Fleet,Online,Elite Cars,Rahul,3,125833.87,377501.61,17.0,64175.27,313326.34,265522.53,47803.81,15.26,12.0,37599.16,9042.9,0,3.7,10,UPI
ORD202201038,2023-09-23 12:04:12.210175152,2023,9,Q3,Spain,Toronto,Motorcycles,Hybrid,Retail,Distributor,Speed Wheels,Rahul,14,21815.87,305422.19,11.6,35428.97,269993.21,185205.27,84787.95,31.4,12.0,32399.19,11907.81,1,3.6,4,Bank Transfer
ORD202201039,2023-09-24 02:39:43.986655552,2023,9,Q3,Philippines,London,Vintage Cars,Electric,Corporate,Online,AutoMax,Ananya,13,36067.41,468876.31,12.2,57202.91,411673.4,331585.99,80087.41,19.45,18.0,74101.21,16769.06,1,4.4,15,Bank Transfer
ORD202201040,2023-09-24 17:15:15.763135952,2023,9,Q3,USA,Oslo,Trucks and Buses,Hybrid,Fleet,Dealer,City Motors,Meera,11,110762.93,1218392.18,11.0,134023.14,1084369.04,912325.22,172043.81,15.87,12.0,130124.28,27892.95,0,3.8,8,Cash
ORD202201041,2023-09-25 07:50:47.539616352,2023,9,Q3,Germany,Copenhagen,Motorcycles,Petrol,Fleet,Dealer,AutoMax,Arun,4,36543.34,146173.35,11.4,16663.76,129509.59,116408.59,13101.0,10.12,12.0,15541.15,7069.45,0,5.0,4,UPI
ORD202201042,2023-09-25 22:26:19.316096752,2023,9,Q3,Belgium,Vienna,Vintage Cars,Diesel,Retail,Direct Sales,Speed Wheels,Rahul,5,45688.44,228442.22,10.1,23072.66,205369.56,165176.62,40192.94,19.57,12.0,24644.35,6834.23,0,4.5,8,Credit Card
ORD202201043,2023-09-26 13:01:51.092577152,2023,9,Q3,Canada,Singapore,Trucks and Buses,Petrol,Fleet,Online,Global Auto,Ananya,10,73749.97,737499.67,10.9,80387.46,657112.21,569306.06,87806.15,13.36,10.0,65711.22,35974.74,0,3.8,2,UPI
ORD202201044,2023-09-27 03:37:22.869057552,2023,9,Q3,Germany,Copenhagen,Ships,Electric,Retail,Distributor,Prime Motors,Vikram,13,153278.59,1992621.7,0.5,9963.11,1982658.59,1667570.48,315088.11,15.89,10.0,198265.86,39113.41,0,3.9,8,Bank Transfer
ORD202201045,2023-09-27 18:12:54.645537952,2023,9,Q3,Singapore,Singapore,Motorcycles,Petrol,Retail,Direct Sales,AutoMax,Rahul,1,21255.38,21255.38,14.8,3145.8,18109.58,13178.6,4930.98,27.23,5.0,905.48,433.43,1,4.3,14,Finance
ORD202201046,2023-09-28 08:48:26.422018352,2023,9,Q3,UK,London,Vintage Cars,Hybrid,Retail,Dealer,AutoMax,Sofia,7,66113.04,462791.29,12.3,56923.33,405867.97,310210.08,95657.88,23.57,10.0,40586.8,15423.04,1,4.2,8,Cash
ORD202201047,2023-09-28 23:23:58.198498752,2023,9,Q3,Austria,Madrid,Motorcycles,Hybrid,Retail,Direct Sales,Elite Cars,Ananya,2,17935.51,35871.02,4.5,1614.2,34256.83,26058.7,8198.13,23.93,12.0,4110.82,1003.82,0,4.6,15,Credit Card
ORD202201048,2023-09-29 13:59:29.974979152,2023,9,Q3,USA,Paris,Trucks and Buses,Diesel,Retail,Distributor,City Motors,Karthik,1,117038.96,117038.96,0.3,351.12,116687.84,91554.13,25133.71,21.54,5.0,5834.39,4121.74,0,3.9,9,Credit Card
ORD202201049,2023-09-30 04:35:01.751459552,2023,9,Q3,Belgium,Mumbai,Trucks and Buses,Petrol,Fleet,Dealer,Elite Cars,Priya,9,63540.7,571866.33,12.1,69195.83,502670.51,451247.88,51422.63,10.23,12.0,60320.46,12552.36,0,4.6,5,Cash
ORD202201050,2023-09-30 19:10:33.527939952,2023,9,Q3,Spain,Stockholm,Vintage Cars,Petrol,Fleet,Direct Sales,Speed Wheels,Karthik,7,45891.63,321241.42,1.3,4176.14,317065.28,218948.86,98116.42,30.95,8.0,25365.22,12500.08,0,4.7,7,UPI
ORD202201051,2023-10-01 09:46:05.304420352,2023,10,Q4,Spain,Berlin,Vintage Cars,Hybrid,Retail,Direct Sales,Global Auto,Ananya,14,37801.32,529218.53,12.1,64035.44,465183.08,417975.98,47207.11,10.15,10.0,46518.31,20742.28,0,3.8,12,Finance
ORD202201052,2023-10-02 00:21:37.080900752,2023,10,Q4,Germany,Vienna,Motorcycles,Petrol,Retail,Direct Sales,AutoMax,Ananya,5,24590.14,122950.71,6.2,7622.94,115327.76,94130.46,21197.3,18.38,18.0,20759.0,2913.91,0,3.1,13,Cash
ORD202201053,2023-10-02 14:57:08.857381152,2023,10,Q4,Spain,Berlin,Motorcycles,Electric,Fleet,Dealer,Speed Wheels,Rahul,14,24095.0,337329.95,4.3,14505.19,322824.76,278152.03,44672.73,13.84,12.0,38738.97,16805.96,0,4.1,15,Bank Transfer
ORD202201054,2023-10-03 05:32:40.633861552,2023,10,Q4,USA,Paris,Motorcycles,Electric,Retail,Dealer,Speed Wheels,Priya,3,28813.77,86441.32,16.9,14608.58,71832.74,51365.65,20467.09,28.49,12.0,8619.93,3077.14,0,3.5,13,Finance
ORD202201055,2023-10-03 20:08:12.410341952,2023,10,Q4,Germany,Stockholm,Vintage Cars,Diesel,Retail,Distributor,Prime Motors,Sneha,4,47364.47,189457.87,0.7,1326.21,188131.66,155635.43,32496.23,17.27,18.0,33863.7,7976.91,1,3.9,7,Credit Card
ORD202201056,2023-10-04 10:43:44.186822352,2023,10,Q4,India,Vienna,Motorcycles,Petrol,Retail,Online,Prime Motors,Arun,14,26619.73,372676.27,15.9,59255.53,313420.74,278924.55,34496.19,11.01,5.0,15671.04,5080.9,0,3.7,7,Cash
ORD202201057,2023-10-05 01:19:15.963302752,2023,10,Q4,Australia,Madrid,Vintage Cars,Electric,Government,Dealer,City Motors,Meera,12,48135.66,577627.87,1.4,8086.79,569541.08,485395.57,84145.51,14.77,12.0,68344.93,24310.26,0,3.6,10,Cash
ORD202201058,2023-10-05 15:54:47.739783152,2023,10,Q4,Denmark,London,Classic Cars,Electric,Retail,Online,Prime Motors,Arun,4,35474.99,141899.96,12.7,18021.3,123878.67,95371.77,28506.9,23.01,12.0,14865.44,3935.19,0,3.7,10,Cash
ORD202201059,2023-10-06 06:30:19.516263552,2023,10,Q4,Denmark,Tokyo,Classic Cars,Electric,Fleet,Dealer,Elite Cars,Sofia,3,36986.3,110958.9,12.5,13869.86,97089.03,74101.98,22987.05,23.68,10.0,9708.9,4364.6,0,4.7,11,UPI
ORD202201060,2023-10-06 21:05:51.292743952,2023,10,Q4,Finland,Zurich,Motorcycles,Petrol,Retail,Distributor,Prime Motors,Sneha,3,12359.25,37077.74,7.3,2706.67,34371.06,30508.96,3862.1,11.24,18.0,6186.79,697.49,1,2.6,2,Bank Transfer
ORD202201061,2023-10-07 11:41:23.069224360,2023,10,Q4,Canada,Helsinki,Motorcycles,Hybrid,Corporate,Online,Prime Motors,Sneha,8,16697.5,133580.03,1.4,1870.12,131709.91,94514.45,37195.46,28.24,12.0,15805.19,6259.1,0,3.3,7,Credit Card
ORD202201062,2023-10-08 02:16:54.845704760,2023,10,Q4,India,Tokyo,Classic Cars,Hybrid,Corporate,Dealer,Prime Motors,Ananya,8,91440.35,731522.77,12.3,89977.3,641545.47,452746.92,188798.54,29.43,12.0,76985.46,18410.6,0,4.6,3,Cash
ORD202201063,2023-10-08 16:52:26.622185160,2023,10,Q4,Belgium,Manila,Motorcycles,Petrol,Retail,Dealer,Elite Cars,Meera,5,20310.15,101550.76,6.8,6905.45,94645.31,64752.5,29892.81,31.58,18.0,17036.16,1688.46,0,4.5,6,Bank Transfer
ORD202201064,2023-10-09 07:27:58.398665560,2023,10,Q4,Austria,Helsinki,Motorcycles,Diesel,Corporate,Online,Global Auto,Priya,10,13988.17,139881.68,14.1,19723.32,120158.36,89913.71,30244.65,25.17,5.0,6007.92,4856.65,0,3.6,3,Credit Card
ORD202201065,2023-10-09 22:03:30.175145960,2023,10,Q4,Belgium,Zurich,Trucks and Buses,Hybrid,Retail,Dealer,City Motors,Priya,5,65904.35,329521.73,11.0,36247.39,293274.34,200505.89,92768.45,31.63,18.0,52789.38,5583.59,0,4.6,10,Cash
ORD202201066,2023-10-10 12:39:01.951626360,2023,10,Q4,Italy,Toronto,Vintage Cars,Electric,Retail,Dealer,Speed Wheels,Rahul,3,43533.67,130601.0,2.0,2612.02,127988.98,101121.52,26867.46,20.99,18.0,23038.02,4253.1,0,4.4,15,UPI
ORD202201067,2023-10-11 03:14:33.728106760,2023,10,Q4,Sweden,Tokyo,Motorcycles,Electric,Government,Distributor,AutoMax,Arun,13,15788.76,205253.82,2.1,4310.33,200943.49,173088.99,27854.49,13.86,10.0,20094.35,10218.58,0,4.6,5,Cash
ORD202201068,2023-10-11 17:50:05.504587160,2023,10,Q4,Japan,Rome,Vintage Cars,Petrol,Retail,Online,City Motors,Meera,15,48888.56,733328.37,9.9,72599.51,660728.86,593316.0,67412.86,10.2,18.0,118931.2,33904.59,0,3.8,15,Bank Transfer
ORD202201069,2023-10-12 08:25:37.281067560,2023,10,Q4,Germany,Zurich,Trucks and Buses,Petrol,Corporate,Online,Prime Motors,Rahul,15,85620.77,1284311.61,6.2,79627.32,1204684.29,821182.53,383501.76,31.83,8.0,96374.74,34762.32,1,3.5,3,Bank Transfer
ORD202201070,2023-10-12 23:01:09.057547960,2023,10,Q4,Norway,Tokyo,Vintage Cars,Petrol,Fleet,Online,Speed Wheels,Rahul,13,29298.48,380880.28,6.1,23233.7,357646.58,243262.4,114384.19,31.98,10.0,35764.66,14561.0,0,4.4,5,Credit Card
ORD202201071,2023-10-13 13:36:40.834028360,2023,10,Q4,Japan,Tokyo,Motorcycles,Electric,Fleet,Direct Sales,Elite Cars,Rahul,12,26632.14,319585.73,8.0,25566.86,294018.87,208319.46,85699.41,29.15,12.0,35282.26,13948.96,0,4.7,3,Cash
ORD202201072,2023-10-14 04:12:12.610508760,2023,10,Q4,Norway,Madrid,Trucks and Buses,Hybrid,Retail,Dealer,Prime Motors,Arun,10,59110.98,591109.77,8.1,47879.89,543229.88,446338.7,96891.18,17.84,8.0,43458.39,15411.94,1,2.8,4,Cash
ORD202201073,2023-10-14 18:47:44.386989160,2023,10,Q4,USA,Helsinki,Trucks and Buses,Petrol,Retail,Dealer,Global Auto,Karthik,13,117924.6,1533019.81,6.8,104245.35,1428774.47,1114080.36,314694.1,22.03,12.0,171452.94,59214.87,0,3.7,9,Cash
ORD202201074,2023-10-15 09:23:16.163469560,2023,10,Q4,Norway,London,Planes,Diesel,Retail,Online,City Motors,Vikram,4,59144.48,236577.93,10.0,23657.79,212920.14,160366.2,52553.94,24.68,12.0,25550.42,8572.56,0,4.4,7,Cash
ORD202201075,2023-10-15 23:58:47.939949960,2023,10,Q4,Philippines,Helsinki,Vintage Cars,Petrol,Government,Online,Elite Cars,Vikram,6,35954.46,215726.76,8.8,18983.96,196742.81,134379.86,62362.95,31.7,10.0,19674.28,6993.21,0,3.1,10,Credit Card
ORD202201076,2023-10-16 14:34:19.716430360,2023,10,Q4,Sweden,Manila,Trucks and Buses,Petrol,Government,Direct Sales,Global Auto,Meera,10,51197.84,511978.43,14.2,72700.94,439277.5,336633.59,102643.91,23.37,18.0,79069.95,14874.44,0,3.4,14,Credit Card
ORD202201077,2023-10-17 05:09:51.492910760,2023,10,Q4,Germany,Zurich,Ships,Petrol,Fleet,Dealer,Prime Motors,Sneha,14,98260.13,1375641.82,4.2,57776.96,1317864.86,1094611.45,223253.42,16.94,8.0,105429.19,52778.35,0,4.3,4,Credit Card
ORD202201078,2023-10-17 19:45:23.269391160,2023,10,Q4,France,Mumbai,Trucks and Buses,Petrol,Fleet,Dealer,Speed Wheels,Daniel,14,65306.06,914284.87,2.2,20114.27,894170.6,717145.18,177025.43,19.8,5.0,44708.53,40604.62,0,3.8,2,Cash
ORD202201079,2023-10-18 10:20:55.045871560,2023,10,Q4,USA,Zurich,Vintage Cars,Diesel,Retail,Dealer,Prime Motors,Sofia,5,65553.04,327765.18,13.8,45231.59,282533.58,218627.01,63906.57,22.62,8.0,22602.69,12944.92,1,3.8,12,UPI
ORD202201080,2023-10-19 00:56:26.822351960,2023,10,Q4,Finland,London,Planes,Electric,Fleet,Dealer,Speed Wheels,Vikram,10,91663.11,916631.13,6.9,63247.55,853383.58,635124.43,218259.15,25.58,18.0,153609.04,12844.38,0,3.1,15,Finance
ORD202201081,2023-10-19 15:31:58.598832360,2023,10,Q4,Canada,Manila,Vintage Cars,Petrol,Fleet,Online,Global Auto,Karthik,13,37094.6,482229.79,15.1,72816.7,409413.09,348198.14,61214.95,14.95,10.0,40941.31,19040.4,1,3.8,7,Finance
ORD202201082,2023-10-20 06:07:30.375312760,2023,10,Q4,Australia,Zurich,Trucks and Buses,Petrol,Corporate,Direct Sales,Speed Wheels,Priya,4,59718.06,238872.25,2.4,5732.93,233139.32,207435.2,25704.12,11.03,8.0,18651.15,10266.3,0,3.9,4,Bank Transfer
ORD202201083,2023-10-20 20:43:02.151793160,2023,10,Q4,Denmark,Stockholm,Vintage Cars,Hybrid,Retail,Dealer,Speed Wheels,Priya,4,23137.27,92549.07,8.9,8236.87,84312.2,72828.84,11483.36,13.62,12.0,10117.46,1455.81,0,3.6,2,Cash
ORD202201084,2023-10-21 11:18:33.928273560,2023,10,Q4,USA,Toronto,Ships,Diesel,Corporate,Direct Sales,AutoMax,Sofia,7,114353.09,800471.61,0.4,3201.89,797269.73,602937.59,194332.14,24.37,10.0,79726.97,41932.68,0,4.4,10,UPI
ORD202201085,2023-10-22 01:54:05.704753968,2023,10,Q4,Japan,Madrid,Trains,Diesel,Retail,Online,AutoMax,Karthik,14,68411.04,957754.59,13.4,128339.11,829415.47,566866.98,262548.49,31.65,8.0,66353.24,19856.79,0,2.6,7,UPI
ORD202201086,2023-10-22 16:29:37.481234368,2023,10,Q4,France,Toronto,Motorcycles,Petrol,Corporate,Direct Sales,Speed Wheels,Meera,14,26070.49,364986.9,1.3,4744.83,360242.07,316731.79,43510.27,12.08,10.0,36024.21,6931.5,0,3.9,13,Finance
ORD202201087,2023-10-23 07:05:09.257714768,2023,10,Q4,USA,Oslo,Classic Cars,Petrol,Retail,Dealer,Speed Wheels,Priya,1,85858.03,85858.03,11.7,10045.39,75812.64,67098.52,8714.12,11.49,10.0,7581.26,3876.62,0,4.6,9,Cash
ORD202201088,2023-10-23 21:40:41.034195168,2023,10,Q4,Japan,Toronto,Vintage Cars,Hybrid,Corporate,Direct Sales,Prime Motors,Vikram,10,60320.26,603202.6,9.7,58510.65,544691.95,450130.31,94561.64,17.36,12.0,65363.03,26099.37,0,3.9,9,UPI
ORD202201089,2023-10-24 12:16:12.810675568,2023,10,Q4,Singapore,Vienna,Vintage Cars,Petrol,Fleet,Distributor,Prime Motors,Rahul,14,28836.41,403709.68,1.3,5248.23,398461.45,320204.82,78256.64,19.64,5.0,19923.07,18966.17,0,3.0,11,Finance
ORD202201090,2023-10-25 02:51:44.587155968,2023,10,Q4,Austria,Toronto,Classic Cars,Petrol,Corporate,Online,AutoMax,Rahul,7,56366.0,394561.97,9.1,35905.14,358656.83,247740.49,110916.34,30.93,10.0,35865.68,13826.6,0,3.5,11,UPI
ORD202201091,2023-10-25 17:27:16.363636368,2023,10,Q4,France,Madrid,Trucks and Buses,Hybrid,Fleet,Direct Sales,AutoMax,Sofia,11,64980.38,714784.22,10.2,72907.99,641876.23,568296.85,73579.38,11.46,10.0,64187.62,24416.17,0,4.7,12,Bank Transfer
ORD202201092,2023-10-26 08:02:48.140116768,2023,10,Q4,Norway,Vienna,Vintage Cars,Diesel,Retail,Online,AutoMax,Priya,1,23809.71,23809.71,13.8,3285.74,20523.97,14295.51,6228.46,30.35,18.0,3694.31,1033.85,0,4.5,15,Credit Card
ORD202201093,2023-10-26 22:38:19.916597168,2023,10,Q4,Germany,Tokyo,Classic Cars,Hybrid,Government,Online,Global Auto,Ananya,12,86209.56,1034514.71,16.7,172763.96,861750.75,623188.9,238561.85,27.68,10.0,86175.08,19336.19,0,3.7,10,UPI
ORD202201094,2023-10-27 13:13:51.693077568,2023,10,Q4,Norway,Tokyo,Vintage Cars,Diesel,Government,Online,AutoMax,Arun,3,25405.38,76216.14,5.2,3963.24,72252.9,50273.56,21979.34,30.42,18.0,13005.52,1945.04,1,4.1,5,Finance
ORD202201095,2023-10-28 03:49:23.469557968,2023,10,Q4,Sweden,Manila,Trains,Petrol,Retail,Direct Sales,Speed Wheels,Vikram,5,44953.03,224765.14,4.4,9889.67,214875.47,176209.16,38666.31,17.99,5.0,10743.77,7894.58,1,3.8,7,Credit Card
ORD202201096,2023-10-28 18:24:55.246038368,2023,10,Q4,Singapore,New York,Classic Cars,Electric,Fleet,Dealer,Elite Cars,Rahul,3,43630.02,130890.05,10.4,13612.57,117277.48,98815.16,18462.32,15.74,10.0,11727.75,5764.71,0,3.9,13,Bank Transfer
ORD202201097,2023-10-29 09:00:27.022518768,2023,10,Q4,Austria,Copenhagen,Motorcycles,Diesel,Fleet,Direct Sales,Global Auto,Daniel,5,18704.99,93524.96,2.3,2151.07,91373.89,80907.76,10466.12,11.45,10.0,9137.39,3288.15,0,4.5,12,Cash
ORD202201098,2023-10-29 23:35:58.798999168,2023,10,Q4,USA,Copenhagen,Trucks and Buses,Petrol,Government,Dealer,AutoMax,Ananya,6,118179.0,709074.02,12.4,87925.18,621148.84,519812.68,101336.16,16.31,18.0,111806.79,33882.52,0,4.1,15,Finance
ORD202201099,2023-10-30 14:11:30.575479568,2023,10,Q4,Spain,Copenhagen,Vintage Cars,Petrol,Retail,Dealer,Speed Wheels,Sneha,10,53043.27,530432.74,13.9,73730.15,456702.59,383209.83,73492.76,16.09,12.0,54804.31,19100.35,0,4.2,13,Credit Card
ORD202201100,2023-10-31 04:47:02.351959968,2023,10,Q4,Germany,Sydney,Planes,Diesel,Fleet,Dealer,Global Auto,Arun,6,185603.3,1113619.82,2.4,26726.88,1086892.94,862282.38,224610.56,20.67,10.0,108689.29,29167.7,0,4.3,7,Finance
ORD202201101,2023-10-31 19:22:34.128440368,2023,10,Q4,Switzerland,Oslo,Vintage Cars,Diesel,Retail,Online,Elite Cars,Meera,14,29722.02,416108.23,11.9,49516.88,366591.35,280879.46,85711.89,23.38,8.0,29327.31,10709.19,0,4.7,12,Credit Card
ORD202201102,2023-11-01 09:58:05.904920768,2023,11,Q4,Norway,Toronto,Classic Cars,Electric,Retail,Distributor,AutoMax,Meera,3,43343.5,130030.5,14.9,19374.54,110655.95,97538.18,13117.78,11.85,8.0,8852.48,3795.58,1,3.7,11,Bank Transfer
ORD202201103,2023-11-02 00:33:37.681401168,2023,11,Q4,Japan,Brussels,Trucks and Buses,Petrol,Corporate,Online,AutoMax,Arun,6,85907.67,515446.02,17.1,88141.27,427304.75,371131.72,56173.02,13.15,10.0,42730.47,13137.82,0,4.2,5,UPI
ORD202201104,2023-11-02 15:09:09.457881568,2023,11,Q4,USA,Paris,Classic Cars,Petrol,Retail,Online,AutoMax,Vikram,7,96000.39,672002.73,0.4,2688.01,669314.72,526439.6,142875.13,21.35,12.0,80317.77,29821.42,1,3.6,9,Finance
ORD202201105,2023-11-03 05:44:41.234361968,2023,11,Q4,Spain,Oslo,Trucks and Buses,Petrol,Corporate,Online,AutoMax,Arun,3,47674.66,143023.99,3.5,5005.84,138018.15,107649.96,30368.18,22.0,8.0,11041.45,3828.33,0,4.1,13,Credit Card
ORD202201106,2023-11-03 20:20:13.010842368,2023,11,Q4,USA,Vienna,Trucks and Buses,Petrol,Fleet,Online,Elite Cars,Meera,6,123851.83,743110.97,13.3,98833.76,644277.21,492309.68,151967.53,23.59,10.0,64427.72,16997.21,0,4.3,6,Cash
ORD202201107,2023-11-04 10:55:44.787322768,2023,11,Q4,Spain,Madrid,Classic Cars,Diesel,Government,Dealer,Speed Wheels,Meera,9,46169.58,415526.21,11.9,49447.62,366078.6,312100.75,53977.85,14.74,5.0,18303.93,6336.07,0,4.1,13,Finance
ORD202201108,2023-11-05 01:31:16.563803168,2023,11,Q4,Finland,Rome,Motorcycles,Electric,Corporate,Dealer,City Motors,Sofia,10,16227.17,162271.66,7.2,11683.56,150588.1,133383.44,17204.65,11.42,5.0,7529.4,6329.71,0,3.9,10,Finance
ORD202201109,2023-11-05 16:06:48.340283576,2023,11,Q4,USA,Zurich,Classic Cars,Petrol,Corporate,Distributor,Global Auto,Arun,13,94548.35,1229128.61,10.1,124141.99,1104986.62,848259.86,256726.76,23.23,12.0,132598.39,34556.87,0,4.8,12,Bank Transfer
ORD202201110,2023-11-06 06:42:20.116763976,2023,11,Q4,Spain,Paris,Vintage Cars,Hybrid,Government,Dealer,Prime Motors,Sneha,11,34548.33,380031.66,3.5,13301.11,366730.55,253700.91,113029.64,30.82,10.0,36673.05,15925.55,0,4.7,8,Finance
ORD202201111,2023-11-06 21:17:51.893244376,2023,11,Q4,Austria,Paris,Trucks and Buses,Hybrid,Fleet,Online,AutoMax,Arun,3,42280.46,126841.37,11.2,14206.23,112635.14,85358.85,27276.29,24.22,5.0,5631.76,4085.99,0,4.7,14,Credit Card
ORD202201112,2023-11-07 11:53:23.669724776,2023,11,Q4,Germany,Oslo,Trucks and Buses,Electric,Corporate,Online,Global Auto,Vikram,12,96940.56,1163286.71,7.8,90736.36,1072550.35,956299.51,116250.84,10.84,12.0,128706.04,48542.15,0,4.9,4,Cash
ORD202201113,2023-11-08 02:28:55.446205176,2023,11,Q4,Singapore,Madrid,Ships,Petrol,Retail,Online,Speed Wheels,Karthik,13,80036.41,1040473.35,8.1,84278.34,956195.0,796162.73,160032.28,16.74,18.0,172115.1,38569.93,0,4.0,4,Cash
ORD202201114,2023-11-08 17:04:27.222685576,2023,11,Q4,Norway,Manila,Trucks and Buses,Diesel,Corporate,Direct Sales,Elite Cars,Daniel,14,55760.18,780642.53,9.4,73380.4,707262.13,550786.8,156475.33,22.12,10.0,70726.21,23723.69,1,4.1,3,Credit Card
ORD202201115,2023-11-09 07:39:58.999165976,2023,11,Q4,Singapore,Vienna,Motorcycles,Diesel,Fleet,Dealer,City Motors,Ananya,1,18935.39,18935.39,8.0,1514.83,17420.56,13000.67,4419.89,25.37,10.0,1742.06,794.32,0,3.9,3,Finance
ORD202201116,2023-11-09 22:15:30.775646376,2023,11,Q4,Austria,Brussels,Trains,Petrol,Retail,Dealer,City Motors,Sneha,7,38776.95,271438.62,15.9,43158.74,228279.88,203068.2,25211.68,11.04,12.0,27393.59,11386.75,0,4.2,13,Bank Transfer
ORD202201117,2023-11-10 12:51:02.552126776,2023,11,Q4,Italy,Madrid,Vintage Cars,Diesel,Fleet,Direct Sales,Elite Cars,Karthik,2,49661.98,99323.97,17.1,16984.4,82339.57,73114.2,9225.37,11.2,8.0,6587.17,4428.94,0,3.4,2,UPI
ORD202201118,2023-11-11 03:26:34.328607176,2023,11,Q4,Belgium,Copenhagen,Classic Cars,Diesel,Retail,Direct Sales,Global Auto,Vikram,14,43127.59,603786.28,1.6,9660.58,594125.7,466762.25,127363.45,21.44,18.0,106942.63,17754.24,1,4.1,5,UPI
ORD202201119,2023-11-11 18:02:06.105087576,2023,11,Q4,India,Rome,Trains,Petrol,Retail,Online,City Motors,Sneha,13,70860.83,921190.73,4.6,42374.77,878815.95,788258.82,90557.13,10.3,10.0,87881.6,17102.47,0,3.8,4,Finance
ORD202201120,2023-11-12 08:37:37.881567976,2023,11,Q4,Denmark,Manila,Classic Cars,Hybrid,Retail,Direct Sales,Global Auto,Rahul,12,34347.92,412175.07,5.7,23493.98,388681.09,315234.46,73446.63,18.9,10.0,38868.11,14317.25,1,3.3,9,Finance
ORD202201121,2023-11-12 23:13:09.658048376,2023,11,Q4,Belgium,New York,Vintage Cars,Petrol,Retail,Direct Sales,City Motors,Meera,2,44814.0,89627.99,6.9,6184.33,83443.66,69847.77,13595.89,16.29,18.0,15019.86,1381.62,0,4.2,6,Credit Card
ORD202201122,2023-11-13 13:48:41.434528776,2023,11,Q4,Spain,Brussels,Trucks and Buses,Diesel,Retail,Dealer,Prime Motors,Meera,5,62720.39,313601.95,11.8,37005.03,276596.92,247148.15,29448.77,10.65,12.0,33191.63,7966.14,0,3.1,9,Bank Transfer
ORD202201123,2023-11-14 04:24:13.211009176,2023,11,Q4,UK,Vienna,Trains,Diesel,Retail,Direct Sales,City Motors,Priya,4,74093.43,296373.72,4.9,14522.31,281851.4,244637.08,37214.32,13.2,18.0,50733.25,9434.23,0,3.8,15,Cash
ORD202201124,2023-11-14 18:59:44.987489576,2023,11,Q4,Austria,Mumbai,Planes,Electric,Fleet,Distributor,Elite Cars,Priya,15,91041.13,1365616.97,13.6,185723.91,1179893.06,864532.87,315360.19,26.73,18.0,212380.75,48106.54,1,3.6,4,Cash
ORD202201125,2023-11-15 09:35:16.763969976,2023,11,Q4,UK,Singapore,Vintage Cars,Petrol,Corporate,Direct Sales,Prime Motors,Daniel,14,51784.02,724976.31,17.2,124695.93,600280.39,487637.76,112642.62,18.77,10.0,60028.04,10205.79,0,4.8,14,Credit Card
ORD202201126,2023-11-16 00:10:48.540450376,2023,11,Q4,UK,Stockholm,Motorcycles,Diesel,Retail,Direct Sales,Global Auto,Rahul,7,19203.22,134422.54,14.6,19625.69,114796.85,87377.11,27419.75,23.89,10.0,11479.69,4128.27,0,5.0,14,UPI
ORD202201127,2023-11-16 14:46:20.316930776,2023,11,Q4,UK,Rome,Vintage Cars,Hybrid,Fleet,Dealer,AutoMax,Arun,6,52784.92,316709.5,5.1,16152.18,300557.32,244834.61,55722.71,18.54,10.0,30055.73,5945.81,0,4.2,15,Cash
ORD202201128,2023-11-17 05:21:52.093411176,2023,11,Q4,India,Sydney,Planes,Diesel,Fleet,Direct Sales,City Motors,Rahul,8,136441.61,1091532.9,3.1,33837.52,1057695.38,863078.13,194617.25,18.4,12.0,126923.45,46314.63,0,3.3,4,Finance
ORD202201129,2023-11-17 19:57:23.869891576,2023,11,Q4,Finland,Singapore,Motorcycles,Petrol,Corporate,Dealer,AutoMax,Ananya,10,17161.38,171613.78,8.0,13729.1,157884.68,131704.17,26180.51,16.58,10.0,15788.47,5372.4,0,4.1,5,Credit Card
ORD202201130,2023-11-18 10:32:55.646371976,2023,11,Q4,Australia,Copenhagen,Ships,Hybrid,Fleet,Dealer,AutoMax,Vikram,1,69048.62,69048.62,15.0,10357.29,58691.33,48519.5,10171.83,17.33,8.0,4695.31,1476.78,1,4.2,13,Credit Card
ORD202201131,2023-11-19 01:08:27.422852376,2023,11,Q4,Japan,Singapore,Vintage Cars,Electric,Retail,Online,Speed Wheels,Karthik,8,46247.46,369979.72,7.6,28118.46,341861.26,266891.02,74970.24,21.93,10.0,34186.13,6539.82,0,4.4,4,Finance
ORD202201132,2023-11-19 15:43:59.199332776,2023,11,Q4,Austria,Copenhagen,Classic Cars,Electric,Corporate,Dealer,Prime Motors,Sneha,9,57116.91,514052.23,1.5,7710.78,506341.44,403298.83,103042.61,20.35,18.0,91141.46,12108.16,0,4.9,6,Credit Card
ORD202201133,2023-11-20 06:19:30.975813184,2023,11,Q4,Philippines,Paris,Trucks and Buses,Hybrid,Corporate,Online,Prime Motors,Meera,4,45527.6,182110.38,15.5,28227.11,153883.27,135253.9,18629.37,12.11,10.0,15388.33,3800.35,0,4.3,3,Credit Card
ORD202201134,2023-11-20 20:55:02.752293584,2023,11,Q4,USA,Manila,Planes,Petrol,Corporate,Online,Elite Cars,Daniel,5,158422.55,792112.75,10.1,80003.39,712109.36,622277.93,89831.43,12.61,12.0,85453.12,34554.71,0,5.0,5,Bank Transfer
ORD202201135,2023-11-21 11:30:34.528773984,2023,11,Q4,Australia,Berlin,Planes,Hybrid,Corporate,Dealer,AutoMax,Sneha,12,110049.14,1320589.64,5.9,77914.79,1242674.85,895467.17,347207.68,27.94,5.0,62133.74,61826.21,0,3.8,3,Finance
ORD202201136,2023-11-22 02:06:06.305254384,2023,11,Q4,Italy,Rome,Motorcycles,Petrol,Corporate,Online,Speed Wheels,Ananya,14,23300.38,326205.35,15.2,49583.21,276622.14,233428.11,43194.03,15.61,12.0,33194.66,8036.47,0,3.5,10,Finance
ORD202201137,2023-11-22 16:41:38.081734784,2023,11,Q4,Italy,London,Vintage Cars,Petrol,Retail,Dealer,Global Auto,Meera,2,55058.43,110116.87,7.7,8479.0,101637.87,80994.42,20643.45,20.31,10.0,10163.79,3705.58,0,4.6,15,Finance
ORD202201138,2023-11-23 07:17:09.858215184,2023,11,Q4,Spain,Zurich,Ships,Petrol,Retail,Distributor,Global Auto,Karthik,1,85688.37,85688.37,2.5,2142.21,83546.17,62498.91,21047.26,25.19,12.0,10025.54,1372.39,0,4.0,4,UPI
ORD202201139,2023-11-23 21:52:41.634695584,2023,11,Q4,Norway,Tokyo,Trains,Petrol,Fleet,Dealer,Prime Motors,Vikram,11,26308.59,289394.49,13.1,37910.68,251483.81,174966.65,76517.16,30.43,10.0,25148.38,4413.16,0,4.1,3,Bank Transfer
ORD202201140,2023-11-24 12:28:13.411175984,2023,11,Q4,Belgium,Berlin,Trucks and Buses,Electric,Corporate,Direct Sales,Speed Wheels,Daniel,2,44332.2,88664.4,7.4,6561.17,82103.23,66055.63,16047.61,19.55,5.0,4105.16,3058.29,1,4.0,11,Finance
ORD202201141,2023-11-25 03:03:45.187656384,2023,11,Q4,Italy,Paris,Trucks and Buses,Petrol,Fleet,Direct Sales,AutoMax,Rahul,7,79298.46,555089.25,16.3,90479.55,464609.7,354174.69,110435.01,23.77,8.0,37168.78,10700.38,1,4.0,3,Bank Transfer
ORD202201142,2023-11-25 17:39:16.964136784,2023,11,Q4,Germany,Vienna,Motorcycles,Petrol,Retail,Dealer,AutoMax,Karthik,1,36218.24,36218.24,1.0,362.18,35856.06,31934.77,3921.29,10.94,10.0,3585.61,1876.2,0,3.6,9,Cash
ORD202201143,2023-11-26 08:14:48.740617184,2023,11,Q4,Denmark,Vienna,Vintage Cars,Diesel,Corporate,Distributor,Prime Motors,Daniel,1,23526.28,23526.28,16.2,3811.26,19715.02,17051.26,2663.76,13.51,18.0,3548.7,708.84,0,4.2,15,Finance
ORD202201144,2023-11-26 22:50:20.517097584,2023,11,Q4,Austria,Oslo,Classic Cars,Petrol,Retail,Online,AutoMax,Daniel,8,38611.89,308895.1,6.8,21004.87,287890.24,238989.21,48901.03,16.99,18.0,51820.24,13948.2,1,4.0,13,Cash
ORD202201145,2023-11-27 13:25:52.293577984,2023,11,Q4,France,Toronto,Vintage Cars,Hybrid,Retail,Direct Sales,Global Auto,Priya,5,42188.54,210942.69,2.2,4640.74,206301.95,150639.29,55662.66,26.98,10.0,20630.2,5381.79,0,3.0,11,Credit Card
ORD202201146,2023-11-28 04:01:24.070058384,2023,11,Q4,Sweden,Singapore,Classic Cars,Electric,Government,Dealer,Elite Cars,Meera,8,53845.59,430764.7,2.8,12061.41,418703.28,368547.68,50155.6,11.98,5.0,20935.16,20248.26,0,3.9,15,UPI
ORD202201147,2023-11-28 18:36:55.846538784,2023,11,Q4,Norway,New York,Classic Cars,Diesel,Government,Online,City Motors,Karthik,5,37263.21,186316.04,0.6,1117.9,185198.15,166150.94,19047.21,10.28,18.0,33335.67,4095.5,0,3.7,3,UPI
ORD202201148,2023-11-29 09:12:27.623019184,2023,11,Q4,Spain,Tokyo,Classic Cars,Petrol,Fleet,Direct Sales,Global Auto,Vikram,13,62124.59,807619.65,11.7,94491.5,713128.15,635683.78,77444.38,10.86,10.0,71312.82,38716.72,1,4.1,4,Bank Transfer
ORD202201149,2023-11-29 23:47:59.399499584,2023,11,Q4,France,Stockholm,Trains,Diesel,Retail,Dealer,Prime Motors,Vikram,12,65102.17,781225.98,8.5,66404.21,714821.78,591749.75,123072.03,17.22,8.0,57185.74,38895.4,0,4.0,3,Cash
ORD202201150,2023-11-30 14:23:31.175979984,2023,11,Q4,Canada,Stockholm,Classic Cars,Petrol,Retail,Online,AutoMax,Daniel,4,58079.33,232317.3,14.2,32989.06,199328.25,164470.38,34857.87,17.49,10.0,19932.82,5029.52,1,3.7,3,Credit Card
ORD202201151,2023-12-01 04:59:02.952460384,2023,12,Q4,USA,Oslo,Classic Cars,Petrol,Fleet,Dealer,AutoMax,Sofia,10,102826.43,1028264.34,9.1,93572.05,934692.28,772243.02,162449.26,17.38,10.0,93469.23,28160.64,0,4.4,14,Credit Card
ORD202201152,2023-12-01 19:34:34.728940784,2023,12,Q4,Spain,Manila,Vintage Cars,Diesel,Retail,Direct Sales,Speed Wheels,Meera,1,43800.4,43800.4,15.7,6876.66,36923.74,27986.73,8937.01,24.2,12.0,4430.85,609.68,1,3.2,9,Finance
ORD202201153,2023-12-02 10:10:06.505421184,2023,12,Q4,USA,Sydney,Classic Cars,Electric,Fleet,Dealer,AutoMax,Rahul,10,98452.0,984519.99,6.9,67931.88,916588.11,675893.93,240694.19,26.26,12.0,109990.57,47885.44,0,3.8,5,Bank Transfer
ORD202201154,2023-12-03 00:45:38.281901584,2023,12,Q4,Italy,Tokyo,Vintage Cars,Electric,Corporate,Dealer,City Motors,Priya,4,40122.26,160489.02,10.1,16209.39,144279.63,98922.46,45357.17,31.44,8.0,11542.37,2844.34,1,5.0,3,Finance
ORD202201155,2023-12-03 15:21:10.058381984,2023,12,Q4,Canada,Manila,Vintage Cars,Petrol,Retail,Distributor,Global Auto,Vikram,10,47866.42,478664.22,6.4,30634.51,448029.71,370694.36,77335.35,17.26,18.0,80645.35,17644.2,0,4.5,4,Finance
ORD202201156,2023-12-04 05:56:41.834862392,2023,12,Q4,USA,Singapore,Ships,Diesel,Retail,Dealer,AutoMax,Vikram,13,162591.98,2113695.7,12.5,264211.96,1849483.74,1375293.86,474189.88,25.64,18.0,332907.07,92461.61,0,3.0,13,Credit Card
ORD202201157,2023-12-04 20:32:13.611342792,2023,12,Q4,Finland,Rome,Classic Cars,Diesel,Government,Dealer,Prime Motors,Vikram,13,32111.78,417453.12,8.4,35066.06,382387.06,270628.4,111758.66,29.23,10.0,38238.71,12644.02,0,3.6,4,UPI
ORD202201158,2023-12-05 11:07:45.387823192,2023,12,Q4,Singapore,Tokyo,Trains,Petrol,Retail,Direct Sales,Speed Wheels,Daniel,12,47839.41,574072.9,4.1,23536.99,550535.91,418007.37,132528.54,24.07,18.0,99096.46,10402.42,0,4.4,5,UPI
ORD202201159,2023-12-06 01:43:17.164303592,2023,12,Q4,UK,Zurich,Motorcycles,Petrol,Corporate,Online,City Motors,Daniel,13,20841.0,270932.95,14.8,40098.08,230834.88,188967.66,41867.22,18.14,8.0,18466.79,9406.0,0,4.2,10,Cash
ORD202201160,2023-12-06 16:18:48.940783992,2023,12,Q4,Norway,Copenhagen,Trains,Diesel,Government,Online,Global Auto,Arun,9,27381.01,246429.1,6.5,16017.89,230411.21,197828.3,32582.92,14.14,18.0,41474.02,9017.72,0,5.0,6,Bank Transfer
ORD202201161,2023-12-07 06:54:20.717264392,2023,12,Q4,India,Rome,Vintage Cars,Electric,Corporate,Dealer,Prime Motors,Sneha,6,51771.69,310630.15,4.3,13357.1,297273.05,237675.75,59597.3,20.05,10.0,29727.31,5468.31,0,3.4,2,Cash
ORD202201162,2023-12-07 21:29:52.493744792,2023,12,Q4,India,Sydney,Motorcycles,Petrol,Government,Dealer,City Motors,Arun,5,27906.69,139533.47,12.7,17720.75,121812.72,91442.21,30370.51,24.93,18.0,21926.29,1945.3,0,3.8,13,Cash
ORD202201163,2023-12-08 12:05:24.270225192,2023,12,Q4,Canada,Oslo,Vintage Cars,Electric,Retail,Online,Elite Cars,Meera,7,49101.58,343711.08,3.4,11686.18,332024.9,263339.46,68685.44,20.69,10.0,33202.49,6966.34,0,3.8,2,Cash
ORD202201164,2023-12-09 02:40:56.046705592,2023,12,Q4,Canada,Oslo,Trucks and Buses,Electric,Fleet,Dealer,Speed Wheels,Daniel,9,65229.95,587069.51,6.7,39333.66,547735.86,466602.56,81133.3,14.81,12.0,65728.3,25631.35,1,3.9,15,UPI
ORD202201165,2023-12-09 17:16:27.823185992,2023,12,Q4,Italy,Oslo,Vintage Cars,Petrol,Retail,Direct Sales,Speed Wheels,Priya,2,33651.63,67303.26,17.2,11576.16,55727.1,43583.77,12143.33,21.79,12.0,6687.25,1765.09,0,4.7,9,UPI
ORD202201166,2023-12-10 07:51:59.599666392,2023,12,Q4,Singapore,Singapore,Trucks and Buses,Petrol,Corporate,Direct Sales,AutoMax,Rahul,5,53608.7,268043.5,2.8,7505.22,260538.28,210176.68,50361.6,19.33,12.0,31264.59,11043.18,0,3.7,15,Credit Card
ORD202201167,2023-12-10 22:27:31.376146792,2023,12,Q4,Sweden,Copenhagen,Planes,Petrol,Retail,Dealer,City Motors,Meera,2,112146.45,224292.9,17.7,39699.84,184593.05,145327.05,39266.0,21.27,10.0,18459.31,7724.36,0,4.1,10,Bank Transfer
ORD202201168,2023-12-11 13:03:03.152627192,2023,12,Q4,Italy,Helsinki,Motorcycles,Electric,Retail,Direct Sales,Elite Cars,Meera,7,25522.12,178654.84,7.3,13041.8,165613.03,124280.57,41332.47,24.96,18.0,29810.35,4544.78,0,3.8,4,Bank Transfer
ORD202201169,2023-12-12 03:38:34.929107592,2023,12,Q4,Singapore,New York,Classic Cars,Petrol,Retail,Direct Sales,City Motors,Arun,1,47271.54,47271.54,5.6,2647.21,44624.33,40085.01,4539.32,10.17,5.0,2231.22,900.36,1,4.7,5,Credit Card
ORD202201170,2023-12-12 18:14:06.705587992,2023,12,Q4,India,Vienna,Vintage Cars,Electric,Retail,Direct Sales,City Motors,Sofia,11,48537.42,533911.67,16.0,85425.87,448485.8,388038.37,60447.44,13.48,8.0,35878.86,11554.01,0,3.4,10,Bank Transfer
ORD202201171,2023-12-13 08:49:38.482068392,2023,12,Q4,India,Zurich,Planes,Hybrid,Fleet,Dealer,City Motors,Ananya,1,143853.06,143853.06,13.4,19276.31,124576.75,85655.27,38921.48,31.24,12.0,14949.21,6381.29,0,4.3,7,Cash
ORD202201172,2023-12-13 23:25:10.258548792,2023,12,Q4,Italy,Singapore,Motorcycles,Petrol,Retail,Dealer,City Motors,Vikram,14,18603.61,260450.54,0.6,1562.7,258887.83,223053.49,35834.34,13.84,18.0,46599.81,14040.1,0,4.2,4,Credit Card
ORD202201173,2023-12-14 14:00:42.035029192,2023,12,Q4,India,Berlin,Vintage Cars,Electric,Retail,Online,Speed Wheels,Sofia,2,64313.18,128626.37,3.7,4759.18,123867.19,88674.42,35192.77,28.41,8.0,9909.38,2024.51,1,4.1,7,Cash
ORD202201174,2023-12-15 04:36:13.811509592,2023,12,Q4,Canada,Rome,Vintage Cars,Electric,Fleet,Dealer,Global Auto,Rahul,7,52459.41,367215.9,0.6,2203.3,365012.6,272544.38,92468.22,25.33,18.0,65702.27,16570.66,0,4.9,3,Bank Transfer
ORD202201175,2023-12-15 19:11:45.587989992,2023,12,Q4,India,Zurich,Trains,Petrol,Retail,Direct Sales,Global Auto,Ananya,4,52644.05,210576.19,2.3,4843.25,205732.94,155264.53,50468.4,24.53,10.0,20573.29,5499.72,0,4.2,4,Cash
ORD202201176,2023-12-16 09:47:17.364470392,2023,12,Q4,Germany,Manila,Trucks and Buses,Electric,Government,Dealer,Prime Motors,Sofia,6,102550.46,615302.75,15.1,92910.72,522392.04,409444.55,112947.49,21.62,10.0,52239.2,21903.36,0,3.9,2,Bank Transfer
ORD202201177,2023-12-17 00:22:49.140950792,2023,12,Q4,Italy,Copenhagen,Classic Cars,Electric,Government,Dealer,Global Auto,Vikram,4,49033.81,196135.23,17.3,33931.39,162203.83,138651.27,23552.56,14.52,18.0,29196.69,7801.53,0,3.8,14,Bank Transfer
ORD202201178,2023-12-17 14:58:20.917431192,2023,12,Q4,France,New York,Vintage Cars,Petrol,Retail,Online,AutoMax,Priya,8,41246.76,329974.07,17.4,57415.49,272558.58,244257.86,28300.73,10.38,18.0,49060.55,6816.74,0,5.0,14,Cash
ORD202201179,2023-12-18 05:33:52.693911592,2023,12,Q4,Germany,Toronto,Classic Cars,Petrol,Corporate,Online,Global Auto,Ananya,12,68335.24,820022.84,15.0,123003.43,697019.41,516653.82,180365.59,25.88,12.0,83642.33,10967.97,0,4.5,6,Bank Transfer
ORD202201180,2023-12-18 20:09:24.470392000,2023,12,Q4,Spain,Vienna,Vintage Cars,Hybrid,Fleet,Dealer,AutoMax,Sneha,15,43717.48,655762.26,13.3,87216.38,568545.88,480790.33,87755.55,15.44,10.0,56854.59,19915.07,0,4.2,5,Cash
ORD202201181,2023-12-19 10:44:56.246872400,2023,12,Q4,Switzerland,Mumbai,Classic Cars,Hybrid,Retail,Online,AutoMax,Ananya,2,57564.98,115129.96,0.1,115.13,115014.83,85952.58,29062.25,25.27,12.0,13801.78,5220.4,0,3.0,12,Finance
ORD202201182,2023-12-20 01:20:28.023352800,2023,12,Q4,Belgium,Rome,Vintage Cars,Electric,Retail,Dealer,AutoMax,Meera,4,34712.95,138851.79,14.4,19994.66,118857.13,93634.87,25222.25,21.22,18.0,21394.28,3262.32,0,4.1,10,Bank Transfer
ORD202201183,2023-12-20 15:55:59.799833200,2023,12,Q4,Sweden,Vienna,Vintage Cars,Petrol,Retail,Online,Prime Motors,Sofia,1,29924.54,29924.54,16.4,4907.62,25016.91,17985.75,7031.16,28.11,10.0,2501.69,991.46,1,3.6,2,Credit Card
ORD202201184,2023-12-21 06:31:31.576313600,2023,12,Q4,Philippines,Paris,Motorcycles,Electric,Government,Dealer,Speed Wheels,Daniel,4,16304.89,65219.58,7.4,4826.25,60393.33,49633.38,10759.94,17.82,8.0,4831.47,2866.86,1,4.3,12,Cash
ORD202201185,2023-12-21 21:07:03.352794000,2023,12,Q4,Canada,Helsinki,Motorcycles,Electric,Corporate,Online,Global Auto,Vikram,11,23690.02,260590.22,14.2,37003.81,223586.41,198242.89,25343.52,11.34,10.0,22358.64,7279.02,0,4.0,14,Credit Card
ORD202201186,2023-12-22 11:42:35.129274400,2023,12,Q4,Italy,Berlin,Planes,Hybrid,Corporate,Direct Sales,Speed Wheels,Priya,4,97298.3,389193.19,0.8,3113.55,386079.64,277877.72,108201.92,28.03,10.0,38607.96,13172.75,0,4.0,8,Credit Card
ORD202201187,2023-12-23 02:18:06.905754800,2023,12,Q4,Philippines,Toronto,Planes,Petrol,Corporate,Distributor,Speed Wheels,Karthik,1,69820.6,69820.6,5.3,3700.49,66120.1,50193.7,15926.4,24.09,8.0,5289.61,2145.45,0,4.5,5,Cash
ORD202201188,2023-12-23 16:53:38.682235200,2023,12,Q4,Denmark,Manila,Planes,Petrol,Corporate,Dealer,City Motors,Sofia,1,74773.22,74773.22,9.7,7253.0,67520.22,48169.41,19350.81,28.66,18.0,12153.64,2003.3,1,3.7,8,Cash
ORD202201189,2023-12-24 07:29:10.458715600,2023,12,Q4,Norway,New York,Trucks and Buses,Diesel,Retail,Dealer,Speed Wheels,Priya,10,53168.89,531688.92,6.3,33496.4,498192.52,403121.15,95071.37,19.08,10.0,49819.25,24551.51,0,4.6,15,Credit Card
ORD202201190,2023-12-24 22:04:42.235196000,2023,12,Q4,USA,Manila,Trucks and Buses,Electric,Government,Direct Sales,Speed Wheels,Rahul,13,88887.97,1155543.65,2.3,26577.5,1128966.15,930387.94,198578.2,17.59,12.0,135475.94,29349.44,1,5.0,14,Finance
ORD202201191,2023-12-25 12:40:14.011676400,2023,12,Q4,Canada,Oslo,Trucks and Buses,Hybrid,Government,Dealer,Elite Cars,Sneha,14,81546.58,1141652.16,12.3,140423.22,1001228.95,844932.8,156296.15,15.61,12.0,120147.47,32439.66,0,4.3,8,UPI
ORD202201192,2023-12-26 03:15:45.788156800,2023,12,Q4,France,Zurich,Trucks and Buses,Petrol,Government,Direct Sales,AutoMax,Karthik,10,60530.11,605301.1,13.5,81715.65,523585.45,460515.49,63069.96,12.05,12.0,62830.25,16447.17,0,4.4,8,UPI
ORD202201193,2023-12-26 17:51:17.564637200,2023,12,Q4,Switzerland,Toronto,Classic Cars,Petrol,Corporate,Distributor,City Motors,Sneha,4,48468.2,193872.8,16.7,32376.76,161496.04,137245.38,24250.66,15.02,12.0,19379.53,6180.12,0,4.5,7,Finance
ORD202201194,2023-12-27 08:26:49.341117600,2023,12,Q4,Germany,London,Ships,Electric,Fleet,Dealer,Speed Wheels,Meera,12,149025.89,1788310.65,10.6,189560.93,1598749.72,1357706.03,241043.69,15.08,18.0,287774.95,74042.43,1,4.8,6,Bank Transfer
ORD202201195,2023-12-27 23:02:21.117598000,2023,12,Q4,Singapore,Tokyo,Motorcycles,Diesel,Retail,Dealer,Global Auto,Meera,7,14640.66,102484.65,10.5,10760.89,91723.76,68007.36,23716.41,25.86,8.0,7337.9,1938.81,0,5.0,4,Credit Card
ORD202201196,2023-12-28 13:37:52.894078400,2023,12,Q4,Canada,Manila,Trucks and Buses,Petrol,Retail,Dealer,City Motors,Karthik,8,54170.65,433365.24,4.6,19934.8,413430.44,306339.82,107090.62,25.9,18.0,74417.48,9776.26,0,4.0,3,Bank Transfer
ORD202201197,2023-12-29 04:13:24.670558800,2023,12,Q4,USA,Mumbai,Classic Cars,Electric,Corporate,Direct Sales,Prime Motors,Sneha,4,94591.44,378365.77,5.5,20810.12,357555.65,307049.12,50506.53,14.13,12.0,42906.68,16800.73,0,3.5,14,Cash
ORD202201198,2023-12-29 18:48:56.447039200,2023,12,Q4,Norway,Stockholm,Trains,Petrol,Retail,Direct Sales,Prime Motors,Sneha,6,36525.12,219150.69,12.7,27832.14,191318.55,137330.37,53988.18,28.22,12.0,22958.23,5819.0,0,4.5,9,Credit Card
ORD202201199,2023-12-30 09:24:28.223519600,2023,12,Q4,Sweden,Helsinki,Trucks and Buses,Petrol,Corporate,Online,Speed Wheels,Arun,9,38864.02,349776.17,5.6,19587.47,330188.71,273568.97,56619.74,17.15,18.0,59433.97,9181.34,1,4.3,13,Credit Card
ORD202201200,2023-12-31 00:00:00.000000000,2023,12,Q4,Singapore,Tokyo,Motorcycles,Petrol,Fleet,Dealer,Speed Wheels,Karthik,15,14114.79,211721.86,6.9,14608.81,197113.06,161607.98,35505.07,18.01,10.0,19711.31,3137.85,0,4.5,4,Finance
